{
  "type": "FeatureCollection",
  "features": [
    {
      "type": "Feature",
      "id": "recphDpI3OGifNqC7",
      "geometry": {
        "type": "Point",
        "coordinates": [
          96.712933,
          62.917018
        ]
      },
      "properties": {
        "region_iso": "RU-CHE",
        "name": "ГБУЗ «Областная клиническая специализированная психоневрологическая больница №1» г. Челябинска",
        "ovdInfo_ovdInfo_location_id": "recphDpI3OGifNqC7"
      }
    },
    {
      "type": "Feature",
      "id": "rec94fUsDpc6lpg94",
      "geometry": {
        "type": "Point",
        "coordinates": [
          96.712933,
          62.917018
        ]
      },
      "properties": {
        "region_iso": "RU-MOW",
        "name": "ГБУЗ г. Москвы «Психиатрическая клиническая больница № 1 им. Н.А. Алексеева ДЗМ»",
        "ovdInfo_ovdInfo_location_id": "rec94fUsDpc6lpg94"
      }
    },
    {
      "type": "Feature",
      "id": "recubbp1ihHX20dkn",
      "geometry": {
        "type": "Point",
        "coordinates": [
          37.630212,
          55.247606
        ]
      },
      "properties": {
        "region_iso": "RU-MOS",
        "name": "ГБУЗ ПКБ-5 ДЗМ",
        "ovdInfo_ovdInfo_location_id": "recubbp1ihHX20dkn"
      }
    },
    {
      "type": "Feature",
      "id": "rec2SIvwVQZO1T8Pq",
      "geometry": {
        "type": "Point",
        "coordinates": [
          96.712933,
          62.917018
        ]
      },
      "properties": {
        "region_iso": "RU-NIZ",
        "name": "БУ ОПНБ-1",
        "ovdInfo_ovdInfo_location_id": "rec2SIvwVQZO1T8Pq"
      }
    },
    {
      "type": "Feature",
      "id": "recEGv0yc1VoslgJx",
      "geometry": {
        "type": "Point",
        "coordinates": [
          96.712933,
          62.917018
        ]
      },
      "properties": {
        "region_iso": "RU-AST",
        "name": "ГУЗ \"Областная клиническая психиатрическая больница\" Министерства здравоохранения Астраханской области",
        "ovdInfo_ovdInfo_location_id": "recEGv0yc1VoslgJx"
      }
    },
    {
      "type": "Feature",
      "id": "recIpD260aAXP0hSc",
      "geometry": {
        "type": "Point",
        "coordinates": [
          38.864956,
          45.052563
        ]
      },
      "properties": {
        "skladsizo_food_ordering_available": false,
        "skladsizo_payment_available": true,
        "skladsizo_product_delivery_available": false,
        "zt_is_maintenance": false,
        "fsinzak_id": "https://fsinzak-money.ru/catalog/krasnodarskiy-kray/ik-14-g-krasnodar/",
        "rodnayasvyaz_mail_connected": true,
        "fsinpress_id": "fsinpress-Краснодарский край-ИК-14",
        "region_iso": "RU-KDA",
        "name": "ФКУ ИК-14 УФСИН России по Краснодарскому Краю",
        "ovdInfo_ovdInfo_location_id": "recIpD260aAXP0hSc"
      }
    },
    {
      "type": "Feature",
      "id": "recTR8laugpiy1SjL",
      "geometry": {
        "type": "Point",
        "coordinates": [
          66.4332,
          66.665411
        ]
      },
      "properties": {
        "zt_is_maintenance": true,
        "fsinzak_id": "https://fsinzak-money.ru/catalog/yamalo-neneckiy/ik-8-g-labytnangi/",
        "rodnayasvyaz_mail_connected": true,
        "rodnayasvyaz_phone_video_connected": true,
        "fsinpress_id": "fsinpress-Ямало-Ненецкий автономный округ-ИК-8",
        "region_iso": "RU-YAN",
        "name": "ФКУ ИК-8 УФСИН России по Ямало-Ненецкому автономному округу",
        "ovdInfo_ovdInfo_location_id": "recTR8laugpiy1SjL"
      }
    },
    {
      "type": "Feature",
      "id": "reczzLBDn87crCgDQ",
      "geometry": {
        "type": "Point",
        "coordinates": [
          39.677835,
          44.424549
        ]
      },
      "properties": {
        "skladsizo_food_ordering_available": false,
        "skladsizo_payment_available": true,
        "skladsizo_product_delivery_available": false,
        "zt_is_maintenance": false,
        "fsinzak_id": "https://fsinzak-money.ru/catalog/krasnodarskiy-kray/ik-5-g-apsheronsk/",
        "rodnayasvyaz_mail_connected": true,
        "fsinpress_id": "fsinpress-Краснодарский край-ИК-5",
        "ariadna_normalized_ariadna_name": "ФКУ ИК-5",
        "region_iso": "RU-KDA",
        "name": "ФКУ ИК-5 УФСИН России по Краснодарскому Краю",
        "ovdInfo_ovdInfo_location_id": "reczzLBDn87crCgDQ"
      }
    },
    {
      "type": "Feature",
      "id": "recZ3XaXZnX6sgnnv",
      "geometry": {
        "type": "Point",
        "coordinates": [
          38.355331,
          46.006829
        ]
      },
      "properties": {
        "skladsizo_food_ordering_available": false,
        "skladsizo_payment_available": true,
        "skladsizo_product_delivery_available": false,
        "zt_is_maintenance": false,
        "f_pismo_source_f_pismo_allowSending": "true",
        "fsinzak_id": "https://fsinzak-money.ru/catalog/krasnodarskiy-kray/ik-11-p-ahtarskiy/",
        "rodnayasvyaz_mail_connected": true,
        "fsinpress_id": "fsinpress-Краснодарский край-ИК-11",
        "prisonmail_key": "IK11Ahtarskij",
        "region_iso": "RU-KDA",
        "name": "ФКУ ИК-11 УФСИН России по Краснодарскому Краю",
        "ovdInfo_ovdInfo_location_id": "recZ3XaXZnX6sgnnv"
      }
    },
    {
      "type": "Feature",
      "id": "rec4aU4FKp301P2Jo",
      "geometry": {
        "type": "Point",
        "coordinates": [
          39.794417,
          45.26805
        ]
      },
      "properties": {
        "skladsizo_food_ordering_available": false,
        "skladsizo_payment_available": true,
        "skladsizo_product_delivery_available": false,
        "zt_is_maintenance": false,
        "fsinzak_id": "https://fsinzak-money.ru/catalog/krasnodarskiy-kray/ik-2-p-dvubratskiy/",
        "rodnayasvyaz_mail_connected": true,
        "fsinpress_id": "fsinpress-Краснодарский край-ИК-2",
        "region_iso": "RU-KDA",
        "name": "ФКУ ИК-2 УФСИН России по Краснодарскому Краю",
        "ovdInfo_ovdInfo_location_id": "rec4aU4FKp301P2Jo"
      }
    },
    {
      "type": "Feature",
      "id": "recp1elcVNtG0Yfro",
      "geometry": {
        "type": "Point",
        "coordinates": [
          39.808552,
          45.296807
        ]
      },
      "properties": {
        "skladsizo_food_ordering_available": false,
        "skladsizo_payment_available": true,
        "skladsizo_product_delivery_available": false,
        "zt_is_maintenance": false,
        "fsinzak_id": "https://fsinzak-money.ru/catalog/krasnodarskiy-kray/ik-3-p-dvubratskiy/",
        "rodnayasvyaz_mail_connected": true,
        "rodnayasvyaz_phone_video_connected": true,
        "fsinpress_id": "fsinpress-Краснодарский край-ИК-3",
        "region_iso": "RU-KDA",
        "name": "ФКУ ИК-3 УФСИН России по Краснодарскому Краю",
        "ovdInfo_ovdInfo_location_id": "recp1elcVNtG0Yfro"
      }
    },
    {
      "type": "Feature",
      "id": "recu24RTsNYWkqdD7",
      "geometry": {
        "type": "Point",
        "coordinates": [
          39.796225,
          45.300437
        ]
      },
      "properties": {
        "skladsizo_food_ordering_available": false,
        "skladsizo_payment_available": true,
        "skladsizo_product_delivery_available": false,
        "zt_is_maintenance": false,
        "fsinzak_id": "https://fsinzak-money.ru/catalog/krasnodarskiy-kray/ik-6-p-dvubratskiy/",
        "rodnayasvyaz_mail_connected": true,
        "fsinpress_id": "fsinpress-Краснодарский край-ИК-6",
        "region_iso": "RU-KDA",
        "name": "ФКУ ИК-6 УФСИН России по Краснодарскому Краю",
        "ovdInfo_ovdInfo_location_id": "recu24RTsNYWkqdD7"
      }
    },
    {
      "type": "Feature",
      "id": "rec6VFA8MTsxRhCJ8",
      "geometry": {
        "type": "Point",
        "coordinates": [
          65.796347,
          66.819129
        ]
      },
      "properties": {
        "zt_is_maintenance": false,
        "fsinzak_id": "https://fsinzak-money.ru/catalog/yamalo-neneckiy/ik-3-p-harp/",
        "fsinpress_id": "fsinpress-Ямало-Ненецкий автономный округ-ИК-3",
        "region_iso": "RU-YAN",
        "name": "ФКУ ИК-3 УФСИН России по Ямало-Ненецкому автономному округу",
        "ovdInfo_ovdInfo_location_id": "rec6VFA8MTsxRhCJ8"
      }
    },
    {
      "type": "Feature",
      "id": "recuA3bviyHUA6gE5",
      "geometry": {
        "type": "Point",
        "coordinates": [
          65.792699,
          66.805458
        ]
      },
      "properties": {
        "zt_is_maintenance": false,
        "fsinzak_id": "https://fsinzak-money.ru/catalog/yamalo-neneckiy/ik-18-polyarnaya-sova/",
        "rodnayasvyaz_mail_connected": true,
        "rodnayasvyaz_phone_video_connected": true,
        "fsinpress_id": "fsinpress-Ямало-Ненецкий автономный округ-ИК-18",
        "region_iso": "RU-YAN",
        "name": "ФКУ ИК-18 УФСИН России по Ямало-Ненецкому автономному округу",
        "ovdInfo_ovdInfo_location_id": "recuA3bviyHUA6gE5"
      }
    },
    {
      "type": "Feature",
      "id": "recrO8CZrDc4e7eNu",
      "geometry": {
        "type": "Point",
        "coordinates": [
          30.277618,
          59.926151
        ]
      },
      "properties": {
        "region_iso": "RU-SPE",
        "name": "СПб ГКУЗ \"Городская психиатрическая больница №6 (стационар с диспансером)\"",
        "ovdInfo_ovdInfo_location_id": "recrO8CZrDc4e7eNu"
      }
    },
    {
      "type": "Feature",
      "id": "recvyzXl2ORBzxTjw",
      "geometry": {
        "type": "Point",
        "coordinates": [
          37.588018,
          55.740689
        ]
      },
      "properties": {
        "region_iso": "RU-MOW",
        "name": "ФГБУ «НМИЦ психиатрии и наркологии им. В.П. Сербского» Минздрава России",
        "ovdInfo_ovdInfo_location_id": "recvyzXl2ORBzxTjw"
      }
    },
    {
      "type": "Feature",
      "id": "recwkoMNw0YpTVBPQ",
      "geometry": {
        "type": "Point",
        "coordinates": [
          53.740976,
          63.569902
        ]
      },
      "properties": {
        "skladsizo_food_ordering_available": false,
        "skladsizo_payment_available": true,
        "skladsizo_product_delivery_available": false,
        "fsinzak_id": "https://fsinzak-money.ru/catalog/resp-komi/ik-19-g-uhta/",
        "AO_name": "Коми ФКЛПУ Б-18",
        "region_iso": "RU-KO",
        "name": "ФКЛПУ Б-18 УФСИН России по Республике Коми",
        "ovdInfo_ovdInfo_location_id": "recwkoMNw0YpTVBPQ"
      }
    },
    {
      "type": "Feature",
      "id": "recmTCztmIt64YK9E",
      "geometry": {
        "type": "Point",
        "coordinates": [
          92.830267,
          56.028996
        ]
      },
      "properties": {
        "skladsizo_food_ordering_available": false,
        "skladsizo_payment_available": true,
        "skladsizo_product_delivery_available": false,
        "zt_is_maintenance": false,
        "fsinzak_id": "https://fsinzak-money.ru/catalog/krasnoyarskiy-kray/ktb-1-g-krasnoyarsk/",
        "fsinpress_id": "fsinpress-Красноярский край-КТБ-1",
        "region_iso": "RU-KYA",
        "name": "ФКЛПУ КТБ-1 УФСИН России по Красноярскому краю",
        "ovdInfo_ovdInfo_location_id": "recmTCztmIt64YK9E"
      }
    },
    {
      "type": "Feature",
      "id": "recmszPvCtTpW8y6J",
      "geometry": {
        "type": "Point",
        "coordinates": [
          83.739536,
          53.310141
        ]
      },
      "properties": {
        "skladsizo_food_ordering_available": false,
        "skladsizo_payment_available": true,
        "skladsizo_product_delivery_available": false,
        "zt_is_maintenance": false,
        "fsinzak_id": "https://fsinzak-money.ru/catalog/altayskiy-kray/tuber-bolnica-g-barnaul/",
        "promservice_id": "promservice-49",
        "fsinpress_id": "fsinpress-Алтайский край-КТБ-12",
        "region_iso": "RU-ALT",
        "name": "ФКЛПУ КТБ-12 УФСИН России по Алтайскому краю",
        "ovdInfo_ovdInfo_location_id": "recmszPvCtTpW8y6J"
      }
    },
    {
      "type": "Feature",
      "id": "rec7EB335eJiW8jHC",
      "geometry": {
        "type": "Point",
        "coordinates": [
          39.915715,
          59.206803
        ]
      },
      "properties": {
        "skladsizo_food_ordering_available": false,
        "skladsizo_payment_available": true,
        "skladsizo_product_delivery_available": false,
        "f_pismo_source_f_pismo_allowSending": "true",
        "fsinzak_id": "https://fsinzak-money.ru/catalog/vologodskaya-oblast/fklpu-mb-10-mezhobl-bolnica/",
        "promservice_id": "promservice-257",
        "region_iso": "RU-VLG",
        "name": "ФКЛПУ МБ-10 УФСИН России по Вологодской области",
        "ovdInfo_ovdInfo_location_id": "rec7EB335eJiW8jHC"
      }
    },
    {
      "type": "Feature",
      "id": "rech50BoPIFqUe9tP",
      "geometry": {
        "type": "Point",
        "coordinates": [
          34.952711,
          57.016455
        ]
      },
      "properties": {
        "skladsizo_food_ordering_available": false,
        "skladsizo_payment_available": true,
        "skladsizo_product_delivery_available": false,
        "zt_is_maintenance": false,
        "fsinzak_id": "https://fsinzak-money.ru/catalog/tverskaya-oblast/lpu-ob-g-torzhok/",
        "region_iso": "RU-TVE",
        "name": "ФКЛПУ ОБ УФСИН России по Тверской области",
        "ovdInfo_ovdInfo_location_id": "rech50BoPIFqUe9tP"
      }
    },
    {
      "type": "Feature",
      "id": "recHJwJD6MMkOzCJr",
      "geometry": {
        "type": "Point",
        "coordinates": [
          44.239983,
          46.344611
        ]
      },
      "properties": {
        "skladsizo_food_ordering_available": false,
        "skladsizo_payment_available": true,
        "skladsizo_product_delivery_available": false,
        "fsinzak_id": "https://fsinzak-money.ru/catalog/resp-kalmykiya/ik-1-severnyy/",
        "fsinpress_id": "fsinpress-Республика Калмыкия-ИК-1",
        "region_iso": "RU-KL",
        "name": "ФКУ ИК-1 УФСИН России по Республике Калмыкия",
        "ovdInfo_ovdInfo_location_id": "recHJwJD6MMkOzCJr"
      }
    },
    {
      "type": "Feature",
      "id": "recXWYL7bpMNuZ2CY",
      "geometry": {
        "type": "Point",
        "coordinates": [
          44.558948,
          48.837323
        ]
      },
      "properties": {
        "skladsizo_food_ordering_available": false,
        "skladsizo_payment_available": true,
        "skladsizo_product_delivery_available": false,
        "zt_is_maintenance": false,
        "fsinzak_id": "https://fsinzak-money.ru/catalog/volgogradskaya-oblast/ik-9-vodstroy/",
        "fsinpress_id": "fsinpress-Волгоградская область-ИК-9",
        "region_iso": "RU-VGG",
        "name": "ФКУ ИК-9 УФСИН России по Волгоградской области",
        "ovdInfo_ovdInfo_location_id": "recXWYL7bpMNuZ2CY"
      }
    },
    {
      "type": "Feature",
      "id": "rec2pmJ23FCoRJnSm",
      "geometry": {
        "type": "Point",
        "coordinates": [
          44.865804,
          48.823953
        ]
      },
      "properties": {
        "skladsizo_food_ordering_available": false,
        "skladsizo_payment_available": true,
        "skladsizo_product_delivery_available": false,
        "zt_is_maintenance": false,
        "fsinzak_id": "https://fsinzak-money.ru/catalog/volgogradskaya-oblast/ik-12-g-volzhskiy/",
        "fsinpress_id": "fsinpress-Волгоградская область-ИК-12",
        "region_iso": "RU-VGG",
        "name": "ФКУ ИК-12 УФСИН России по Волгоградской области",
        "ovdInfo_ovdInfo_location_id": "rec2pmJ23FCoRJnSm"
      }
    },
    {
      "type": "Feature",
      "id": "recjG1KrKJ5fzvV9d",
      "geometry": {
        "type": "Point",
        "coordinates": [
          42.876307,
          48.609599
        ]
      },
      "properties": {
        "skladsizo_food_ordering_available": false,
        "skladsizo_payment_available": true,
        "skladsizo_product_delivery_available": false,
        "zt_is_maintenance": false,
        "fsinzak_id": "https://fsinzak-money.ru/catalog/volgogradskaya-oblast/ik-19-g-surovikino/",
        "fsinpress_id": "fsinpress-Волгоградская область-ИК-19",
        "region_iso": "RU-VGG",
        "name": "ФКУ ИК-19 УФСИН России по Волгоградской области",
        "ovdInfo_ovdInfo_location_id": "recjG1KrKJ5fzvV9d"
      }
    },
    {
      "type": "Feature",
      "id": "recmOLM5dDjlz04mC",
      "geometry": {
        "type": "Point",
        "coordinates": [
          44.58875,
          48.486585
        ]
      },
      "properties": {
        "skladsizo_food_ordering_available": false,
        "skladsizo_payment_available": true,
        "skladsizo_product_delivery_available": false,
        "zt_is_maintenance": false,
        "fsinzak_id": "https://fsinzak-money.ru/catalog/volgogradskaya-oblast/ik-26-g-volgograd/",
        "fsinpress_id": "fsinpress-Волгоградская область-ИК-26",
        "region_iso": "RU-VGG",
        "name": "ФКУ ИК-26 УФСИН России по Волгоградской области",
        "ovdInfo_ovdInfo_location_id": "recmOLM5dDjlz04mC"
      }
    },
    {
      "type": "Feature",
      "id": "recZs6UN6iWbp2Gnr",
      "geometry": {
        "type": "Point",
        "coordinates": [
          45.205779,
          48.7297
        ]
      },
      "properties": {
        "skladsizo_food_ordering_available": false,
        "skladsizo_payment_available": true,
        "skladsizo_product_delivery_available": false,
        "zt_is_maintenance": false,
        "fsinzak_id": "https://fsinzak-money.ru/catalog/volgogradskaya-oblast/ik-28-g-leninsk/",
        "fsinpress_id": "fsinpress-Волгоградская область-ИК-28",
        "region_iso": "RU-VGG",
        "name": "ФКУ ИК-28 УФСИН России по Волгоградской области",
        "ovdInfo_ovdInfo_location_id": "recZs6UN6iWbp2Gnr"
      }
    },
    {
      "type": "Feature",
      "id": "recAkECXSD11G19Zk",
      "geometry": {
        "type": "Point",
        "coordinates": [
          44.461184,
          48.55464
        ]
      },
      "properties": {
        "skladsizo_food_ordering_available": false,
        "skladsizo_payment_available": true,
        "skladsizo_product_delivery_available": false,
        "zt_is_maintenance": false,
        "fsinzak_id": "https://fsinzak-money.ru/catalog/volgogradskaya-oblast/kp-3-himprom/",
        "fsinpress_id": "fsinpress-Волгоградская область-КП-3",
        "region_iso": "RU-VGG",
        "name": "ФКУ КП-3 УФСИН России по Волгоградской области",
        "ovdInfo_ovdInfo_location_id": "recAkECXSD11G19Zk"
      }
    },
    {
      "type": "Feature",
      "id": "recDOel4fPH1V46mj",
      "geometry": {
        "type": "Point",
        "coordinates": [
          45.309978,
          46.052476
        ]
      },
      "properties": {
        "skladsizo_food_ordering_available": false,
        "skladsizo_payment_available": true,
        "skladsizo_product_delivery_available": false,
        "zt_is_maintenance": false,
        "fsinzak_id": "https://fsinzak-money.ru/catalog/resp-kalmykiya/kp-3-p-vahtovyy/",
        "fsinpress_id": "fsinpress-Республика Калмыкия-КП-3",
        "region_iso": "RU-KL",
        "name": "ФКУ КП-3 УФСИН России по Республике Калмыкия",
        "ovdInfo_ovdInfo_location_id": "recDOel4fPH1V46mj"
      }
    },
    {
      "type": "Feature",
      "id": "rec5eM7bv8VxYenCP",
      "geometry": {
        "type": "Point",
        "coordinates": [
          45.204679,
          48.736185
        ]
      },
      "properties": {
        "skladsizo_food_ordering_available": false,
        "skladsizo_payment_available": true,
        "skladsizo_product_delivery_available": false,
        "zt_is_maintenance": false,
        "fsinzak_id": "https://fsinzak-money.ru/catalog/volgogradskaya-oblast/kp-27-g-leninsk/",
        "fsinpress_id": "fsinpress-Волгоградская область-КП-27",
        "region_iso": "RU-VGG",
        "name": "ФКУ КП-27 УФСИН России по Волгоградской области",
        "ovdInfo_ovdInfo_location_id": "rec5eM7bv8VxYenCP"
      }
    },
    {
      "type": "Feature",
      "id": "rec39n29SwzGaBeGa",
      "geometry": {
        "type": "Point",
        "coordinates": [
          42.022319,
          50.775292
        ]
      },
      "properties": {
        "skladsizo_food_ordering_available": false,
        "skladsizo_payment_available": true,
        "skladsizo_product_delivery_available": false,
        "zt_is_maintenance": false,
        "fsinzak_id": "https://fsinzak-money.ru/catalog/volgogradskaya-oblast/liu-23-g-uryupinsk/",
        "fsinpress_id": "fsinpress-Волгоградская область-ЛИУ-23",
        "region_iso": "RU-VGG",
        "name": "ФКУ ЛИУ-23 УФСИН России по Волгоградской области",
        "ovdInfo_ovdInfo_location_id": "rec39n29SwzGaBeGa"
      }
    },
    {
      "type": "Feature",
      "id": "recyZFAY9rSzwhnxa",
      "geometry": {
        "type": "Point",
        "coordinates": [
          59.064066,
          53.373227
        ]
      },
      "properties": {
        "skladsizo_food_ordering_available": false,
        "skladsizo_payment_available": true,
        "skladsizo_product_delivery_available": false,
        "fsinzak_id": "https://fsinzak-money.ru/catalog/chelyabinskaya-oblast/ik-18-g-magnitogorsk/",
        "region_iso": "RU-CHE",
        "name": "ФКУ ОПБ УФСИН России по Челябинской области",
        "ovdInfo_ovdInfo_location_id": "recyZFAY9rSzwhnxa"
      }
    },
    {
      "type": "Feature",
      "id": "recNLEju1PEHDSuUd",
      "geometry": {
        "type": "Point",
        "coordinates": [
          40.627956,
          64.616269
        ]
      },
      "properties": {
        "skladsizo_food_ordering_available": false,
        "skladsizo_payment_available": true,
        "skladsizo_product_delivery_available": false,
        "zt_is_maintenance": false,
        "fsinzak_id": "https://fsinzak-money.ru/catalog/arhangelskaya-oblast/kp-3-p-talagi/",
        "AO_name": "Архангельское ФКУ ВК",
        "region_iso": "RU-ARK",
        "name": "ФКУ ВК УФСИН России по Архангельской области",
        "ovdInfo_ovdInfo_location_id": "recNLEju1PEHDSuUd"
      }
    },
    {
      "type": "Feature",
      "id": "recrGlzTziHUaz890",
      "geometry": {
        "type": "Point",
        "coordinates": [
          132.906699,
          48.789109
        ]
      },
      "properties": {
        "skladsizo_food_ordering_available": false,
        "skladsizo_payment_available": true,
        "skladsizo_product_delivery_available": false,
        "zt_is_maintenance": false,
        "fsinzak_id": "https://fsinzak-money.ru/catalog/e-a-o/birobidzhanskaya-v-k/",
        "fsinpress_id": "fsinpress-Еврейская автономная область-Биробиджанская ВК",
        "region_iso": "RU-YEV",
        "name": "ФКУ ВК УФСИН России по Еврейской автономной области",
        "ovdInfo_ovdInfo_location_id": "recrGlzTziHUaz890"
      }
    },
    {
      "type": "Feature",
      "id": "recqSUi4AvqJuogVx",
      "geometry": {
        "type": "Point",
        "coordinates": [
          87.723384,
          56.216537
        ]
      },
      "properties": {
        "skladsizo_food_ordering_available": false,
        "skladsizo_payment_available": true,
        "skladsizo_product_delivery_available": false,
        "zt_is_maintenance": false,
        "fsinzak_id": "https://fsinzak-money.ru/catalog/kemerovskaya-oblast/ik-1-g-mariinsk/",
        "promservice_id": "promservice-63",
        "region_iso": "RU-KEM",
        "name": "ФКУ ИК-1 УФСИН России по Кемеровской области",
        "ovdInfo_ovdInfo_location_id": "recqSUi4AvqJuogVx"
      }
    },
    {
      "type": "Feature",
      "id": "recsMpGuY98DwvsVk",
      "geometry": {
        "type": "Point",
        "coordinates": [
          61.470727,
          54.977297
        ]
      },
      "properties": {
        "skladsizo_food_ordering_available": false,
        "skladsizo_payment_available": true,
        "skladsizo_product_delivery_available": false,
        "zt_is_maintenance": false,
        "fsinzak_id": "https://fsinzak-money.ru/catalog/chelyabinskaya-oblast/ik-1-g-kopeysk/",
        "rodnayasvyaz_mail_connected": true,
        "rodnayasvyaz_phone_video_connected": true,
        "promservice_id": "promservice-145",
        "fsinpress_id": "fsinpress-Челябинская область-ИК-1",
        "ariadna_normalized_ariadna_name": "ФКУ ИК-1",
        "region_iso": "RU-CHE",
        "name": "ФКУ ИК-1 УФСИН России по Челябинской области",
        "ovdInfo_ovdInfo_location_id": "recsMpGuY98DwvsVk"
      }
    },
    {
      "type": "Feature",
      "id": "recObFSlWR7ZdlihD",
      "geometry": {
        "type": "Point",
        "coordinates": [
          96.712933,
          62.917018
        ]
      },
      "properties": {
        "skladsizo_food_ordering_available": false,
        "skladsizo_payment_available": true,
        "skladsizo_product_delivery_available": false,
        "fsinzak_id": "https://fsinzak-money.ru/catalog/bryanskaya-oblast/ik-1-g-bryansk/",
        "rodnayasvyaz_mail_connected": true,
        "fsinpress_id": "fsinpress-Республика Кабардино-Балкарская-ИК-1",
        "region_iso": "RU-BRY",
        "name": "ФКУ ИК-1 УФСИН России по Брянской области",
        "ovdInfo_ovdInfo_location_id": "recObFSlWR7ZdlihD"
      }
    },
    {
      "type": "Feature",
      "id": "recZ4943049eRlnpH",
      "geometry": {
        "type": "Point",
        "coordinates": [
          40.441739,
          55.948254
        ]
      },
      "properties": {
        "skladsizo_food_ordering_available": false,
        "skladsizo_payment_available": true,
        "skladsizo_product_delivery_available": false,
        "zt_is_maintenance": false,
        "fsinzak_id": "https://fsinzak-money.ru/catalog/vladimirskaya-oblast/ik-1-p-golovino/",
        "rodnayasvyaz_mail_connected": true,
        "rodnayasvyaz_phone_video_connected": true,
        "promservice_id": "promservice-198",
        "fsinpress_id": "fsinpress-Владимирская область-ИК-1",
        "region_iso": "RU-VLA",
        "name": "ФКУ ИК-1 УФСИН России по Владимирской области",
        "ovdInfo_ovdInfo_location_id": "recZ4943049eRlnpH"
      }
    },
    {
      "type": "Feature",
      "id": "recc6OTSzNrZd1WKt",
      "geometry": {
        "type": "Point",
        "coordinates": [
          37.645158,
          56.195528
        ]
      },
      "properties": {
        "zt_is_maintenance": false,
        "f_pismo_source_f_pismo_allowSending": "true",
        "fsinzak_id": "https://fsinzak-money.ru/catalog/moskovskaya-oblast/ik-1-p-novoe-grishino/",
        "fsinpress_id": "fsinpress-Московская область-ИК-1",
        "f_apteka_normalized_source_enableOrdersSending": false,
        "prisonmail_key": "IK1NovoeGrishino",
        "sidim_connected": true,
        "region_iso": "RU-MOS",
        "name": "ФКУ ИК-1 УФСИН России по Московской области",
        "ovdInfo_ovdInfo_location_id": "recc6OTSzNrZd1WKt"
      }
    },
    {
      "type": "Feature",
      "id": "recCs3s4uv9ozEs7E",
      "geometry": {
        "type": "Point",
        "coordinates": [
          96.712933,
          62.917018
        ]
      },
      "properties": {
        "rodnayasvyaz_mail_connected": true,
        "rodnayasvyaz_phone_video_connected": true,
        "region_iso": "UA-43",
        "name": "ФКУ ИК-1 УФСИН России по Республике Крым и г. Севастополю",
        "ovdInfo_ovdInfo_location_id": "recCs3s4uv9ozEs7E"
      }
    },
    {
      "type": "Feature",
      "id": "recA9f9jpuBKCuMmL",
      "geometry": {
        "type": "Point",
        "coordinates": [
          129.774113,
          62.078141
        ]
      },
      "properties": {
        "skladsizo_food_ordering_available": false,
        "skladsizo_payment_available": true,
        "skladsizo_product_delivery_available": false,
        "zt_is_maintenance": false,
        "fsinzak_id": "https://fsinzak-money.ru/catalog/resp-saha-yakutiya/ik-1-g-yakutsk/",
        "fsinpress_id": "fsinpress-Республика Саха-ИК-1",
        "ariadna_normalized_ariadna_name": "ФКУ ИК-1 УФСИН",
        "region_iso": "RU-SA",
        "name": "ФКУ ИК-1 УФСИН России по Республике Саха (Якутия)",
        "ovdInfo_ovdInfo_location_id": "recA9f9jpuBKCuMmL"
      }
    },
    {
      "type": "Feature",
      "id": "recfcbymUZxASPiGh",
      "geometry": {
        "type": "Point",
        "coordinates": [
          142.722077,
          46.943152
        ]
      },
      "properties": {
        "skladsizo_food_ordering_available": false,
        "skladsizo_payment_available": true,
        "skladsizo_product_delivery_available": false,
        "zt_is_maintenance": false,
        "fsinpress_id": "fsinpress-Сахалинская область-ИК-1",
        "ariadna_normalized_ariadna_name": "ФКУ ИК-1 УФСИН",
        "region_iso": "RU-SAK",
        "name": "ФКУ ИК-1 УФСИН России по Сахалинской области",
        "ovdInfo_ovdInfo_location_id": "recfcbymUZxASPiGh"
      }
    },
    {
      "type": "Feature",
      "id": "recrGKvzb12AwpWob",
      "geometry": {
        "type": "Point",
        "coordinates": [
          40.527712,
          64.512923
        ]
      },
      "properties": {
        "skladsizo_food_ordering_available": false,
        "skladsizo_payment_available": true,
        "skladsizo_product_delivery_available": false,
        "zt_is_maintenance": false,
        "fsinzak_id": "https://fsinzak-money.ru/catalog/arhangelskaya-oblast/ik-1-g-arhangelsk/",
        "rodnayasvyaz_mail_connected": true,
        "rodnayasvyaz_phone_video_connected": true,
        "fsinpress_id": "fsinpress-Архангельская область-ИК-1",
        "AO_name": "Архангельское ФКУ ИК-1",
        "region_iso": "RU-ARK",
        "name": "ФКУ ИК-1 УФСИН России по Архангельской области",
        "ovdInfo_ovdInfo_location_id": "recrGKvzb12AwpWob"
      }
    },
    {
      "type": "Feature",
      "id": "recwKrK6BKGRC619l",
      "geometry": {
        "type": "Point",
        "coordinates": [
          39.9165,
          59.207829
        ]
      },
      "properties": {
        "skladsizo_food_ordering_available": false,
        "skladsizo_payment_available": true,
        "skladsizo_product_delivery_available": false,
        "zt_is_maintenance": false,
        "fsinzak_id": "https://fsinzak-money.ru/catalog/vologodskaya-oblast/ik-1-g-vologda/",
        "rodnayasvyaz_mail_connected": true,
        "rodnayasvyaz_phone_video_connected": true,
        "promservice_id": "promservice-250",
        "fsinpress_id": "fsinpress-Вологодская область-ИК-1",
        "region_iso": "RU-VLG",
        "name": "ФКУ ИК-1 УФСИН России по Вологодской области",
        "ovdInfo_ovdInfo_location_id": "recwKrK6BKGRC619l"
      }
    },
    {
      "type": "Feature",
      "id": "recxwRwBDxTjKjQJv",
      "geometry": {
        "type": "Point",
        "coordinates": [
          43.519925,
          43.530054
        ]
      },
      "properties": {
        "skladsizo_food_ordering_available": false,
        "skladsizo_payment_available": true,
        "skladsizo_product_delivery_available": false,
        "zt_is_maintenance": false,
        "fsinzak_id": "https://fsinzak-money.ru/catalog/k-b-r/ik-1-p-kamenka/",
        "region_iso": "RU-KB",
        "name": "ФКУ ИК-1 УФСИН России по Кабардино-Балкарской Республике",
        "ovdInfo_ovdInfo_location_id": "recxwRwBDxTjKjQJv"
      }
    },
    {
      "type": "Feature",
      "id": "rec3J9rhIqAkH3Maz",
      "geometry": {
        "type": "Point",
        "coordinates": [
          41.005928,
          57.75676
        ]
      },
      "properties": {
        "skladsizo_food_ordering_available": false,
        "skladsizo_payment_available": true,
        "skladsizo_product_delivery_available": false,
        "zt_is_maintenance": false,
        "f_pismo_source_f_pismo_allowSending": "true",
        "fsinzak_id": "https://fsinzak-money.ru/catalog/kostromskaya-oblast/ik-1-g-kostroma/",
        "rodnayasvyaz_mail_connected": true,
        "promservice_id": "promservice-222",
        "fsinpress_id": "fsinpress-Костромская область-ИК-1",
        "prisonmail_key": "IK1Kostroma",
        "region_iso": "RU-KOS",
        "name": "ФКУ ИК-1 УФСИН России по Костромской области",
        "ovdInfo_ovdInfo_location_id": "rec3J9rhIqAkH3Maz"
      }
    },
    {
      "type": "Feature",
      "id": "recGUunMcjtZXpgLu",
      "geometry": {
        "type": "Point",
        "coordinates": [
          65.253492,
          55.435884
        ]
      },
      "properties": {
        "skladsizo_food_ordering_available": false,
        "skladsizo_payment_available": true,
        "skladsizo_product_delivery_available": false,
        "zt_is_maintenance": false,
        "fsinzak_id": "https://fsinzak-money.ru/catalog/kurganskaya-oblast/ik-1-g-kurgan/",
        "rodnayasvyaz_mail_connected": true,
        "promservice_id": "promservice-186",
        "fsinpress_id": "fsinpress-Курганская область-ИК-1",
        "region_iso": "RU-KGN",
        "name": "ФКУ ИК-1 УФСИН России по Курганской области",
        "ovdInfo_ovdInfo_location_id": "recGUunMcjtZXpgLu"
      }
    },
    {
      "type": "Feature",
      "id": "reccELnMYFbTaXEpp",
      "geometry": {
        "type": "Point",
        "coordinates": [
          55.14026,
          51.79185
        ]
      },
      "properties": {
        "skladsizo_food_ordering_available": false,
        "skladsizo_payment_available": true,
        "skladsizo_product_delivery_available": false,
        "zt_is_maintenance": false,
        "fsinzak_id": "https://fsinzak-money.ru/catalog/orenburgskaya-oblast/ik-1-g-orenburg/",
        "rodnayasvyaz_mail_connected": true,
        "rodnayasvyaz_phone_video_connected": true,
        "promservice_id": "promservice-237",
        "fsinpress_id": "fsinpress-Оренбургская область-ИК-1",
        "region_iso": "RU-ORE",
        "name": "ФКУ ИК-1 УФСИН России по Оренбургской области",
        "ovdInfo_ovdInfo_location_id": "reccELnMYFbTaXEpp"
      }
    },
    {
      "type": "Feature",
      "id": "reckZ2PJ0B73omJ7z",
      "geometry": {
        "type": "Point",
        "coordinates": [
          96.712933,
          62.917018
        ]
      },
      "properties": {
        "skladsizo_food_ordering_available": false,
        "skladsizo_payment_available": true,
        "skladsizo_product_delivery_available": false,
        "fsinzak_id": "https://fsinzak-money.ru/catalog/penzenskaya-oblast/ik-1-g-penza/",
        "rodnayasvyaz_mail_connected": true,
        "promservice_id": "promservice-323",
        "fsinpress_id": "fsinpress-Пензенская область-ИК-1",
        "region_iso": "RU-PNZ",
        "name": "ФКУ ИК-1 УФСИН России по Пензенской области",
        "ovdInfo_ovdInfo_location_id": "reckZ2PJ0B73omJ7z"
      }
    },
    {
      "type": "Feature",
      "id": "recd7PAbBzSEEFXTq",
      "geometry": {
        "type": "Point",
        "coordinates": [
          106.480254,
          51.304809
        ]
      },
      "properties": {
        "skladsizo_food_ordering_available": false,
        "skladsizo_payment_available": true,
        "skladsizo_product_delivery_available": false,
        "zt_is_maintenance": false,
        "fsinzak_id": "https://fsinzak-money.ru/catalog/resp-buryatiya/ik-1-g-gusinoozersk/",
        "fsinpress_id": "fsinpress-Республика Бурятия-ИК-1",
        "region_iso": "RU-BU",
        "name": "ФКУ ИК-1 УФСИН России по Республике Бурятия",
        "ovdInfo_ovdInfo_location_id": "recd7PAbBzSEEFXTq"
      }
    },
    {
      "type": "Feature",
      "id": "rechSzyeCxCE2ySKE",
      "geometry": {
        "type": "Point",
        "coordinates": [
          39.098995,
          44.98466
        ]
      },
      "properties": {
        "skladsizo_food_ordering_available": false,
        "skladsizo_payment_available": true,
        "skladsizo_product_delivery_available": false,
        "zt_is_maintenance": false,
        "fsinzak_id": "https://fsinzak-money.ru/catalog/resp-adygeya/ik-1-tlyustenhabl/",
        "rodnayasvyaz_mail_connected": true,
        "fsinpress_id": "fsinpress-Республика Адыгея-ИК-1",
        "region_iso": "RU-AD",
        "name": "ФКУ ИК-1 УФСИН России по Республике Адыгея",
        "ovdInfo_ovdInfo_location_id": "rechSzyeCxCE2ySKE"
      }
    },
    {
      "type": "Feature",
      "id": "rec5e5USvlIJ2B7b5",
      "geometry": {
        "type": "Point",
        "coordinates": [
          34.312883,
          63.87138
        ]
      },
      "properties": {
        "skladsizo_food_ordering_available": false,
        "skladsizo_payment_available": true,
        "skladsizo_product_delivery_available": false,
        "zt_is_maintenance": false,
        "fsinzak_id": "https://fsinzak-money.ru/catalog/resp-kareliya/ik-1-p-nadvoicy/",
        "fsinpress_id": "fsinpress-Республика Карелия-ИК-1",
        "AO_name": "ФКУ ИК-1",
        "region_iso": "RU-KR",
        "name": "ФКУ ИК-1 УФСИН России по Республике Карелия",
        "ovdInfo_ovdInfo_location_id": "rec5e5USvlIJ2B7b5"
      }
    },
    {
      "type": "Feature",
      "id": "rectyGPxr0vIEPD1o",
      "geometry": {
        "type": "Point",
        "coordinates": [
          42.887551,
          54.268185
        ]
      },
      "properties": {
        "skladsizo_food_ordering_available": false,
        "skladsizo_payment_available": true,
        "skladsizo_product_delivery_available": false,
        "zt_is_maintenance": false,
        "fsinzak_id": "https://fsinzak-money.ru/catalog/resp-mordoviya/ik-1-p-sosnovka/",
        "rodnayasvyaz_mail_connected": true,
        "rodnayasvyaz_phone_video_connected": true,
        "promservice_id": "promservice-166",
        "fsinpress_id": "fsinpress-Республика Мордовия-ИК-1",
        "region_iso": "RU-MO",
        "name": "ФКУ ИК-1 УФСИН России по республике Мордовия",
        "ovdInfo_ovdInfo_location_id": "rectyGPxr0vIEPD1o"
      }
    },
    {
      "type": "Feature",
      "id": "recZ0edSq1uhUpwoW",
      "geometry": {
        "type": "Point",
        "coordinates": [
          94.4245,
          51.729391
        ]
      },
      "properties": {
        "skladsizo_food_ordering_available": false,
        "skladsizo_payment_available": true,
        "skladsizo_product_delivery_available": false,
        "zt_is_maintenance": false,
        "f_pismo_source_f_pismo_allowSending": "true",
        "fsinzak_id": "https://fsinzak-money.ru/catalog/resp-tyva/ik-1-g-kyzyl/",
        "fsinpress_id": "fsinpress-Республика Тыва-ИК-1",
        "ariadna_normalized_ariadna_name": "ФКУ ИК-1 УФСИН",
        "region_iso": "RU-TY",
        "name": "ФКУ ИК-1 УФСИН России по Республике Тыва",
        "ovdInfo_ovdInfo_location_id": "recZ0edSq1uhUpwoW"
      }
    },
    {
      "type": "Feature",
      "id": "recMR0pJpaivePMBv",
      "geometry": {
        "type": "Point",
        "coordinates": [
          39.603927,
          53.680645
        ]
      },
      "properties": {
        "skladsizo_food_ordering_available": false,
        "skladsizo_payment_available": true,
        "skladsizo_product_delivery_available": false,
        "zt_is_maintenance": false,
        "f_pismo_source_f_pismo_allowSending": "true",
        "fsinzak_id": "https://fsinzak-money.ru/catalog/ryazanskaya-oblast/ik-1-p-centralnyy/",
        "fsinpress_id": "fsinpress-Рязанская область-ИК-1",
        "prisonmail_key": "IK1Tsentralnyj",
        "region_iso": "RU-RYA",
        "name": "ФКУ ИК-1 УФСИН России по Рязанской области",
        "ovdInfo_ovdInfo_location_id": "recMR0pJpaivePMBv"
      }
    },
    {
      "type": "Feature",
      "id": "recH1gv6zU2120lQL",
      "geometry": {
        "type": "Point",
        "coordinates": [
          41.880312,
          44.643239
        ]
      },
      "properties": {
        "skladsizo_food_ordering_available": false,
        "skladsizo_payment_available": true,
        "skladsizo_product_delivery_available": false,
        "zt_is_maintenance": false,
        "fsinzak_id": "https://fsinzak-money.ru/catalog/stavropolskiy-kray/ik-1-s-kochubeevskoe/",
        "fsinpress_id": "fsinpress-Ставропольский край-ИК-1",
        "region_iso": "RU-STA",
        "name": "ФКУ ИК-1 УФСИН России по Ставропольскому краю",
        "ovdInfo_ovdInfo_location_id": "recH1gv6zU2120lQL"
      }
    },
    {
      "type": "Feature",
      "id": "recWbOU0MK4iZnWVD",
      "geometry": {
        "type": "Point",
        "coordinates": [
          41.440746,
          52.73825
        ]
      },
      "properties": {
        "skladsizo_food_ordering_available": false,
        "skladsizo_payment_available": true,
        "skladsizo_product_delivery_available": false,
        "zt_is_maintenance": false,
        "f_pismo_source_f_pismo_allowSending": "true",
        "fsinzak_id": "https://fsinzak-money.ru/catalog/tambovskaya-oblast/ik-1-g-tambov/",
        "rodnayasvyaz_mail_connected": true,
        "promservice_id": "promservice-333",
        "fsinpress_id": "fsinpress-Тамбовская область-ИК-1",
        "prisonmail_key": "IK1Tambov",
        "region_iso": "RU-TAM",
        "name": "ФКУ ИК-1 УФСИН России по Тамбовской области",
        "ovdInfo_ovdInfo_location_id": "recWbOU0MK4iZnWVD"
      }
    },
    {
      "type": "Feature",
      "id": "recsEXcSQY4E4QXsL",
      "geometry": {
        "type": "Point",
        "coordinates": [
          35.957925,
          56.823847
        ]
      },
      "properties": {
        "skladsizo_food_ordering_available": false,
        "skladsizo_payment_available": true,
        "skladsizo_product_delivery_available": false,
        "zt_is_maintenance": false,
        "f_pismo_source_f_pismo_allowSending": "true",
        "fsinzak_id": "https://fsinzak-money.ru/catalog/tverskaya-oblast/ik-1-p-bolshie-peremerki/",
        "fsinpress_id": "fsinpress-Тверская область-ИК-1",
        "prisonmail_key": "IK1TverBolshiePeremerki",
        "region_iso": "RU-TVE",
        "name": "ФКУ ИК-1 УФСИН России по Тверской области",
        "ovdInfo_ovdInfo_location_id": "recsEXcSQY4E4QXsL"
      }
    },
    {
      "type": "Feature",
      "id": "recZN1TVO2Wf3nl3d",
      "geometry": {
        "type": "Point",
        "coordinates": [
          38.265483,
          53.910857
        ]
      },
      "properties": {
        "skladsizo_food_ordering_available": false,
        "skladsizo_payment_available": true,
        "skladsizo_product_delivery_available": false,
        "zt_is_maintenance": false,
        "fsinzak_id": "https://fsinzak-money.ru/catalog/tulskaya-oblast/ik-1-g-donskoy/",
        "region_iso": "RU-TUL",
        "name": "ФКУ ИК-1 УФСИН России по Тульской области",
        "ovdInfo_ovdInfo_location_id": "recZN1TVO2Wf3nl3d"
      }
    },
    {
      "type": "Feature",
      "id": "reccOeL3MiXO9BPzx",
      "geometry": {
        "type": "Point",
        "coordinates": [
          53.302242,
          56.939643
        ]
      },
      "properties": {
        "skladsizo_food_ordering_available": false,
        "skladsizo_payment_available": true,
        "skladsizo_product_delivery_available": false,
        "zt_is_maintenance": false,
        "fsinzak_id": "https://fsinzak-money.ru/catalog/udmurtskaya-resp/ik-1-p-yagul/",
        "rodnayasvyaz_mail_connected": true,
        "rodnayasvyaz_phone_video_connected": true,
        "fsinpress_id": "fsinpress-Удмуртская Республика-ИК-1",
        "region_iso": "RU-UD",
        "name": "ФКУ ИК-1 УФСИН России по Удмуртской Республике",
        "ovdInfo_ovdInfo_location_id": "reccOeL3MiXO9BPzx"
      }
    },
    {
      "type": "Feature",
      "id": "recyCPZN27UjESbNM",
      "geometry": {
        "type": "Point",
        "coordinates": [
          47.258989,
          56.064031
        ]
      },
      "properties": {
        "skladsizo_food_ordering_available": false,
        "skladsizo_payment_available": true,
        "skladsizo_product_delivery_available": false,
        "zt_is_maintenance": false,
        "fsinzak_id": "https://fsinzak-money.ru/catalog/chuvashskaya-resp/ik-1-g-cheboksary/",
        "rodnayasvyaz_mail_connected": true,
        "rodnayasvyaz_phone_video_connected": true,
        "fsinpress_id": "fsinpress-Чувашская Республика-ИК-1",
        "region_iso": "RU-CU",
        "name": "ФКУ ИК-1 УФСИН России по Чувашской Республике",
        "ovdInfo_ovdInfo_location_id": "recyCPZN27UjESbNM"
      }
    },
    {
      "type": "Feature",
      "id": "recoi6bBRYAs29GEa",
      "geometry": {
        "type": "Point",
        "coordinates": [
          39.789466,
          57.767177
        ]
      },
      "properties": {
        "skladsizo_food_ordering_available": false,
        "skladsizo_payment_available": true,
        "skladsizo_product_delivery_available": false,
        "zt_is_maintenance": false,
        "f_pismo_source_f_pismo_allowSending": "true",
        "fsinzak_id": "https://fsinzak-money.ru/catalog/yaroslavskaya-oblast/ik-1-g-yaroslavl/",
        "rodnayasvyaz_mail_connected": true,
        "rodnayasvyaz_phone_video_connected": true,
        "promservice_id": "promservice-231",
        "fsinpress_id": "fsinpress-Ярославская область-ИК-1",
        "region_iso": "RU-YAR",
        "name": "ФКУ ИК-1 УФСИН России по Ярославской области",
        "ovdInfo_ovdInfo_location_id": "recoi6bBRYAs29GEa"
      }
    },
    {
      "type": "Feature",
      "id": "recEhnOSHJgBEHMVG",
      "geometry": {
        "type": "Point",
        "coordinates": [
          43.841921,
          56.239007
        ]
      },
      "properties": {
        "skladsizo_food_ordering_available": false,
        "skladsizo_payment_available": true,
        "skladsizo_product_delivery_available": false,
        "zt_is_maintenance": false,
        "fsinzak_id": "https://fsinzak-money.ru/catalog/nizhegorodskaya-oblast/ik-2-g-nizhniy-novgorod/",
        "rodnayasvyaz_mail_connected": true,
        "promservice_id": "promservice-285",
        "fsinpress_id": "fsinpress-Нижегородская область-ИК-2",
        "region_iso": "RU-NIZ",
        "name": "ФКУ ИК-2 УФСИН России по Нижегородской области",
        "ovdInfo_ovdInfo_location_id": "recEhnOSHJgBEHMVG"
      }
    },
    {
      "type": "Feature",
      "id": "reciLIWyKEyxWlnkz",
      "geometry": {
        "type": "Point",
        "coordinates": [
          103.905864,
          52.591995
        ]
      },
      "properties": {
        "skladsizo_food_ordering_available": false,
        "skladsizo_payment_available": true,
        "skladsizo_product_delivery_available": false,
        "zt_is_maintenance": false,
        "fsinzak_id": "https://fsinzak-money.ru/catalog/irkutskaya-oblast/ik-2-g-angarsk/",
        "fsinpress_id": "fsinpress-Иркутская область-ИК-2",
        "ariadna_normalized_ariadna_name": "ФКУ ВК",
        "region_iso": "RU-IRK",
        "name": "ФКУ ИК-2 УФСИН России по Иркутской области",
        "ovdInfo_ovdInfo_location_id": "reciLIWyKEyxWlnkz"
      }
    },
    {
      "type": "Feature",
      "id": "recGlafbzX1WFbm8q",
      "geometry": {
        "type": "Point",
        "coordinates": [
          60.580394,
          56.829403
        ]
      },
      "properties": {
        "skladsizo_food_ordering_available": false,
        "skladsizo_payment_available": true,
        "skladsizo_product_delivery_available": false,
        "zt_is_maintenance": false,
        "fsinzak_id": "https://fsinzak-money.ru/catalog/sverdlovskaya-oblast/ik-2-g-ekaterinburg/",
        "rodnayasvyaz_mail_connected": true,
        "promservice_id": "promservice-128",
        "fsinpress_id": "fsinpress-Свердловская область-ИК-2",
        "region_iso": "RU-SVE",
        "name": "ФКУ ИК-2 УФСИН России по Свердловской области",
        "ovdInfo_ovdInfo_location_id": "recGlafbzX1WFbm8q"
      }
    },
    {
      "type": "Feature",
      "id": "rec84JDznw5Y4KljY",
      "geometry": {
        "type": "Point",
        "coordinates": [
          34.444279,
          53.205967
        ]
      },
      "properties": {
        "skladsizo_food_ordering_available": false,
        "skladsizo_payment_available": true,
        "skladsizo_product_delivery_available": false,
        "zt_is_maintenance": false,
        "f_pismo_source_f_pismo_allowSending": "true",
        "fsinzak_id": "https://fsinzak-money.ru/catalog/bryanskaya-oblast/ik-2-g-bryansk/",
        "rodnayasvyaz_mail_connected": true,
        "fsinpress_id": "fsinpress-Брянская область-ИК-2",
        "region_iso": "RU-BRY",
        "name": "ФКУ ИК-2 УФСИН России по Брянской области",
        "ovdInfo_ovdInfo_location_id": "rec84JDznw5Y4KljY"
      }
    },
    {
      "type": "Feature",
      "id": "reccXijh6Jq7hW9SP",
      "geometry": {
        "type": "Point",
        "coordinates": [
          39.185276,
          55.903934
        ]
      },
      "properties": {
        "skladsizo_food_ordering_available": false,
        "skladsizo_payment_available": true,
        "skladsizo_product_delivery_available": false,
        "zt_is_maintenance": false,
        "fsinzak_id": "https://fsinzak-money.ru/catalog/vladimirskaya-oblast/ik-2-g-pokrov/",
        "rodnayasvyaz_mail_connected": true,
        "rodnayasvyaz_phone_video_connected": true,
        "promservice_id": "promservice-200",
        "fsinpress_id": "fsinpress-Владимирская область-ИК-2",
        "region_iso": "RU-VLA",
        "name": "ФКУ ИК-2 УФСИН России по Владимирской области",
        "ovdInfo_ovdInfo_location_id": "reccXijh6Jq7hW9SP"
      }
    },
    {
      "type": "Feature",
      "id": "recqRhROhfE8vI1nm",
      "geometry": {
        "type": "Point",
        "coordinates": [
          39.189724,
          51.675709
        ]
      },
      "properties": {
        "skladsizo_food_ordering_available": false,
        "skladsizo_payment_available": true,
        "skladsizo_product_delivery_available": false,
        "zt_is_maintenance": false,
        "fsinzak_id": "https://fsinzak-money.ru/catalog/voronezhskaya-oblast/ik-2-g-voronezh/",
        "rodnayasvyaz_mail_connected": true,
        "fsinpress_id": "fsinpress-Воронежская область-ИК-2",
        "ariadna_normalized_ariadna_name": "ФКУ ИК-2 УФСИН",
        "region_iso": "RU-VOR",
        "name": "ФКУ ИК-2 УФСИН России по Воронежской области",
        "ovdInfo_ovdInfo_location_id": "recqRhROhfE8vI1nm"
      }
    },
    {
      "type": "Feature",
      "id": "recjdquy2MdOhcsaA",
      "geometry": {
        "type": "Point",
        "coordinates": [
          42.336078,
          56.527449
        ]
      },
      "properties": {
        "skladsizo_food_ordering_available": false,
        "skladsizo_payment_available": true,
        "skladsizo_product_delivery_available": false,
        "fsinzak_id": "https://fsinzak-money.ru/catalog/ivanovskaya-oblast/ik-2-p-talicy/",
        "promservice_id": "promservice-212",
        "fsinpress_id": "fsinpress-Ивановская область-ИК-2",
        "region_iso": "RU-IVA",
        "name": "ФКУ ИК-2 УФСИН России по Ивановской области",
        "ovdInfo_ovdInfo_location_id": "recjdquy2MdOhcsaA"
      }
    },
    {
      "type": "Feature",
      "id": "rec3GqdeYhp1hiOZD",
      "geometry": {
        "type": "Point",
        "coordinates": [
          39.619972,
          52.666646
        ]
      },
      "properties": {
        "skladsizo_food_ordering_available": false,
        "skladsizo_payment_available": true,
        "skladsizo_product_delivery_available": false,
        "zt_is_maintenance": false,
        "fsinzak_id": "https://fsinzak-money.ru/catalog/lipeckaya-oblast/ik-2-g-lipeck/",
        "rodnayasvyaz_mail_connected": true,
        "rodnayasvyaz_phone_video_connected": true,
        "fsinpress_id": "fsinpress-Липецкая область-ИК-2",
        "region_iso": "RU-LIP",
        "name": "ФКУ ИК-2 УФСИН России по Липецкой области",
        "ovdInfo_ovdInfo_location_id": "rec3GqdeYhp1hiOZD"
      }
    },
    {
      "type": "Feature",
      "id": "recjDdVPsQgaJ5i0P",
      "geometry": {
        "type": "Point",
        "coordinates": [
          55.896914,
          53.380225
        ]
      },
      "properties": {
        "skladsizo_food_ordering_available": false,
        "skladsizo_payment_available": true,
        "skladsizo_product_delivery_available": false,
        "zt_is_maintenance": false,
        "fsinzak_id": "https://fsinzak-money.ru/catalog/resp-bashkortostan/ik-2-g-salavat/",
        "rodnayasvyaz_mail_connected": true,
        "rodnayasvyaz_phone_video_connected": true,
        "fsinpress_id": "fsinpress-Республика Башкортостан-ИК-2",
        "region_iso": "RU-BA",
        "name": "ФКУ ИК-2 УФСИН России по Республике Башкортостан",
        "ovdInfo_ovdInfo_location_id": "recjDdVPsQgaJ5i0P"
      }
    },
    {
      "type": "Feature",
      "id": "recBRgqNtg7PZvXId",
      "geometry": {
        "type": "Point",
        "coordinates": [
          96.712933,
          62.917018
        ]
      },
      "properties": {
        "region_iso": "UA-43",
        "name": "ФКУ ИК-2 УФСИН России по Республике Крым и г. Севастополю",
        "ovdInfo_ovdInfo_location_id": "recBRgqNtg7PZvXId"
      }
    },
    {
      "type": "Feature",
      "id": "recV8wTkhxE9KIJv3",
      "geometry": {
        "type": "Point",
        "coordinates": [
          128.701607,
          50.738513
        ]
      },
      "properties": {
        "skladsizo_food_ordering_available": false,
        "skladsizo_payment_available": true,
        "skladsizo_product_delivery_available": false,
        "zt_is_maintenance": false,
        "fsinzak_id": "https://fsinzak-money.ru/catalog/amurskaya-oblast/ik-2-s-vozzhaevka/",
        "fsinpress_id": "fsinpress-Амурская область-ИК-2",
        "ariadna_normalized_ariadna_name": "ФКУ ИК-2 УФСИН",
        "region_iso": "RU-AMU",
        "name": "ФКУ ИК-2 УФСИН России по Амурской области",
        "ovdInfo_ovdInfo_location_id": "recV8wTkhxE9KIJv3"
      }
    },
    {
      "type": "Feature",
      "id": "rec03FWlx4pBxyANP",
      "geometry": {
        "type": "Point",
        "coordinates": [
          40.104346,
          59.121085
        ]
      },
      "properties": {
        "skladsizo_food_ordering_available": false,
        "skladsizo_payment_available": true,
        "skladsizo_product_delivery_available": false,
        "zt_is_maintenance": false,
        "fsinzak_id": "https://fsinzak-money.ru/catalog/vologodskaya-oblast/ik-2-d-knyaginino/",
        "rodnayasvyaz_mail_connected": true,
        "rodnayasvyaz_phone_video_connected": true,
        "promservice_id": "promservice-251",
        "fsinpress_id": "fsinpress-Вологодская область-ИК-2",
        "region_iso": "RU-VLG",
        "name": "ФКУ ИК-2 УФСИН России по Вологодской области",
        "ovdInfo_ovdInfo_location_id": "rec03FWlx4pBxyANP"
      }
    },
    {
      "type": "Feature",
      "id": "recIW3aofqKudBPB0",
      "geometry": {
        "type": "Point",
        "coordinates": [
          96.712933,
          62.917018
        ]
      },
      "properties": {
        "skladsizo_food_ordering_available": false,
        "skladsizo_payment_available": true,
        "skladsizo_product_delivery_available": false,
        "fsinzak_id": "https://fsinzak-money.ru/catalog/kostromskaya-oblast/ik-2-p-ponazyrevo/",
        "promservice_id": "promservice-223",
        "fsinpress_id": "fsinpress-Костромская область-ИК-2",
        "region_iso": "RU-KOS",
        "name": "ФКУ ИК-2 УФСИН России по Костромской области",
        "ovdInfo_ovdInfo_location_id": "recIW3aofqKudBPB0"
      }
    },
    {
      "type": "Feature",
      "id": "recD3R2wnV70szn97",
      "geometry": {
        "type": "Point",
        "coordinates": [
          65.07343,
          55.568241
        ]
      },
      "properties": {
        "skladsizo_food_ordering_available": false,
        "skladsizo_payment_available": true,
        "skladsizo_product_delivery_available": false,
        "zt_is_maintenance": false,
        "fsinzak_id": "https://fsinzak-money.ru/catalog/kurganskaya-oblast/ik-2-st-prosvet/",
        "rodnayasvyaz_mail_connected": true,
        "rodnayasvyaz_phone_video_connected": true,
        "promservice_id": "promservice-187",
        "fsinpress_id": "fsinpress-Курганская область-ИК-2",
        "region_iso": "RU-KGN",
        "name": "ФКУ ИК-2 УФСИН России по Курганской области",
        "ovdInfo_ovdInfo_location_id": "recD3R2wnV70szn97"
      }
    },
    {
      "type": "Feature",
      "id": "rec3Jvr0KOOcQTRnl",
      "geometry": {
        "type": "Point",
        "coordinates": [
          96.712933,
          62.917018
        ]
      },
      "properties": {
        "skladsizo_food_ordering_available": false,
        "skladsizo_payment_available": true,
        "skladsizo_product_delivery_available": false,
        "fsinzak_id": "https://fsinzak-money.ru/catalog/pskovskaya-oblast/ik-2-p-kryuki/",
        "promservice_id": "promservice-32",
        "fsinpress_id": "fsinpress-Псковская область-ИК-2",
        "ariadna_normalized_ariadna_name": "ФКУ ИК-2 УФСИН",
        "region_iso": "RU-PSK",
        "name": "ФКУ ИК-2 УФСИН России по Псковской области",
        "ovdInfo_ovdInfo_location_id": "rec3Jvr0KOOcQTRnl"
      }
    },
    {
      "type": "Feature",
      "id": "recsavWG1rMQYtTgE",
      "geometry": {
        "type": "Point",
        "coordinates": [
          42.857323,
          54.418796
        ]
      },
      "properties": {
        "skladsizo_food_ordering_available": false,
        "skladsizo_payment_available": true,
        "skladsizo_product_delivery_available": false,
        "zt_is_maintenance": false,
        "fsinzak_id": "https://fsinzak-money.ru/catalog/resp-mordoviya/ik-2-p-yavas/",
        "rodnayasvyaz_mail_connected": true,
        "rodnayasvyaz_phone_video_connected": true,
        "promservice_id": "promservice-167",
        "fsinpress_id": "fsinpress-Республика Мордовия-ИК-2",
        "region_iso": "RU-MO",
        "name": "ФКУ ИК-2 УФСИН России по республике Мордовия",
        "ovdInfo_ovdInfo_location_id": "recsavWG1rMQYtTgE"
      }
    },
    {
      "type": "Feature",
      "id": "recbfaBfw9l3UgZu7",
      "geometry": {
        "type": "Point",
        "coordinates": [
          49.116311,
          55.766784
        ]
      },
      "properties": {
        "skladsizo_food_ordering_available": false,
        "skladsizo_payment_available": true,
        "skladsizo_product_delivery_available": false,
        "zt_is_maintenance": false,
        "fsinzak_id": "https://fsinzak-money.ru/catalog/resp-tatarstan/ik-2-g-kazan/",
        "rodnayasvyaz_mail_connected": true,
        "fsinpress_id": "fsinpress-Республика Татарстан-ИК-2",
        "ariadna_normalized_ariadna_name": "ФКУ ИК-2",
        "region_iso": "RU-TA",
        "name": "ФКУ ИК-2 УФСИН России по Республике Татарстан",
        "ovdInfo_ovdInfo_location_id": "recbfaBfw9l3UgZu7"
      }
    },
    {
      "type": "Feature",
      "id": "rec8zTlHvTKAOkvkr",
      "geometry": {
        "type": "Point",
        "coordinates": [
          39.681775,
          54.643722
        ]
      },
      "properties": {
        "skladsizo_food_ordering_available": false,
        "skladsizo_payment_available": true,
        "skladsizo_product_delivery_available": false,
        "zt_is_maintenance": false,
        "f_pismo_source_f_pismo_allowSending": "true",
        "fsinzak_id": "https://fsinzak-money.ru/catalog/ryazanskaya-oblast/ik-2-g-ryazan/",
        "rodnayasvyaz_mail_connected": true,
        "rodnayasvyaz_phone_video_connected": true,
        "fsinpress_id": "fsinpress-Рязанская область-ИК-2",
        "prisonmail_key": "IK2Rjazan",
        "region_iso": "RU-RYA",
        "name": "ФКУ ИК-2 УФСИН России по Рязанской области",
        "ovdInfo_ovdInfo_location_id": "rec8zTlHvTKAOkvkr"
      }
    },
    {
      "type": "Feature",
      "id": "reck7LOcsSCl7ea5c",
      "geometry": {
        "type": "Point",
        "coordinates": [
          46.128786,
          51.458264
        ]
      },
      "properties": {
        "skladsizo_food_ordering_available": false,
        "skladsizo_payment_available": true,
        "skladsizo_product_delivery_available": false,
        "zt_is_maintenance": false,
        "f_pismo_source_f_pismo_allowSending": "true",
        "fsinzak_id": "https://fsinzak-money.ru/catalog/saratovskaya-oblast/ik-2-g-engels/",
        "promservice_id": "promservice-342",
        "fsinpress_id": "fsinpress-Саратовская область-ИК-2",
        "prisonmail_key": "IK2Engels",
        "region_iso": "RU-SAR",
        "name": "ФКУ ИК-2 УФСИН России по Саратовской области",
        "ovdInfo_ovdInfo_location_id": "reck7LOcsSCl7ea5c"
      }
    },
    {
      "type": "Feature",
      "id": "recRB8FVrc06Dwzhv",
      "geometry": {
        "type": "Point",
        "coordinates": [
          33.244937,
          55.259716
        ]
      },
      "properties": {
        "skladsizo_food_ordering_available": false,
        "skladsizo_payment_available": true,
        "skladsizo_product_delivery_available": false,
        "zt_is_maintenance": false,
        "fsinzak_id": "https://fsinzak-money.ru/catalog/smolenskaya-oblast/ik-2-p-vadino/",
        "rodnayasvyaz_mail_connected": true,
        "fsinpress_id": "fsinpress-Смоленская область-ИК-2",
        "region_iso": "RU-SMO",
        "name": "ФКУ ИК-2 УФСИН России по Смоленской области",
        "ovdInfo_ovdInfo_location_id": "recRB8FVrc06Dwzhv"
      }
    },
    {
      "type": "Feature",
      "id": "rec4AxzqZDYcg3he8",
      "geometry": {
        "type": "Point",
        "coordinates": [
          30.748812,
          59.620786
        ]
      },
      "properties": {
        "skladsizo_food_ordering_available": false,
        "skladsizo_payment_available": true,
        "skladsizo_product_delivery_available": false,
        "f_pismo_source_f_pismo_allowSending": "true",
        "fsinzak_id": "https://fsinzak-money.ru/catalog/sankt-peterburg/ik-2-ulyanovka/",
        "promservice_id": "promservice-376",
        "fsinpress_id": "fsinpress-Ленинградская область-ИК-2",
        "ariadna_normalized_ariadna_name": "ФКУ ИК-2",
        "prisonmail_key": "IK2Uljanovka",
        "region_iso": "RU-LEN",
        "name": "ФКУ ИК-2 УФСИН России по Санкт-Петербургу и Ленинградской области",
        "ovdInfo_ovdInfo_location_id": "rec4AxzqZDYcg3he8"
      }
    },
    {
      "type": "Feature",
      "id": "recKJbtD6aoPv1MeZ",
      "geometry": {
        "type": "Point",
        "coordinates": [
          41.826839,
          44.675581
        ]
      },
      "properties": {
        "skladsizo_food_ordering_available": false,
        "skladsizo_payment_available": true,
        "skladsizo_product_delivery_available": false,
        "zt_is_maintenance": false,
        "fsinzak_id": "https://fsinzak-money.ru/catalog/stavropolskiy-kray/ik-2-s-kochubeevskoe/",
        "fsinpress_id": "fsinpress-Ставропольский край-ИК-2",
        "region_iso": "RU-STA",
        "name": "ФКУ ИК-2 УФСИН России по Ставропольскому краю",
        "ovdInfo_ovdInfo_location_id": "recKJbtD6aoPv1MeZ"
      }
    },
    {
      "type": "Feature",
      "id": "reca6V47eWRuporXr",
      "geometry": {
        "type": "Point",
        "coordinates": [
          37.606072,
          54.175787
        ]
      },
      "properties": {
        "skladsizo_food_ordering_available": false,
        "skladsizo_payment_available": true,
        "skladsizo_product_delivery_available": false,
        "zt_is_maintenance": false,
        "fsinzak_id": "https://fsinzak-money.ru/catalog/tulskaya-oblast/ik-2-g-tula/",
        "fsinpress_id": "fsinpress-Тульская область-ИК-2",
        "region_iso": "RU-TUL",
        "name": "ФКУ ИК-2 УФСИН России по Тульской области",
        "ovdInfo_ovdInfo_location_id": "reca6V47eWRuporXr"
      }
    },
    {
      "type": "Feature",
      "id": "rec9C75u4Gwdx1xcS",
      "geometry": {
        "type": "Point",
        "coordinates": [
          65.636787,
          57.123324
        ]
      },
      "properties": {
        "skladsizo_food_ordering_available": false,
        "skladsizo_payment_available": true,
        "skladsizo_product_delivery_available": false,
        "zt_is_maintenance": false,
        "fsinzak_id": "https://fsinzak-money.ru/catalog/tyumenskaya-oblast/ik-2-p-stroiteley/",
        "rodnayasvyaz_mail_connected": true,
        "rodnayasvyaz_phone_video_connected": true,
        "promservice_id": "promservice-105",
        "fsinpress_id": "fsinpress-Тюменская область-ИК-2",
        "region_iso": "RU-TYU",
        "name": "ФКУ ИК-2 УФСИН России по Тюменской области",
        "ovdInfo_ovdInfo_location_id": "rec9C75u4Gwdx1xcS"
      }
    },
    {
      "type": "Feature",
      "id": "recU4Yi9cbY4khmoI",
      "geometry": {
        "type": "Point",
        "coordinates": [
          45.35785,
          43.671325
        ]
      },
      "properties": {
        "skladsizo_food_ordering_available": false,
        "skladsizo_payment_available": true,
        "skladsizo_product_delivery_available": false,
        "zt_is_maintenance": false,
        "fsinzak_id": "https://fsinzak-money.ru/catalog/chechenskaya-resp/ik-2-s-chernokozovo/",
        "fsinpress_id": "fsinpress-Чеченская Республика-ИК-2",
        "region_iso": "RU-CE",
        "name": "ФКУ ИК-2 УФСИН России по Чеченской Республике",
        "ovdInfo_ovdInfo_location_id": "recU4Yi9cbY4khmoI"
      }
    },
    {
      "type": "Feature",
      "id": "recUZDGtcYrEaHBZm",
      "geometry": {
        "type": "Point",
        "coordinates": [
          38.718889,
          58.106074
        ]
      },
      "properties": {
        "skladsizo_food_ordering_available": false,
        "skladsizo_payment_available": true,
        "skladsizo_product_delivery_available": false,
        "zt_is_maintenance": false,
        "f_pismo_source_f_pismo_allowSending": "true",
        "fsinzak_id": "https://fsinzak-money.ru/catalog/yaroslavskaya-oblast/ik-2-g-rybinsk/",
        "rodnayasvyaz_mail_connected": true,
        "rodnayasvyaz_phone_video_connected": true,
        "promservice_id": "promservice-233",
        "fsinpress_id": "fsinpress-Ярославская область-ИК-2",
        "prisonmail_key": "IK2Rybinsk",
        "region_iso": "RU-YAR",
        "name": "ФКУ ИК-2 УФСИН России по Ярославской области",
        "ovdInfo_ovdInfo_location_id": "recUZDGtcYrEaHBZm"
      }
    },
    {
      "type": "Feature",
      "id": "recPcf0bZo9pInWG5",
      "geometry": {
        "type": "Point",
        "coordinates": [
          48.333414,
          54.166021
        ]
      },
      "properties": {
        "skladsizo_food_ordering_available": false,
        "skladsizo_payment_available": true,
        "skladsizo_product_delivery_available": false,
        "zt_is_maintenance": false,
        "fsinzak_id": "https://fsinzak-money.ru/catalog/ulyanovskaya-oblast/ik-2-g-novoulyanovsk/",
        "rodnayasvyaz_mail_connected": true,
        "rodnayasvyaz_phone_video_connected": true,
        "fsinpress_id": "fsinpress-Ульяновская область-ИК-2",
        "region_iso": "RU-ULY",
        "name": "ФКУ ИК-2 УФСИН России по Ульяновской области",
        "ovdInfo_ovdInfo_location_id": "recPcf0bZo9pInWG5"
      }
    },
    {
      "type": "Feature",
      "id": "recf1xvellO2in5Pp",
      "geometry": {
        "type": "Point",
        "coordinates": [
          104.324171,
          52.294585
        ]
      },
      "properties": {
        "skladsizo_food_ordering_available": false,
        "skladsizo_payment_available": true,
        "skladsizo_product_delivery_available": false,
        "zt_is_maintenance": false,
        "fsinzak_id": "https://fsinzak-money.ru/catalog/irkutskaya-oblast/ik-3-g-irkutsk/",
        "fsinpress_id": "fsinpress-Иркутская область-ИК-3",
        "region_iso": "RU-IRK",
        "name": "ФКУ ИК-3 УФСИН России по Иркутской области",
        "ovdInfo_ovdInfo_location_id": "recf1xvellO2in5Pp"
      }
    },
    {
      "type": "Feature",
      "id": "recJ2t9cCZCk46J0B",
      "geometry": {
        "type": "Point",
        "coordinates": [
          83.070438,
          54.948472
        ]
      },
      "properties": {
        "skladsizo_food_ordering_available": false,
        "skladsizo_payment_available": true,
        "skladsizo_product_delivery_available": false,
        "zt_is_maintenance": false,
        "fsinzak_id": "https://fsinzak-money.ru/catalog/novosibirskaya-oblast/ik-3-g-novosibirsk/",
        "fsinpress_id": "fsinpress-Новосибирская область-ИК-3",
        "region_iso": "RU-NVS",
        "name": "ФКУ ИК-3 УФСИН России по Новосибирской области",
        "ovdInfo_ovdInfo_location_id": "recJ2t9cCZCk46J0B"
      }
    },
    {
      "type": "Feature",
      "id": "reckwdqeLbRzZUI8u",
      "geometry": {
        "type": "Point",
        "coordinates": [
          40.409195,
          56.158681
        ]
      },
      "properties": {
        "skladsizo_food_ordering_available": false,
        "skladsizo_payment_available": true,
        "skladsizo_product_delivery_available": false,
        "zt_is_maintenance": false,
        "fsinzak_id": "https://fsinzak-money.ru/catalog/vladimirskaya-oblast/ik-3-g-vladimir/",
        "rodnayasvyaz_mail_connected": true,
        "rodnayasvyaz_phone_video_connected": true,
        "promservice_id": "promservice-201",
        "fsinpress_id": "fsinpress-Владимирская область-ИК-3",
        "region_iso": "RU-VLA",
        "name": "ФКУ ИК-3 УФСИН России по Владимирской области",
        "ovdInfo_ovdInfo_location_id": "reckwdqeLbRzZUI8u"
      }
    },
    {
      "type": "Feature",
      "id": "recJlvsghri3VuHpi",
      "geometry": {
        "type": "Point",
        "coordinates": [
          42.090144,
          57.444658
        ]
      },
      "properties": {
        "skladsizo_food_ordering_available": false,
        "skladsizo_payment_available": true,
        "skladsizo_product_delivery_available": false,
        "zt_is_maintenance": false,
        "f_pismo_source_f_pismo_allowSending": "false",
        "fsinzak_id": "https://fsinzak-money.ru/catalog/ivanovskaya-oblast/ik-3-g-kineshma/",
        "rodnayasvyaz_mail_connected": true,
        "rodnayasvyaz_phone_video_connected": true,
        "promservice_id": "promservice-213",
        "fsinpress_id": "fsinpress-Ивановская область-ИК-3",
        "prisonmail_key": "IK3Oktjabrskij",
        "region_iso": "RU-IVA",
        "name": "ФКУ ИК-3 УФСИН России по Ивановской области",
        "ovdInfo_ovdInfo_location_id": "recJlvsghri3VuHpi"
      }
    },
    {
      "type": "Feature",
      "id": "reciXDex9Kpvho7q7",
      "geometry": {
        "type": "Point",
        "coordinates": [
          56.235629,
          54.789479
        ]
      },
      "properties": {
        "skladsizo_food_ordering_available": false,
        "skladsizo_payment_available": true,
        "skladsizo_product_delivery_available": false,
        "zt_is_maintenance": false,
        "fsinzak_id": "https://fsinzak-money.ru/catalog/resp-bashkortostan/ik-3-g-ufa/",
        "rodnayasvyaz_mail_connected": true,
        "rodnayasvyaz_phone_video_connected": true,
        "fsinpress_id": "fsinpress-Республика Башкортостан-ИК-3",
        "region_iso": "RU-BA",
        "name": "ФКУ ИК-3 УФСИН России по Республике Башкортостан",
        "ovdInfo_ovdInfo_location_id": "reciXDex9Kpvho7q7"
      }
    },
    {
      "type": "Feature",
      "id": "recOL5mOUCApPoSIJ",
      "geometry": {
        "type": "Point",
        "coordinates": [
          47.796654,
          56.631822
        ]
      },
      "properties": {
        "skladsizo_food_ordering_available": false,
        "skladsizo_payment_available": true,
        "skladsizo_product_delivery_available": false,
        "zt_is_maintenance": false,
        "fsinzak_id": "https://fsinzak-money.ru/catalog/resp-mariy-el/ik-3-p-medvedevo/",
        "rodnayasvyaz_mail_connected": true,
        "rodnayasvyaz_phone_video_connected": true,
        "fsinpress_id": "fsinpress-Республика Марий Эл-ИК-3",
        "region_iso": "RU-ME",
        "name": "ФКУ ИК-3 УФСИН России по Республике Марий Эл",
        "ovdInfo_ovdInfo_location_id": "recOL5mOUCApPoSIJ"
      }
    },
    {
      "type": "Feature",
      "id": "rect9XoWyasTS1VL2",
      "geometry": {
        "type": "Point",
        "coordinates": [
          83.653389,
          53.311724
        ]
      },
      "properties": {
        "skladsizo_food_ordering_available": false,
        "skladsizo_payment_available": true,
        "skladsizo_product_delivery_available": false,
        "zt_is_maintenance": false,
        "fsinzak_id": "https://fsinzak-money.ru/catalog/altayskiy-kray/ik-3-kueta/",
        "promservice_id": "promservice-43",
        "fsinpress_id": "fsinpress-Алтайский край-ИК-3",
        "region_iso": "RU-ALT",
        "name": "ФКУ ИК-3 УФСИН России по Алтайскому краю",
        "ovdInfo_ovdInfo_location_id": "rect9XoWyasTS1VL2"
      }
    },
    {
      "type": "Feature",
      "id": "recpL6pcE77Rorsp8",
      "geometry": {
        "type": "Point",
        "coordinates": [
          127.993405,
          50.659779
        ]
      },
      "properties": {
        "skladsizo_food_ordering_available": false,
        "skladsizo_payment_available": true,
        "skladsizo_product_delivery_available": false,
        "zt_is_maintenance": false,
        "fsinzak_id": "https://fsinzak-money.ru/catalog/amurskaya-oblast/ik-3-s-srednebelaya/",
        "fsinpress_id": "fsinpress-Амурская область-ИК-3",
        "ariadna_normalized_ariadna_name": "ФКУ ИК-3 УФСИН",
        "region_iso": "RU-AMU",
        "name": "ФКУ ИК-3 УФСИН России по Амурской области",
        "ovdInfo_ovdInfo_location_id": "recpL6pcE77Rorsp8"
      }
    },
    {
      "type": "Feature",
      "id": "rec7iTONuHwSvERNW",
      "geometry": {
        "type": "Point",
        "coordinates": [
          113.341806,
          52.097022
        ]
      },
      "properties": {
        "skladsizo_food_ordering_available": false,
        "skladsizo_payment_available": true,
        "skladsizo_product_delivery_available": false,
        "zt_is_maintenance": false,
        "fsinzak_id": "https://fsinzak-money.ru/catalog/zabaykalskiy-kray/ik-3-g-chita/",
        "fsinpress_id": "fsinpress-Забайкальский край-ИК-3",
        "ariadna_normalized_ariadna_name": "ФКУ ИК-3",
        "pochtaRTS_connected": true,
        "region_iso": "RU-ZAB",
        "name": "ФКУ ИК-3 УФСИН России по Забайкальскому краю",
        "ovdInfo_ovdInfo_location_id": "rec7iTONuHwSvERNW"
      }
    },
    {
      "type": "Feature",
      "id": "rec6hjR56XPWClbcr",
      "geometry": {
        "type": "Point",
        "coordinates": [
          40.881951,
          57.894651
        ]
      },
      "properties": {
        "skladsizo_food_ordering_available": false,
        "skladsizo_payment_available": true,
        "skladsizo_product_delivery_available": false,
        "zt_is_maintenance": false,
        "f_pismo_source_f_pismo_allowSending": "true",
        "fsinzak_id": "https://fsinzak-money.ru/catalog/kostromskaya-oblast/ik-3-p-pribrezhnyy/",
        "rodnayasvyaz_mail_connected": true,
        "rodnayasvyaz_phone_video_connected": true,
        "promservice_id": "promservice-224",
        "fsinpress_id": "fsinpress-Костромская область-ИК-3",
        "prisonmail_key": "IK3Pribrezhnyj",
        "region_iso": "RU-KOS",
        "name": "ФКУ ИК-3 УФСИН России по Костромской области",
        "ovdInfo_ovdInfo_location_id": "rec6hjR56XPWClbcr"
      }
    },
    {
      "type": "Feature",
      "id": "recub7OVgj1oMqkrZ",
      "geometry": {
        "type": "Point",
        "coordinates": [
          35.258828,
          51.690563
        ]
      },
      "properties": {
        "skladsizo_food_ordering_available": false,
        "skladsizo_payment_available": true,
        "skladsizo_product_delivery_available": false,
        "zt_is_maintenance": false,
        "fsinzak_id": "https://fsinzak-money.ru/catalog/kurskaya-oblast/ik-3-g-lgov/",
        "fsinpress_id": "fsinpress-Курская область-ИК-3",
        "region_iso": "RU-KRS",
        "name": "ФКУ ИК-3 УФСИН России по Курской области",
        "ovdInfo_ovdInfo_location_id": "recub7OVgj1oMqkrZ"
      }
    },
    {
      "type": "Feature",
      "id": "recCKOWcoNbFMhy0O",
      "geometry": {
        "type": "Point",
        "coordinates": [
          96.712933,
          62.917018
        ]
      },
      "properties": {
        "skladsizo_food_ordering_available": false,
        "skladsizo_payment_available": true,
        "skladsizo_product_delivery_available": false,
        "fsinzak_id": "https://fsinzak-money.ru/catalog/orenburgskaya-oblast/ik-3-g-novotroick/",
        "fsinpress_id": "fsinpress-Оренбургская область-ИК-3",
        "region_iso": "RU-ORE",
        "name": "ФКУ ИК-3 УФСИН России по Оренбургской области",
        "ovdInfo_ovdInfo_location_id": "recCKOWcoNbFMhy0O"
      }
    },
    {
      "type": "Feature",
      "id": "recwKwwWPGyn5uSS3",
      "geometry": {
        "type": "Point",
        "coordinates": [
          39.482675,
          53.785865
        ]
      },
      "properties": {
        "skladsizo_food_ordering_available": false,
        "skladsizo_payment_available": true,
        "skladsizo_product_delivery_available": false,
        "zt_is_maintenance": false,
        "f_pismo_source_f_pismo_allowSending": "true",
        "fsinzak_id": "https://fsinzak-money.ru/catalog/ryazanskaya-oblast/ik-3-p-oktyabrskiy/",
        "rodnayasvyaz_mail_connected": true,
        "rodnayasvyaz_phone_video_connected": true,
        "fsinpress_id": "fsinpress-Рязанская область-ИК-3",
        "region_iso": "RU-RYA",
        "name": "ФКУ ИК-3 УФСИН России по Рязанской области",
        "ovdInfo_ovdInfo_location_id": "recwKwwWPGyn5uSS3"
      }
    },
    {
      "type": "Feature",
      "id": "recgLwjiiDnQp6aF3",
      "geometry": {
        "type": "Point",
        "coordinates": [
          49.896914,
          53.072017
        ]
      },
      "properties": {
        "skladsizo_food_ordering_available": false,
        "skladsizo_payment_available": true,
        "skladsizo_product_delivery_available": false,
        "zt_is_maintenance": false,
        "fsinzak_id": "https://fsinzak-money.ru/catalog/samarskaya-oblast/ik-3-g-novokuybyshevsk/",
        "rodnayasvyaz_mail_connected": true,
        "promservice_id": "promservice-263",
        "fsinpress_id": "fsinpress-Самарская область-ИК-3",
        "region_iso": "RU-SAM",
        "name": "ФКУ ИК-3 УФСИН России по Самарской области",
        "ovdInfo_ovdInfo_location_id": "recgLwjiiDnQp6aF3"
      }
    },
    {
      "type": "Feature",
      "id": "recox0VvQQBdVHVPZ",
      "geometry": {
        "type": "Point",
        "coordinates": [
          43.508568,
          44.213868
        ]
      },
      "properties": {
        "skladsizo_food_ordering_available": false,
        "skladsizo_payment_available": true,
        "skladsizo_product_delivery_available": false,
        "zt_is_maintenance": false,
        "fsinzak_id": "https://fsinzak-money.ru/catalog/stavropolskiy-kray/ik-3-s-krasnokumskoe/",
        "fsinpress_id": "fsinpress-Ставропольский край-ИК-3",
        "region_iso": "RU-STA",
        "name": "ФКУ ИК-3 УФСИН России по Ставропольскому краю",
        "ovdInfo_ovdInfo_location_id": "recox0VvQQBdVHVPZ"
      }
    },
    {
      "type": "Feature",
      "id": "recDLtQVh85EtcOOw",
      "geometry": {
        "type": "Point",
        "coordinates": [
          42.013961,
          52.716253
        ]
      },
      "properties": {
        "skladsizo_food_ordering_available": false,
        "skladsizo_payment_available": true,
        "skladsizo_product_delivery_available": false,
        "zt_is_maintenance": false,
        "f_pismo_source_f_pismo_allowSending": "true",
        "fsinzak_id": "https://fsinzak-money.ru/catalog/tambovskaya-oblast/ik-3-p-zelenyy/",
        "promservice_id": "promservice-332",
        "fsinpress_id": "fsinpress-Тамбовская область-ИК-3",
        "prisonmail_key": "IK3pZelenyj",
        "region_iso": "RU-TAM",
        "name": "ФКУ ИК-3 УФСИН России по Тамбовской области",
        "ovdInfo_ovdInfo_location_id": "recDLtQVh85EtcOOw"
      }
    },
    {
      "type": "Feature",
      "id": "rechF7Y8dlhpmNU4j",
      "geometry": {
        "type": "Point",
        "coordinates": [
          96.712933,
          62.917018
        ]
      },
      "properties": {
        "skladsizo_food_ordering_available": false,
        "skladsizo_payment_available": true,
        "skladsizo_product_delivery_available": false,
        "fsinzak_id": "https://fsinzak-money.ru/catalog/habarovskiy-kray/ik-3-g-habarovsk/",
        "fsinpress_id": "fsinpress-Хабаровский край-ИК-3",
        "ariadna_normalized_ariadna_name": "ФКУ ИК-3 УФСИН",
        "region_iso": "RU-KHA",
        "name": "ФКУ ИК-3 УФСИН России по Хабаровскому краю",
        "ovdInfo_ovdInfo_location_id": "rechF7Y8dlhpmNU4j"
      }
    },
    {
      "type": "Feature",
      "id": "recTulHNDGrSN1iLz",
      "geometry": {
        "type": "Point",
        "coordinates": [
          47.498767,
          56.088302
        ]
      },
      "properties": {
        "skladsizo_food_ordering_available": false,
        "skladsizo_payment_available": true,
        "skladsizo_product_delivery_available": false,
        "zt_is_maintenance": false,
        "fsinzak_id": "https://fsinzak-money.ru/catalog/chuvashskaya-resp/ik-3-g-novocheboksarsk/",
        "rodnayasvyaz_mail_connected": true,
        "rodnayasvyaz_phone_video_connected": true,
        "fsinpress_id": "fsinpress-Чувашская Республика-ИК-3",
        "region_iso": "RU-CU",
        "name": "ФКУ ИК-3 УФСИН России по Чувашской Республике",
        "ovdInfo_ovdInfo_location_id": "recTulHNDGrSN1iLz"
      }
    },
    {
      "type": "Feature",
      "id": "recSWA2zu9c6CdSvS",
      "geometry": {
        "type": "Point",
        "coordinates": [
          65.796347,
          66.819129
        ]
      },
      "properties": {
        "zt_is_maintenance": false,
        "fsinzak_id": "https://fsinzak-money.ru/catalog/yamalo-neneckiy/ik-3-p-harp/",
        "rodnayasvyaz_mail_connected": true,
        "rodnayasvyaz_phone_video_connected": true,
        "fsinpress_id": "fsinpress-Ямало-Ненецкий автономный округ-ИК-3",
        "region_iso": "RU-YAN",
        "name": "ФКУ ИК-3 УФСИН России по Ямало-Ненецкому автономному округу",
        "ovdInfo_ovdInfo_location_id": "recSWA2zu9c6CdSvS"
      }
    },
    {
      "type": "Feature",
      "id": "recAUQagBGwJdsMQm",
      "geometry": {
        "type": "Point",
        "coordinates": [
          38.301086,
          57.509766
        ]
      },
      "properties": {
        "skladsizo_food_ordering_available": false,
        "skladsizo_payment_available": true,
        "skladsizo_product_delivery_available": false,
        "zt_is_maintenance": false,
        "f_pismo_source_f_pismo_allowSending": "false",
        "fsinzak_id": "https://fsinzak-money.ru/catalog/yaroslavskaya-oblast/ik-3-g-uglich/",
        "rodnayasvyaz_mail_connected": true,
        "rodnayasvyaz_phone_video_connected": true,
        "promservice_id": "promservice-234",
        "fsinpress_id": "fsinpress-Ярославская область-ИК-3",
        "prisonmail_key": "IK3Uglich",
        "region_iso": "RU-YAR",
        "name": "ФКУ ИК-3 УФСИН России по Ярославской области",
        "ovdInfo_ovdInfo_location_id": "recAUQagBGwJdsMQm"
      }
    },
    {
      "type": "Feature",
      "id": "recMIE6rIAZu6rtyh",
      "geometry": {
        "type": "Point",
        "coordinates": [
          49.593299,
          54.233672
        ]
      },
      "properties": {
        "skladsizo_food_ordering_available": false,
        "skladsizo_payment_available": true,
        "skladsizo_product_delivery_available": false,
        "zt_is_maintenance": false,
        "f_pismo_source_f_pismo_allowSending": "true",
        "fsinzak_id": "https://fsinzak-money.ru/catalog/ulyanovskaya-oblast/ik-3-g-dimitrovgrad/",
        "rodnayasvyaz_mail_connected": true,
        "rodnayasvyaz_phone_video_connected": true,
        "fsinpress_id": "fsinpress-Ульяновская область-ИК-3",
        "prisonmail_key": "IK3Dimitrovgrad",
        "region_iso": "RU-ULY",
        "name": "ФКУ ИК-3 УФСИН России по Ульяновской области",
        "ovdInfo_ovdInfo_location_id": "recMIE6rIAZu6rtyh"
      }
    },
    {
      "type": "Feature",
      "id": "recjf8rgm7R8z1AEC",
      "geometry": {
        "type": "Point",
        "coordinates": [
          85.099296,
          56.493704
        ]
      },
      "properties": {
        "skladsizo_food_ordering_available": false,
        "skladsizo_payment_available": true,
        "skladsizo_product_delivery_available": false,
        "zt_is_maintenance": false,
        "f_pismo_source_f_pismo_allowSending": "true",
        "fsinzak_id": "https://fsinzak-money.ru/catalog/tomskaya-oblast/ik-3-g-tomsk/",
        "fsinpress_id": "fsinpress-Томская область-ИК-3",
        "ariadna_normalized_ariadna_name": "ФКУ ИК-3",
        "prisonmail_key": "IK3Tomsk",
        "region_iso": "RU-TOM",
        "name": "ФКУ ИК-3 УФСИН России по Томской области",
        "ovdInfo_ovdInfo_location_id": "recjf8rgm7R8z1AEC"
      }
    },
    {
      "type": "Feature",
      "id": "recWgR7Iy39DsOcBl",
      "geometry": {
        "type": "Point",
        "coordinates": [
          104.487346,
          52.346499
        ]
      },
      "properties": {
        "skladsizo_food_ordering_available": false,
        "skladsizo_payment_available": true,
        "skladsizo_product_delivery_available": false,
        "zt_is_maintenance": false,
        "fsinzak_id": "https://fsinzak-money.ru/catalog/irkutskaya-oblast/ik-4-p-plishkino/",
        "fsinpress_id": "fsinpress-Иркутская область-ИК-4",
        "ariadna_normalized_ariadna_name": "ФКУ ИК-4",
        "region_iso": "RU-IRK",
        "name": "ФКУ ИК-4 УФСИН России по Иркутской области",
        "ovdInfo_ovdInfo_location_id": "recWgR7Iy39DsOcBl"
      }
    },
    {
      "type": "Feature",
      "id": "recMVYqfH2PYVdQ0X",
      "geometry": {
        "type": "Point",
        "coordinates": [
          47.369721,
          57.953691
        ]
      },
      "properties": {
        "skladsizo_food_ordering_available": false,
        "skladsizo_payment_available": true,
        "skladsizo_product_delivery_available": false,
        "zt_is_maintenance": false,
        "fsinzak_id": "https://fsinzak-money.ru/catalog/nizhegorodskaya-oblast/ik-4-p-burepolom/",
        "rodnayasvyaz_mail_connected": true,
        "rodnayasvyaz_phone_video_connected": true,
        "promservice_id": "promservice-286",
        "fsinpress_id": "fsinpress-Нижегородская область-ИК-4",
        "region_iso": "RU-NIZ",
        "name": "ФКУ ИК-4 УФСИН России по Нижегородской области",
        "ovdInfo_ovdInfo_location_id": "recMVYqfH2PYVdQ0X"
      }
    },
    {
      "type": "Feature",
      "id": "rec36PM9ulnAhWuwh",
      "geometry": {
        "type": "Point",
        "coordinates": [
          38.661559,
          50.621071
        ]
      },
      "properties": {
        "skladsizo_food_ordering_available": false,
        "skladsizo_payment_available": true,
        "skladsizo_product_delivery_available": false,
        "zt_is_maintenance": false,
        "f_pismo_source_f_pismo_allowSending": "true",
        "fsinzak_id": "https://fsinzak-money.ru/catalog/belgorodskaya-oblast/ik-4-g-alekseevka/",
        "rodnayasvyaz_mail_connected": true,
        "rodnayasvyaz_phone_video_connected": true,
        "fsinpress_id": "fsinpress-Белгородская область-ИК-4",
        "prisonmail_key": "IK4Alekseevka",
        "region_iso": "RU-BEL",
        "name": "ФКУ ИК-4 УФСИН России по Белгородской области",
        "ovdInfo_ovdInfo_location_id": "rec36PM9ulnAhWuwh"
      }
    },
    {
      "type": "Feature",
      "id": "rec8p0LtiAdctMgWx",
      "geometry": {
        "type": "Point",
        "coordinates": [
          42.111717,
          56.22886
        ]
      },
      "properties": {
        "skladsizo_food_ordering_available": false,
        "skladsizo_payment_available": true,
        "skladsizo_product_delivery_available": false,
        "zt_is_maintenance": false,
        "fsinzak_id": "https://fsinzak-money.ru/catalog/vladimirskaya-oblast/ik-4-g-vyazniki/",
        "rodnayasvyaz_mail_connected": true,
        "rodnayasvyaz_phone_video_connected": true,
        "promservice_id": "promservice-202",
        "fsinpress_id": "fsinpress-Владимирская область-ИК-4",
        "region_iso": "RU-VLA",
        "name": "ФКУ ИК-4 УФСИН России по Владимирской области",
        "ovdInfo_ovdInfo_location_id": "rec8p0LtiAdctMgWx"
      }
    },
    {
      "type": "Feature",
      "id": "recotRpVepFUETEY8",
      "geometry": {
        "type": "Point",
        "coordinates": [
          46.683577,
          61.249378
        ]
      },
      "properties": {
        "skladsizo_food_ordering_available": false,
        "skladsizo_payment_available": true,
        "skladsizo_product_delivery_available": false,
        "zt_is_maintenance": false,
        "f_pismo_source_f_pismo_allowSending": "true",
        "fsinzak_id": "https://fsinzak-money.ru/catalog/arhangelskaya-oblast/ik-4-g-kotlas/",
        "rodnayasvyaz_mail_connected": true,
        "rodnayasvyaz_phone_video_connected": true,
        "fsinpress_id": "fsinpress-Архангельская область-ИК-4",
        "prisonmail_key": "IK4Kotlas",
        "AO_name": "Архангельское ФКУ ИК-4",
        "region_iso": "RU-ARK",
        "name": "ФКУ ИК-4 УФСИН России по Архангельской области",
        "ovdInfo_ovdInfo_location_id": "recotRpVepFUETEY8"
      }
    },
    {
      "type": "Feature",
      "id": "rec8RfxNO5ra9pax8",
      "geometry": {
        "type": "Point",
        "coordinates": [
          43.766098,
          43.756558
        ]
      },
      "properties": {
        "skladsizo_food_ordering_available": false,
        "skladsizo_payment_available": true,
        "skladsizo_product_delivery_available": false,
        "zt_is_maintenance": false,
        "fsinzak_id": "https://fsinzak-money.ru/catalog/k-b-r/ik-4-p-sovetskoe/",
        "fsinpress_id": "fsinpress-Республика Кабардино-Балкарская-ИК-4",
        "region_iso": "RU-KB",
        "name": "ФКУ ИК-4 УФСИН России по Кабардино-Балкарской Республике",
        "ovdInfo_ovdInfo_location_id": "rec8RfxNO5ra9pax8"
      }
    },
    {
      "type": "Feature",
      "id": "recEzzRXxUNwzGmDq",
      "geometry": {
        "type": "Point",
        "coordinates": [
          96.712933,
          62.917018
        ]
      },
      "properties": {
        "skladsizo_food_ordering_available": false,
        "skladsizo_payment_available": true,
        "skladsizo_product_delivery_available": false,
        "fsinzak_id": "https://fsinzak-money.ru/catalog/kostromskaya-oblast/ik-4-p-ostrovskoe/",
        "promservice_id": "promservice-225",
        "fsinpress_id": "fsinpress-Костромская область-ИК-4",
        "region_iso": "RU-KOS",
        "name": "ФКУ ИК-4 УФСИН России по Костромской области",
        "ovdInfo_ovdInfo_location_id": "recEzzRXxUNwzGmDq"
      }
    },
    {
      "type": "Feature",
      "id": "recNdRRvsvGqrvqoY",
      "geometry": {
        "type": "Point",
        "coordinates": [
          150.859221,
          59.892616
        ]
      },
      "properties": {
        "skladsizo_food_ordering_available": false,
        "skladsizo_payment_available": true,
        "skladsizo_product_delivery_available": false,
        "zt_is_maintenance": false,
        "fsinzak_id": "https://fsinzak-money.ru/catalog/magadanskaya-oblast/ik-4-g-magadan/",
        "fsinpress_id": "fsinpress-Магаданская область-ИК-4",
        "ariadna_normalized_ariadna_name": "ФКУ ИК-4 УФСИН",
        "region_iso": "RU-MAG",
        "name": "ФКУ ИК-4 УФСИН России по Магаданской области",
        "ovdInfo_ovdInfo_location_id": "recNdRRvsvGqrvqoY"
      }
    },
    {
      "type": "Feature",
      "id": "recq5Ymy83sgnL0HR",
      "geometry": {
        "type": "Point",
        "coordinates": [
          33.218759,
          57.98763
        ]
      },
      "properties": {
        "skladsizo_food_ordering_available": false,
        "skladsizo_payment_available": true,
        "skladsizo_product_delivery_available": false,
        "zt_is_maintenance": false,
        "f_pismo_source_f_pismo_allowSending": "false",
        "fsinzak_id": "https://fsinzak-money.ru/catalog/novgorodskaya-oblast/ik-4-g-valday/",
        "rodnayasvyaz_mail_connected": true,
        "rodnayasvyaz_phone_video_connected": true,
        "promservice_id": "promservice-26",
        "fsinpress_id": "fsinpress-Новгородская область-ИК-4",
        "prisonmail_key": "IK4Valdaj",
        "region_iso": "RU-NGR",
        "name": "ФКУ ИК-4 УФСИН России по Новгородской области",
        "ovdInfo_ovdInfo_location_id": "recq5Ymy83sgnL0HR"
      }
    },
    {
      "type": "Feature",
      "id": "recbHX4pAVVHsBKtn",
      "geometry": {
        "type": "Point",
        "coordinates": [
          45.120276,
          53.218834
        ]
      },
      "properties": {
        "skladsizo_food_ordering_available": false,
        "skladsizo_payment_available": true,
        "skladsizo_product_delivery_available": false,
        "zt_is_maintenance": false,
        "fsinzak_id": "https://fsinzak-money.ru/catalog/penzenskaya-oblast/ik-4-g-penza/",
        "rodnayasvyaz_mail_connected": true,
        "rodnayasvyaz_phone_video_connected": true,
        "promservice_id": "promservice-324",
        "fsinpress_id": "fsinpress-Пензенская область-ИК-4",
        "region_iso": "RU-PNZ",
        "name": "ФКУ ИК-4 УФСИН России по Пензенской области",
        "ovdInfo_ovdInfo_location_id": "recbHX4pAVVHsBKtn"
      }
    },
    {
      "type": "Feature",
      "id": "recmiH9YHnGYxKqjT",
      "geometry": {
        "type": "Point",
        "coordinates": [
          92.95029,
          51.521809
        ]
      },
      "properties": {
        "skladsizo_food_ordering_available": false,
        "skladsizo_payment_available": true,
        "skladsizo_product_delivery_available": false,
        "zt_is_maintenance": false,
        "fsinzak_id": "https://fsinzak-money.ru/catalog/resp-tyva/ik-4-g-shagonar/",
        "fsinpress_id": "fsinpress-Республика Тыва-ИК-4",
        "ariadna_normalized_ariadna_name": "ФКУ ИК-4 УФСИН",
        "region_iso": "RU-TY",
        "name": "ФКУ ИК-4 УФСИН России по Республике Тыва",
        "ovdInfo_ovdInfo_location_id": "recmiH9YHnGYxKqjT"
      }
    },
    {
      "type": "Feature",
      "id": "recufZgvJMPFLvfbU",
      "geometry": {
        "type": "Point",
        "coordinates": [
          96.712933,
          62.917018
        ]
      },
      "properties": {
        "skladsizo_food_ordering_available": false,
        "skladsizo_payment_available": true,
        "skladsizo_product_delivery_available": false,
        "fsinzak_id": "https://fsinzak-money.ru/catalog/resp-tatarstan/ik-4-g-nizhnekamsk-10/",
        "fsinpress_id": "fsinpress-Республика Татарстан-ИК-4",
        "ariadna_normalized_ariadna_name": "ФКУ ИК-4",
        "region_iso": "RU-TA",
        "name": "ФКУ ИК-4 УФСИН России по Республике Татарстан",
        "ovdInfo_ovdInfo_location_id": "recufZgvJMPFLvfbU"
      }
    },
    {
      "type": "Feature",
      "id": "recOc92D8pZJ4fKiE",
      "geometry": {
        "type": "Point",
        "coordinates": [
          48.768069,
          51.988138
        ]
      },
      "properties": {
        "skladsizo_food_ordering_available": false,
        "skladsizo_payment_available": true,
        "skladsizo_product_delivery_available": false,
        "zt_is_maintenance": false,
        "f_pismo_source_f_pismo_allowSending": "true",
        "fsinzak_id": "https://fsinzak-money.ru/catalog/saratovskaya-oblast/ik-4-g-pugachev/",
        "promservice_id": "promservice-348",
        "fsinpress_id": "fsinpress-Саратовская область-ИК-4",
        "region_iso": "RU-SAR",
        "name": "ФКУ ИК-4 УФСИН России по Саратовской области",
        "ovdInfo_ovdInfo_location_id": "recOc92D8pZJ4fKiE"
      }
    },
    {
      "type": "Feature",
      "id": "rec5Ba6vM46zJC432",
      "geometry": {
        "type": "Point",
        "coordinates": [
          34.967299,
          57.01781
        ]
      },
      "properties": {
        "skladsizo_food_ordering_available": false,
        "skladsizo_payment_available": true,
        "skladsizo_product_delivery_available": false,
        "zt_is_maintenance": false,
        "f_pismo_source_f_pismo_allowSending": "true",
        "fsinzak_id": "https://fsinzak-money.ru/catalog/tverskaya-oblast/ik-4-g-torzhok/",
        "fsinpress_id": "fsinpress-Тверская область-ИК-4",
        "prisonmail_key": "IK4Torzhok",
        "region_iso": "RU-TVE",
        "name": "ФКУ ИК-4 УФСИН России по Тверской области",
        "ovdInfo_ovdInfo_location_id": "rec5Ba6vM46zJC432"
      }
    },
    {
      "type": "Feature",
      "id": "reclKh0GQrfS9UumO",
      "geometry": {
        "type": "Point",
        "coordinates": [
          37.271837,
          53.722602
        ]
      },
      "properties": {
        "skladsizo_food_ordering_available": false,
        "skladsizo_payment_available": true,
        "skladsizo_product_delivery_available": false,
        "zt_is_maintenance": false,
        "fsinzak_id": "https://fsinzak-money.ru/catalog/tulskaya-oblast/ik-4-p-belaya-gora/",
        "fsinpress_id": "fsinpress-Тульская область-ИК-4",
        "region_iso": "RU-TUL",
        "name": "ФКУ ИК-4 УФСИН России по Тульской области",
        "ovdInfo_ovdInfo_location_id": "reclKh0GQrfS9UumO"
      }
    },
    {
      "type": "Feature",
      "id": "receX9uZhxUUrgxfv",
      "geometry": {
        "type": "Point",
        "coordinates": [
          65.4604,
          57.15597
        ]
      },
      "properties": {
        "skladsizo_food_ordering_available": false,
        "skladsizo_payment_available": true,
        "skladsizo_product_delivery_available": false,
        "zt_is_maintenance": false,
        "fsinzak_id": "https://fsinzak-money.ru/catalog/tyumenskaya-oblast/ik-4-g-tyumen/",
        "rodnayasvyaz_mail_connected": true,
        "rodnayasvyaz_phone_video_connected": true,
        "promservice_id": "promservice-106",
        "fsinpress_id": "fsinpress-Тюменская область-ИК-4",
        "region_iso": "RU-TYU",
        "name": "ФКУ ИК-4 УФСИН России по Тюменской области",
        "ovdInfo_ovdInfo_location_id": "receX9uZhxUUrgxfv"
      }
    },
    {
      "type": "Feature",
      "id": "recThXt9PQV2s9k6d",
      "geometry": {
        "type": "Point",
        "coordinates": [
          84.963536,
          56.453917
        ]
      },
      "properties": {
        "skladsizo_food_ordering_available": false,
        "skladsizo_payment_available": true,
        "skladsizo_product_delivery_available": false,
        "zt_is_maintenance": false,
        "f_pismo_source_f_pismo_allowSending": "true",
        "fsinzak_id": "https://fsinzak-money.ru/catalog/tomskaya-oblast/ik-4-g-tomsk/",
        "fsinpress_id": "fsinpress-Томская область-ИК-4",
        "ariadna_normalized_ariadna_name": "ФКУ ИК-4 УФСИН",
        "prisonmail_key": "IK4Tomsk",
        "region_iso": "RU-TOM",
        "name": "ФКУ ИК-4 ФСИН России по Томской области",
        "ovdInfo_ovdInfo_location_id": "recThXt9PQV2s9k6d"
      }
    },
    {
      "type": "Feature",
      "id": "recrJNiJG3WT8QUBc",
      "geometry": {
        "type": "Point",
        "coordinates": [
          86.102053,
          55.329309
        ]
      },
      "properties": {
        "skladsizo_food_ordering_available": false,
        "skladsizo_payment_available": true,
        "skladsizo_product_delivery_available": false,
        "zt_is_maintenance": false,
        "fsinzak_id": "https://fsinzak-money.ru/catalog/kemerovskaya-oblast/ik-5-g-kemerovo/",
        "promservice_id": "promservice-53",
        "fsinpress_id": "fsinpress-Кемеровская область-ИК-5",
        "ariadna_normalized_ariadna_name": "ФКУ ИК-5 ГУФСИН",
        "region_iso": "RU-KEM",
        "name": "ФКУ ИК-5 УФСИН России по Кемеровской области",
        "ovdInfo_ovdInfo_location_id": "recrJNiJG3WT8QUBc"
      }
    },
    {
      "type": "Feature",
      "id": "rec0s9NLTwD8uxWiM",
      "geometry": {
        "type": "Point",
        "coordinates": [
          43.881733,
          56.305075
        ]
      },
      "properties": {
        "skladsizo_food_ordering_available": false,
        "skladsizo_payment_available": true,
        "skladsizo_product_delivery_available": false,
        "zt_is_maintenance": false,
        "fsinzak_id": "https://fsinzak-money.ru/catalog/nizhegorodskaya-oblast/ik-5-g-nizhniy-novgorod/",
        "rodnayasvyaz_mail_connected": true,
        "promservice_id": "promservice-287",
        "fsinpress_id": "fsinpress-Нижегородская область-ИК-5",
        "region_iso": "RU-NIZ",
        "name": "ФКУ ИК-5 УФСИН России по Нижегородской области",
        "ovdInfo_ovdInfo_location_id": "rec0s9NLTwD8uxWiM"
      }
    },
    {
      "type": "Feature",
      "id": "recaLd4yZAeYzdE27",
      "geometry": {
        "type": "Point",
        "coordinates": [
          60.030531,
          57.939578
        ]
      },
      "properties": {
        "skladsizo_food_ordering_available": false,
        "skladsizo_payment_available": true,
        "skladsizo_product_delivery_available": false,
        "zt_is_maintenance": false,
        "fsinzak_id": "https://fsinzak-money.ru/catalog/sverdlovskaya-oblast/ik-5-g-nizhniy-tagil/",
        "rodnayasvyaz_mail_connected": true,
        "rodnayasvyaz_phone_video_connected": true,
        "promservice_id": "promservice-134",
        "fsinpress_id": "fsinpress-Свердловская область-ИК-5",
        "region_iso": "RU-SVE",
        "name": "ФКУ ИК-5 УФСИН России по Свердловской области",
        "ovdInfo_ovdInfo_location_id": "recaLd4yZAeYzdE27"
      }
    },
    {
      "type": "Feature",
      "id": "recQqgeTnudSs8Pbu",
      "geometry": {
        "type": "Point",
        "coordinates": [
          61.401848,
          55.269208
        ]
      },
      "properties": {
        "skladsizo_food_ordering_available": false,
        "skladsizo_payment_available": true,
        "skladsizo_product_delivery_available": false,
        "zt_is_maintenance": false,
        "fsinzak_id": "https://fsinzak-money.ru/catalog/chelyabinskaya-oblast/ik-5-g-chelyabinsk/",
        "rodnayasvyaz_mail_connected": true,
        "rodnayasvyaz_phone_video_connected": true,
        "promservice_id": "promservice-148",
        "fsinpress_id": "fsinpress-Челябинская область-ИК-5",
        "ariadna_normalized_ariadna_name": "ФКУ ИК-5",
        "region_iso": "RU-CHE",
        "name": "ФКУ ИК-5 УФСИН России по Челябинской области",
        "ovdInfo_ovdInfo_location_id": "recQqgeTnudSs8Pbu"
      }
    },
    {
      "type": "Feature",
      "id": "recXGhlxIXtk75eth",
      "geometry": {
        "type": "Point",
        "coordinates": [
          36.640547,
          50.559905
        ]
      },
      "properties": {
        "skladsizo_food_ordering_available": false,
        "skladsizo_payment_available": true,
        "skladsizo_product_delivery_available": false,
        "zt_is_maintenance": false,
        "fsinzak_id": "https://fsinzak-money.ru/catalog/belgorodskaya-oblast/ik-5-g-belgorod/",
        "rodnayasvyaz_mail_connected": true,
        "rodnayasvyaz_phone_video_connected": true,
        "fsinpress_id": "fsinpress-Белгородская область-ИК-5",
        "region_iso": "RU-BEL",
        "name": "ФКУ ИК-5 УФСИН России по Белгородской области",
        "ovdInfo_ovdInfo_location_id": "recXGhlxIXtk75eth"
      }
    },
    {
      "type": "Feature",
      "id": "recZq8hmYlewIEDq4",
      "geometry": {
        "type": "Point",
        "coordinates": [
          32.763247,
          52.594048
        ]
      },
      "properties": {
        "skladsizo_food_ordering_available": false,
        "skladsizo_payment_available": true,
        "skladsizo_product_delivery_available": false,
        "zt_is_maintenance": false,
        "fsinzak_id": "https://fsinzak-money.ru/catalog/bryanskaya-oblast/ik-5-g-starodub/",
        "rodnayasvyaz_mail_connected": true,
        "fsinpress_id": "fsinpress-Брянская область-ИК-5",
        "region_iso": "RU-BRY",
        "name": "ФКУ ИК-5 УФСИН России по Брянской области",
        "ovdInfo_ovdInfo_location_id": "recZq8hmYlewIEDq4"
      }
    },
    {
      "type": "Feature",
      "id": "recSMHxsJP3Ls7Sjq",
      "geometry": {
        "type": "Point",
        "coordinates": [
          41.120034,
          56.93942
        ]
      },
      "properties": {
        "skladsizo_food_ordering_available": false,
        "skladsizo_payment_available": true,
        "skladsizo_product_delivery_available": false,
        "fsinzak_id": "https://fsinzak-money.ru/catalog/ivanovskaya-oblast/ik-5-g-kohma/",
        "rodnayasvyaz_mail_connected": true,
        "promservice_id": "promservice-215",
        "fsinpress_id": "fsinpress-Ивановская область-ИК-5",
        "f_apteka_normalized_source_enableOrdersSending": true,
        "region_iso": "RU-IVA",
        "name": "ФКУ ИК-5 УФСИН России по Ивановской области",
        "ovdInfo_ovdInfo_location_id": "recSMHxsJP3Ls7Sjq"
      }
    },
    {
      "type": "Feature",
      "id": "recimhKu9JSHLeTO6",
      "geometry": {
        "type": "Point",
        "coordinates": [
          35.375934,
          54.075909
        ]
      },
      "properties": {
        "skladsizo_food_ordering_available": false,
        "skladsizo_payment_available": true,
        "skladsizo_product_delivery_available": false,
        "zt_is_maintenance": false,
        "fsinzak_id": "https://fsinzak-money.ru/catalog/kaluzhskaya-oblast/ik-5-g-suhinichi/",
        "fsinpress_id": "fsinpress-Калужская область-ИК-5",
        "region_iso": "RU-KLU",
        "name": "ФКУ ИК-5 УФСИН России по Калужской области",
        "ovdInfo_ovdInfo_location_id": "recimhKu9JSHLeTO6"
      }
    },
    {
      "type": "Feature",
      "id": "recToGuduZPpI86Mq",
      "geometry": {
        "type": "Point",
        "coordinates": [
          96.712933,
          62.917018
        ]
      },
      "properties": {
        "skladsizo_food_ordering_available": false,
        "skladsizo_payment_available": true,
        "skladsizo_product_delivery_available": false,
        "fsinzak_id": "https://fsinzak-money.ru/catalog/lipeckaya-oblast/ik-5-g-lipeck/",
        "fsinpress_id": "fsinpress-Липецкая область-ИК-5",
        "region_iso": "RU-LIP",
        "name": "ФКУ ИК-5 УФСИН России по Липецкой области",
        "ovdInfo_ovdInfo_location_id": "recToGuduZPpI86Mq"
      }
    },
    {
      "type": "Feature",
      "id": "recdETUWmZHxmy5pt",
      "geometry": {
        "type": "Point",
        "coordinates": [
          36.059269,
          55.505482
        ]
      },
      "properties": {
        "zt_is_maintenance": false,
        "f_pismo_source_f_pismo_allowSending": "true",
        "fsinzak_id": "https://fsinzak-money.ru/catalog/moskovskaya-oblast/ik-5-p-im-dzerzhinskogo/",
        "fsinpress_id": "fsinpress-Московская область-ИК-5",
        "prisonmail_key": "IK5ZhenskajaMozhajsk",
        "sidim_connected": true,
        "region_iso": "RU-MOS",
        "name": "ФКУ ИК-5 УФСИН России по Московской области",
        "ovdInfo_ovdInfo_location_id": "recdETUWmZHxmy5pt"
      }
    },
    {
      "type": "Feature",
      "id": "rec5WEooA2RvYqGCF",
      "geometry": {
        "type": "Point",
        "coordinates": [
          96.712933,
          62.917018
        ]
      },
      "properties": {
        "skladsizo_food_ordering_available": false,
        "skladsizo_payment_available": true,
        "skladsizo_product_delivery_available": false,
        "region_iso": "RU-ME",
        "name": "ФКУ ИК-5 УФСИН России по Республике Марий Эл",
        "ovdInfo_ovdInfo_location_id": "rec5WEooA2RvYqGCF"
      }
    },
    {
      "type": "Feature",
      "id": "rec8LJxnjJYvw9hn5",
      "geometry": {
        "type": "Point",
        "coordinates": [
          81.216956,
          51.552039
        ]
      },
      "properties": {
        "skladsizo_food_ordering_available": false,
        "skladsizo_payment_available": true,
        "skladsizo_product_delivery_available": false,
        "zt_is_maintenance": false,
        "fsinzak_id": "https://fsinzak-money.ru/catalog/altayskiy-kray/ik-5-g-rubcovsk/",
        "promservice_id": "promservice-45",
        "fsinpress_id": "fsinpress-Алтайский край-ИК-5",
        "region_iso": "RU-ALT",
        "name": "ФКУ ИК-5 УФСИН России по Алтайскому краю",
        "ovdInfo_ovdInfo_location_id": "rec8LJxnjJYvw9hn5"
      }
    },
    {
      "type": "Feature",
      "id": "recSwnf86dOkorKQS",
      "geometry": {
        "type": "Point",
        "coordinates": [
          47.043811,
          61.265111
        ]
      },
      "properties": {
        "skladsizo_food_ordering_available": false,
        "skladsizo_payment_available": true,
        "skladsizo_product_delivery_available": false,
        "zt_is_maintenance": false,
        "fsinzak_id": "https://fsinzak-money.ru/catalog/arhangelskaya-oblast/ik-5-g-koryazhma/",
        "rodnayasvyaz_mail_connected": true,
        "rodnayasvyaz_phone_video_connected": true,
        "fsinpress_id": "fsinpress-Архангельская область-ИК-5",
        "AO_name": "Архангельское ФКУ ИК-5",
        "region_iso": "RU-ARK",
        "name": "ФКУ ИК-5 УФСИН России по Архангельской области",
        "ovdInfo_ovdInfo_location_id": "recSwnf86dOkorKQS"
      }
    },
    {
      "type": "Feature",
      "id": "rec4SFxFouFOjtx1m",
      "geometry": {
        "type": "Point",
        "coordinates": [
          37.238334,
          59.954599
        ]
      },
      "properties": {
        "skladsizo_food_ordering_available": false,
        "skladsizo_payment_available": true,
        "skladsizo_product_delivery_available": false,
        "zt_is_maintenance": false,
        "fsinzak_id": "https://fsinzak-money.ru/catalog/vologodskaya-oblast/ik-5-vologodskiy-pyatak/",
        "promservice_id": "promservice-254",
        "fsinpress_id": "fsinpress-Вологодская область-ИК-5",
        "region_iso": "RU-VLG",
        "name": "ФКУ ИК-5 УФСИН России по Вологодской области",
        "ovdInfo_ovdInfo_location_id": "rec4SFxFouFOjtx1m"
      }
    },
    {
      "type": "Feature",
      "id": "reclTJUll59vqjtBI",
      "geometry": {
        "type": "Point",
        "coordinates": [
          113.556168,
          52.00511
        ]
      },
      "properties": {
        "skladsizo_food_ordering_available": false,
        "skladsizo_payment_available": true,
        "skladsizo_product_delivery_available": false,
        "zt_is_maintenance": false,
        "fsinzak_id": "https://fsinzak-money.ru/catalog/zabaykalskiy-kray/ik-5-p-antipiha/",
        "fsinpress_id": "fsinpress-Забайкальский край-ИК-5",
        "ariadna_normalized_ariadna_name": "ФКУ ИК-5",
        "region_iso": "RU-ZAB",
        "name": "ФКУ ИК-5 УФСИН России по Забайкальскому краю",
        "ovdInfo_ovdInfo_location_id": "reclTJUll59vqjtBI"
      }
    },
    {
      "type": "Feature",
      "id": "recb1v9x3oTBAse66",
      "geometry": {
        "type": "Point",
        "coordinates": [
          158.61294,
          53.082854
        ]
      },
      "properties": {
        "skladsizo_food_ordering_available": false,
        "skladsizo_payment_available": true,
        "skladsizo_product_delivery_available": false,
        "zt_is_maintenance": false,
        "fsinzak_id": "https://fsinzak-money.ru/catalog/kamchatskiy-kray/ik-5-g-petropavlovsk-kam/",
        "fsinpress_id": "fsinpress-Камчатский край-ИК-5",
        "ariadna_normalized_ariadna_name": "ФКУ ИК-5",
        "region_iso": "RU-KAM",
        "name": "ФКУ ИК-5 УФСИН России по Камчатскому краю",
        "ovdInfo_ovdInfo_location_id": "recb1v9x3oTBAse66"
      }
    },
    {
      "type": "Feature",
      "id": "recRxL2r992Am1xYk",
      "geometry": {
        "type": "Point",
        "coordinates": [
          50.021192,
          58.561166
        ]
      },
      "properties": {
        "skladsizo_food_ordering_available": false,
        "skladsizo_payment_available": true,
        "skladsizo_product_delivery_available": false,
        "zt_is_maintenance": false,
        "fsinzak_id": "https://fsinzak-money.ru/catalog/kirovskaya-oblast/ik-5-g-kirovo-chepeck/",
        "rodnayasvyaz_mail_connected": true,
        "rodnayasvyaz_phone_video_connected": true,
        "promservice_id": "promservice-314",
        "fsinpress_id": "fsinpress-Кировская область-ИК-5",
        "region_iso": "RU-KIR",
        "name": "ФКУ ИК-5 УФСИН России по Кировской области",
        "ovdInfo_ovdInfo_location_id": "recRxL2r992Am1xYk"
      }
    },
    {
      "type": "Feature",
      "id": "recGamEaafYkwOaNO",
      "geometry": {
        "type": "Point",
        "coordinates": [
          58.387077,
          51.21225
        ]
      },
      "properties": {
        "skladsizo_food_ordering_available": false,
        "skladsizo_payment_available": true,
        "skladsizo_product_delivery_available": false,
        "zt_is_maintenance": false,
        "fsinzak_id": "https://fsinzak-money.ru/catalog/orenburgskaya-oblast/ik-5-g-novotroick/",
        "rodnayasvyaz_mail_connected": true,
        "promservice_id": "promservice-241",
        "fsinpress_id": "fsinpress-Оренбургская область-ИК-5",
        "region_iso": "RU-ORE",
        "name": "ФКУ ИК-5 УФСИН России по Оренбургской области",
        "ovdInfo_ovdInfo_location_id": "recGamEaafYkwOaNO"
      }
    },
    {
      "type": "Feature",
      "id": "recdTSGBeNhbvOKfR",
      "geometry": {
        "type": "Point",
        "coordinates": [
          35.725538,
          52.973693
        ]
      },
      "properties": {
        "skladsizo_food_ordering_available": false,
        "skladsizo_payment_available": true,
        "skladsizo_product_delivery_available": false,
        "zt_is_maintenance": false,
        "f_pismo_source_f_pismo_allowSending": "false",
        "fsinzak_id": "https://fsinzak-money.ru/catalog/orlovskaya-oblast/ik-5-p-naryshkino/",
        "fsinpress_id": "fsinpress-Орловская область-ИК-5",
        "prisonmail_key": "IK5Naryshkino",
        "region_iso": "RU-ORL",
        "name": "ФКУ ИК-5 УФСИН России по Орловской области",
        "ovdInfo_ovdInfo_location_id": "recdTSGBeNhbvOKfR"
      }
    },
    {
      "type": "Feature",
      "id": "receSu1FVuyiuxsmn",
      "geometry": {
        "type": "Point",
        "coordinates": [
          42.853973,
          54.309449
        ]
      },
      "properties": {
        "skladsizo_food_ordering_available": false,
        "skladsizo_payment_available": true,
        "skladsizo_product_delivery_available": false,
        "zt_is_maintenance": false,
        "fsinzak_id": "https://fsinzak-money.ru/catalog/resp-mordoviya/ik-5-p-lepley/",
        "rodnayasvyaz_mail_connected": true,
        "rodnayasvyaz_phone_video_connected": true,
        "promservice_id": "promservice-170",
        "fsinpress_id": "fsinpress-Республика Мордовия-ИК-5",
        "region_iso": "RU-MO",
        "name": "ФКУ ИК-5 УФСИН России по республике Мордовия",
        "ovdInfo_ovdInfo_location_id": "receSu1FVuyiuxsmn"
      }
    },
    {
      "type": "Feature",
      "id": "recBvM6sEXUUiBoLA",
      "geometry": {
        "type": "Point",
        "coordinates": [
          48.530399,
          55.793905
        ]
      },
      "properties": {
        "skladsizo_food_ordering_available": false,
        "skladsizo_payment_available": true,
        "skladsizo_product_delivery_available": false,
        "zt_is_maintenance": false,
        "fsinzak_id": "https://fsinzak-money.ru/catalog/resp-tatarstan/ik-5-p-nizhnie-vyazovye/",
        "rodnayasvyaz_mail_connected": true,
        "rodnayasvyaz_phone_video_connected": true,
        "fsinpress_id": "fsinpress-Республика Татарстан-ИК-5",
        "region_iso": "RU-TA",
        "name": "ФКУ ИК-5 УФСИН России по Республике Татарстан",
        "ovdInfo_ovdInfo_location_id": "recBvM6sEXUUiBoLA"
      }
    },
    {
      "type": "Feature",
      "id": "recIB5Dz7NKB2recv",
      "geometry": {
        "type": "Point",
        "coordinates": [
          38.883971,
          53.894436
        ]
      },
      "properties": {
        "skladsizo_food_ordering_available": false,
        "skladsizo_payment_available": true,
        "skladsizo_product_delivery_available": false,
        "zt_is_maintenance": false,
        "f_pismo_source_f_pismo_allowSending": "true",
        "fsinzak_id": "https://fsinzak-money.ru/catalog/ryazanskaya-oblast/ik-5-p-klekotki/",
        "rodnayasvyaz_mail_connected": true,
        "rodnayasvyaz_phone_video_connected": true,
        "fsinpress_id": "fsinpress-Рязанская область-ИК-5",
        "prisonmail_key": "IK5Klekotki",
        "region_iso": "RU-RYA",
        "name": "ФКУ ИК-5 УФСИН России по Рязанской области",
        "ovdInfo_ovdInfo_location_id": "recIB5Dz7NKB2recv"
      }
    },
    {
      "type": "Feature",
      "id": "recYCtT0PnmkyJia2",
      "geometry": {
        "type": "Point",
        "coordinates": [
          47.366272,
          52.082132
        ]
      },
      "properties": {
        "skladsizo_food_ordering_available": false,
        "skladsizo_payment_available": true,
        "skladsizo_product_delivery_available": false,
        "zt_is_maintenance": false,
        "f_pismo_source_f_pismo_allowSending": "true",
        "fsinzak_id": "https://fsinzak-money.ru/catalog/saratovskaya-oblast/ik-5-g-volsk/",
        "promservice_id": "promservice-349",
        "fsinpress_id": "fsinpress-Саратовская область-ИК-5",
        "prisonmail_key": "IK5Volsk",
        "region_iso": "RU-SAR",
        "name": "ФКУ ИК-5 УФСИН России по Саратовской области",
        "ovdInfo_ovdInfo_location_id": "recYCtT0PnmkyJia2"
      }
    },
    {
      "type": "Feature",
      "id": "recb0MvPs71Tk5GVt",
      "geometry": {
        "type": "Point",
        "coordinates": [
          96.712933,
          62.917018
        ]
      },
      "properties": {
        "skladsizo_food_ordering_available": false,
        "skladsizo_payment_available": true,
        "skladsizo_product_delivery_available": false,
        "zt_is_maintenance": false,
        "promservice_id": "promservice-379",
        "fsinpress_id": "fsinpress-Санкт-Петербург-ИК-5",
        "region_iso": "RU-SPE",
        "name": "ФКУ ИК-5 УФСИН России по Санкт-Петербургу",
        "ovdInfo_ovdInfo_location_id": "recb0MvPs71Tk5GVt"
      }
    },
    {
      "type": "Feature",
      "id": "rec6NwafkvgnVZ8aF",
      "geometry": {
        "type": "Point",
        "coordinates": [
          41.851881,
          53.442711
        ]
      },
      "properties": {
        "skladsizo_food_ordering_available": false,
        "skladsizo_payment_available": true,
        "skladsizo_product_delivery_available": false,
        "zt_is_maintenance": false,
        "f_pismo_source_f_pismo_allowSending": "true",
        "fsinzak_id": "https://fsinzak-money.ru/catalog/tambovskaya-oblast/ik-5-g-morshansk/",
        "rodnayasvyaz_mail_connected": true,
        "promservice_id": "promservice-335",
        "fsinpress_id": "fsinpress-Тамбовская область-ИК-5",
        "prisonmail_key": "IK5Morshansk",
        "region_iso": "RU-TAM",
        "name": "ФКУ ИК-5 УФСИН России по Тамбовской области",
        "ovdInfo_ovdInfo_location_id": "rec6NwafkvgnVZ8aF"
      }
    },
    {
      "type": "Feature",
      "id": "recWVndOS7Kh2VOgW",
      "geometry": {
        "type": "Point",
        "coordinates": [
          34.551755,
          57.569807
        ]
      },
      "properties": {
        "skladsizo_food_ordering_available": false,
        "skladsizo_payment_available": true,
        "skladsizo_product_delivery_available": false,
        "zt_is_maintenance": false,
        "f_pismo_source_f_pismo_allowSending": "true",
        "fsinzak_id": "https://fsinzak-money.ru/catalog/tverskaya-oblast/ik-5-g-vyshniy-volochek/",
        "fsinpress_id": "fsinpress-Тверская область-ИК-5",
        "prisonmail_key": "IK5VyshnijVolochek",
        "region_iso": "RU-TVE",
        "name": "ФКУ ИК-5 УФСИН России по Тверской области",
        "ovdInfo_ovdInfo_location_id": "recWVndOS7Kh2VOgW"
      }
    },
    {
      "type": "Feature",
      "id": "rectUGMpTY2V0OQ3G",
      "geometry": {
        "type": "Point",
        "coordinates": [
          38.324395,
          53.91959
        ]
      },
      "properties": {
        "skladsizo_food_ordering_available": false,
        "skladsizo_payment_available": true,
        "skladsizo_product_delivery_available": false,
        "zt_is_maintenance": false,
        "fsinzak_id": "https://fsinzak-money.ru/catalog/tulskaya-oblast/ik-5-g-donskoy/",
        "fsinpress_id": "fsinpress-Тульская область-ИК-5",
        "region_iso": "RU-TUL",
        "name": "ФКУ ИК-5 УФСИН России по Тульской области",
        "ovdInfo_ovdInfo_location_id": "rectUGMpTY2V0OQ3G"
      }
    },
    {
      "type": "Feature",
      "id": "recYJzdbG6facLR3L",
      "geometry": {
        "type": "Point",
        "coordinates": [
          53.814782,
          56.48716
        ]
      },
      "properties": {
        "skladsizo_food_ordering_available": false,
        "skladsizo_payment_available": true,
        "skladsizo_product_delivery_available": false,
        "zt_is_maintenance": false,
        "fsinzak_id": "https://fsinzak-money.ru/catalog/udmurtskaya-resp/ik-5-g-sarapul/",
        "rodnayasvyaz_mail_connected": true,
        "fsinpress_id": "fsinpress-Удмуртская Республика-ИК-5",
        "region_iso": "RU-UD",
        "name": "ФКУ ИК-5 УФСИН России по Удмуртской Республике",
        "ovdInfo_ovdInfo_location_id": "recYJzdbG6facLR3L"
      }
    },
    {
      "type": "Feature",
      "id": "recuEQ9hCRxJlgFVn",
      "geometry": {
        "type": "Point",
        "coordinates": [
          92.860305,
          55.976476
        ]
      },
      "properties": {
        "skladsizo_food_ordering_available": false,
        "skladsizo_payment_available": true,
        "skladsizo_product_delivery_available": false,
        "zt_is_maintenance": false,
        "fsinzak_id": "https://fsinzak-money.ru/catalog/krasnoyarskiy-kray/ik-6-g-krasnoyarsk/",
        "fsinpress_id": "fsinpress-Красноярский край-ИК-6",
        "ariadna_normalized_ariadna_name": "ФКУ ИК-6",
        "region_iso": "RU-KYA",
        "name": "ФКУ ИК-6 УФСИН России по Красноярскому краю",
        "ovdInfo_ovdInfo_location_id": "recuEQ9hCRxJlgFVn"
      }
    },
    {
      "type": "Feature",
      "id": "reclPckd2q38YaBhi",
      "geometry": {
        "type": "Point",
        "coordinates": [
          44.745187,
          57.300881
        ]
      },
      "properties": {
        "skladsizo_food_ordering_available": false,
        "skladsizo_payment_available": true,
        "skladsizo_product_delivery_available": false,
        "zt_is_maintenance": false,
        "fsinzak_id": "https://fsinzak-money.ru/catalog/nizhegorodskaya-oblast/ik-6-p-mirnyy/",
        "rodnayasvyaz_mail_connected": true,
        "rodnayasvyaz_phone_video_connected": true,
        "promservice_id": "promservice-288",
        "fsinpress_id": "fsinpress-Нижегородская область-ИК-6",
        "region_iso": "RU-NIZ",
        "name": "ФКУ ИК-6 УФСИН России по Нижегородской области",
        "ovdInfo_ovdInfo_location_id": "reclPckd2q38YaBhi"
      }
    },
    {
      "type": "Feature",
      "id": "recwpz5JjTZtTy6Ws",
      "geometry": {
        "type": "Point",
        "coordinates": [
          59.971581,
          57.934714
        ]
      },
      "properties": {
        "skladsizo_food_ordering_available": false,
        "skladsizo_payment_available": true,
        "skladsizo_product_delivery_available": false,
        "zt_is_maintenance": false,
        "fsinzak_id": "https://fsinzak-money.ru/catalog/sverdlovskaya-oblast/ik-6-g-nizhniy-tagil/",
        "rodnayasvyaz_mail_connected": true,
        "promservice_id": "promservice-139",
        "fsinpress_id": "fsinpress-Свердловская область-ИК-6",
        "region_iso": "RU-SVE",
        "name": "ФКУ ИК-6 УФСИН России по Свердловской области",
        "ovdInfo_ovdInfo_location_id": "recwpz5JjTZtTy6Ws"
      }
    },
    {
      "type": "Feature",
      "id": "recZtKIUcLp2DHPOQ",
      "geometry": {
        "type": "Point",
        "coordinates": [
          61.65456,
          55.115206
        ]
      },
      "properties": {
        "skladsizo_food_ordering_available": false,
        "skladsizo_payment_available": true,
        "skladsizo_product_delivery_available": false,
        "zt_is_maintenance": false,
        "fsinzak_id": "https://fsinzak-money.ru/catalog/chelyabinskaya-oblast/ik-6-g-kopeysk/",
        "promservice_id": "promservice-149",
        "fsinpress_id": "fsinpress-Челябинская область-ИК-6",
        "ariadna_normalized_ariadna_name": "ФКУ ИК-6",
        "region_iso": "RU-CHE",
        "name": "ФКУ ИК-6 УФСИН России по Челябинской области",
        "ovdInfo_ovdInfo_location_id": "recZtKIUcLp2DHPOQ"
      }
    },
    {
      "type": "Feature",
      "id": "rec1YFVLEYeD4T6Gc",
      "geometry": {
        "type": "Point",
        "coordinates": [
          38.128846,
          50.214358
        ]
      },
      "properties": {
        "skladsizo_food_ordering_available": false,
        "skladsizo_payment_available": true,
        "skladsizo_product_delivery_available": false,
        "zt_is_maintenance": false,
        "fsinzak_id": "https://fsinzak-money.ru/catalog/belgorodskaya-oblast/ik-6-g-valuyki/",
        "rodnayasvyaz_mail_connected": true,
        "rodnayasvyaz_phone_video_connected": true,
        "fsinpress_id": "fsinpress-Белгородская область-ИК-6",
        "region_iso": "RU-BEL",
        "name": "ФКУ ИК-6 УФСИН России по Белгородской области",
        "ovdInfo_ovdInfo_location_id": "rec1YFVLEYeD4T6Gc"
      }
    },
    {
      "type": "Feature",
      "id": "recvvs2Pp5nS2zpop",
      "geometry": {
        "type": "Point",
        "coordinates": [
          32.206957,
          52.742579
        ]
      },
      "properties": {
        "skladsizo_food_ordering_available": false,
        "skladsizo_payment_available": true,
        "skladsizo_product_delivery_available": false,
        "zt_is_maintenance": false,
        "fsinzak_id": "https://fsinzak-money.ru/catalog/bryanskaya-oblast/ik-6-g-klincy/",
        "rodnayasvyaz_mail_connected": true,
        "fsinpress_id": "fsinpress-Брянская область-ИК-6",
        "region_iso": "RU-BRY",
        "name": "ФКУ ИК-6 УФСИН России по Брянской области",
        "ovdInfo_ovdInfo_location_id": "recvvs2Pp5nS2zpop"
      }
    },
    {
      "type": "Feature",
      "id": "recHbWUM3TPfzCzc1",
      "geometry": {
        "type": "Point",
        "coordinates": [
          41.315007,
          56.255975
        ]
      },
      "properties": {
        "skladsizo_food_ordering_available": false,
        "skladsizo_payment_available": true,
        "skladsizo_product_delivery_available": false,
        "zt_is_maintenance": false,
        "fsinzak_id": "https://fsinzak-money.ru/catalog/vladimirskaya-oblast/ik-6-p-melehovo/",
        "rodnayasvyaz_mail_connected": true,
        "rodnayasvyaz_phone_video_connected": true,
        "promservice_id": "promservice-204",
        "fsinpress_id": "fsinpress-Владимирская область-ИК-6",
        "region_iso": "RU-VLA",
        "name": "ФКУ ИК-6 УФСИН России по Владимирской области",
        "ovdInfo_ovdInfo_location_id": "recHbWUM3TPfzCzc1"
      }
    },
    {
      "type": "Feature",
      "id": "recOCQBJBYEbJfIRX",
      "geometry": {
        "type": "Point",
        "coordinates": [
          42.332613,
          56.523373
        ]
      },
      "properties": {
        "skladsizo_food_ordering_available": false,
        "skladsizo_payment_available": true,
        "skladsizo_product_delivery_available": false,
        "zt_is_maintenance": false,
        "fsinzak_id": "https://fsinzak-money.ru/catalog/ivanovskaya-oblast/ik-6-p-talicy/",
        "promservice_id": "promservice-216",
        "fsinpress_id": "fsinpress-Ивановская область-ИК-6",
        "region_iso": "RU-IVA",
        "name": "ФКУ ИК-6 УФСИН России по Ивановской области",
        "ovdInfo_ovdInfo_location_id": "recOCQBJBYEbJfIRX"
      }
    },
    {
      "type": "Feature",
      "id": "recerTM0G4Stolq0M",
      "geometry": {
        "type": "Point",
        "coordinates": [
          39.624242,
          52.669057
        ]
      },
      "properties": {
        "skladsizo_food_ordering_available": false,
        "skladsizo_payment_available": true,
        "skladsizo_product_delivery_available": false,
        "zt_is_maintenance": false,
        "fsinzak_id": "https://fsinzak-money.ru/catalog/lipeckaya-oblast/ik-6-g-lipeck/",
        "rodnayasvyaz_mail_connected": true,
        "rodnayasvyaz_phone_video_connected": true,
        "fsinpress_id": "fsinpress-Липецкая область-ИК-6",
        "region_iso": "RU-LIP",
        "name": "ФКУ ИК-6 УФСИН России по Липецкой области",
        "ovdInfo_ovdInfo_location_id": "recerTM0G4Stolq0M"
      }
    },
    {
      "type": "Feature",
      "id": "recbmqswBIsJ74d5X",
      "geometry": {
        "type": "Point",
        "coordinates": [
          38.730122,
          55.062377
        ]
      },
      "properties": {
        "zt_is_maintenance": false,
        "f_pismo_source_f_pismo_allowSending": "true",
        "fsinzak_id": "https://fsinzak-money.ru/catalog/moskovskaya-oblast/ik-6-g-kolomna/",
        "fsinpress_id": "fsinpress-Московская область-ИК-6",
        "f_apteka_normalized_source_enableOrdersSending": true,
        "prisonmail_key": "IK6Kolomna",
        "sidim_connected": true,
        "region_iso": "RU-MOS",
        "name": "ФКУ ИК-6 УФСИН России по Московской области",
        "ovdInfo_ovdInfo_location_id": "recbmqswBIsJ74d5X"
      }
    },
    {
      "type": "Feature",
      "id": "recydw5F3VQP6Yxyz",
      "geometry": {
        "type": "Point",
        "coordinates": [
          47.837965,
          56.629647
        ]
      },
      "properties": {
        "skladsizo_food_ordering_available": false,
        "skladsizo_payment_available": true,
        "skladsizo_product_delivery_available": false,
        "zt_is_maintenance": false,
        "fsinzak_id": "https://fsinzak-money.ru/catalog/resp-mariy-el/ik-6-g-yoshkar-ola/",
        "rodnayasvyaz_mail_connected": true,
        "rodnayasvyaz_phone_video_connected": true,
        "fsinpress_id": "fsinpress-Республика Марий Эл-ИК-6",
        "region_iso": "RU-ME",
        "name": "ФКУ ИК-6 УФСИН России по Республике Марий Эл",
        "ovdInfo_ovdInfo_location_id": "recydw5F3VQP6Yxyz"
      }
    },
    {
      "type": "Feature",
      "id": "recbZuC7L192Liklp",
      "geometry": {
        "type": "Point",
        "coordinates": [
          82.287423,
          52.220512
        ]
      },
      "properties": {
        "skladsizo_food_ordering_available": false,
        "skladsizo_payment_available": true,
        "skladsizo_product_delivery_available": false,
        "zt_is_maintenance": false,
        "fsinzak_id": "https://fsinzak-money.ru/catalog/altayskiy-kray/ik-6-s-shipunovo/",
        "promservice_id": "promservice-46",
        "fsinpress_id": "fsinpress-Алтайский край-ИК-6",
        "region_iso": "RU-ALT",
        "name": "ФКУ ИК-6 УФСИН России по Алтайскому краю",
        "ovdInfo_ovdInfo_location_id": "recbZuC7L192Liklp"
      }
    },
    {
      "type": "Feature",
      "id": "recC6yS30tpzh1pHI",
      "geometry": {
        "type": "Point",
        "coordinates": [
          158.398197,
          53.173364
        ]
      },
      "properties": {
        "skladsizo_food_ordering_available": false,
        "skladsizo_payment_available": true,
        "skladsizo_product_delivery_available": false,
        "zt_is_maintenance": false,
        "fsinzak_id": "https://fsinzak-money.ru/catalog/kamchatskiy-kray/ik-6-g-elizovo/",
        "fsinpress_id": "fsinpress-Камчатский край-ИК-6",
        "ariadna_normalized_ariadna_name": "ФКУ ИК-6",
        "region_iso": "RU-KAM",
        "name": "ФКУ ИК-6 УФСИН России по Камчатскому краю",
        "ovdInfo_ovdInfo_location_id": "recC6yS30tpzh1pHI"
      }
    },
    {
      "type": "Feature",
      "id": "reck8jRFzZNV3V1Fr",
      "geometry": {
        "type": "Point",
        "coordinates": [
          52.219396,
          58.801567
        ]
      },
      "properties": {
        "skladsizo_food_ordering_available": false,
        "skladsizo_payment_available": true,
        "skladsizo_product_delivery_available": false,
        "zt_is_maintenance": false,
        "fsinzak_id": "https://fsinzak-money.ru/catalog/kirovskaya-oblast/ik-6-p-vostochnyy/",
        "rodnayasvyaz_mail_connected": true,
        "rodnayasvyaz_phone_video_connected": true,
        "promservice_id": "promservice-315",
        "fsinpress_id": "fsinpress-Кировская область-ИК-6",
        "region_iso": "RU-KIR",
        "name": "ФКУ ИК-6 УФСИН России по Кировской области",
        "ovdInfo_ovdInfo_location_id": "reck8jRFzZNV3V1Fr"
      }
    },
    {
      "type": "Feature",
      "id": "recEYe92ZDv7FkriE",
      "geometry": {
        "type": "Point",
        "coordinates": [
          64.920997,
          55.608817
        ]
      },
      "properties": {
        "skladsizo_food_ordering_available": false,
        "skladsizo_payment_available": true,
        "skladsizo_product_delivery_available": false,
        "zt_is_maintenance": false,
        "fsinzak_id": "https://fsinzak-money.ru/catalog/kurganskaya-oblast/ik-6-s-ikovka/",
        "rodnayasvyaz_mail_connected": true,
        "rodnayasvyaz_phone_video_connected": true,
        "promservice_id": "promservice-191",
        "fsinpress_id": "fsinpress-Курганская область-ИК-6",
        "region_iso": "RU-KGN",
        "name": "ФКУ ИК-6 УФСИН России по Курганской области",
        "ovdInfo_ovdInfo_location_id": "recEYe92ZDv7FkriE"
      }
    },
    {
      "type": "Feature",
      "id": "recxmrro3UrxJHQ8t",
      "geometry": {
        "type": "Point",
        "coordinates": [
          73.439441,
          54.986174
        ]
      },
      "properties": {
        "skladsizo_food_ordering_available": false,
        "skladsizo_payment_available": true,
        "skladsizo_product_delivery_available": false,
        "zt_is_maintenance": false,
        "f_pismo_source_f_pismo_allowSending": "true",
        "fsinzak_id": "https://fsinzak-money.ru/catalog/omskaya-oblast/ik-6-g-omsk/",
        "rodnayasvyaz_mail_connected": true,
        "rodnayasvyaz_phone_video_connected": true,
        "fsinpress_id": "fsinpress-Омская область-ИК-6",
        "ariadna_normalized_ariadna_name": "ФКУ ИК-6 УФСИН",
        "prisonmail_key": "IK6Omsk",
        "region_iso": "RU-OMS",
        "name": "ФКУ ИК-6 УФСИН России по Омской области",
        "ovdInfo_ovdInfo_location_id": "recxmrro3UrxJHQ8t"
      }
    },
    {
      "type": "Feature",
      "id": "recEBjyMmwb7fG7Vc",
      "geometry": {
        "type": "Point",
        "coordinates": [
          54.994471,
          51.155326
        ]
      },
      "properties": {
        "skladsizo_food_ordering_available": false,
        "skladsizo_payment_available": true,
        "skladsizo_product_delivery_available": false,
        "zt_is_maintenance": false,
        "fsinzak_id": "https://fsinzak-money.ru/catalog/orenburgskaya-oblast/ik-6-chernyy-delfin/",
        "rodnayasvyaz_mail_connected": true,
        "promservice_id": "promservice-22",
        "fsinpress_id": "fsinpress-Оренбургская область-ИК-6",
        "region_iso": "RU-ORE",
        "name": "ФКУ ИК-6 УФСИН России по Оренбургской области",
        "ovdInfo_ovdInfo_location_id": "recEBjyMmwb7fG7Vc"
      }
    },
    {
      "type": "Feature",
      "id": "recjZN0J8tYcqeihQ",
      "geometry": {
        "type": "Point",
        "coordinates": [
          28.317529,
          56.233399
        ]
      },
      "properties": {
        "skladsizo_food_ordering_available": false,
        "skladsizo_payment_available": true,
        "skladsizo_product_delivery_available": false,
        "zt_is_maintenance": false,
        "fsinzak_id": "https://fsinzak-money.ru/catalog/pskovskaya-oblast/ik-6-p-sosnovyy-bor/",
        "rodnayasvyaz_mail_connected": true,
        "rodnayasvyaz_phone_video_connected": true,
        "promservice_id": "promservice-36",
        "fsinpress_id": "fsinpress-Псковская область-ИК-6",
        "ariadna_normalized_ariadna_name": "ФКУ ИК-6 УФСИН",
        "region_iso": "RU-PSK",
        "name": "ФКУ ИК-6 УФСИН России по Псковской области",
        "ovdInfo_ovdInfo_location_id": "recjZN0J8tYcqeihQ"
      }
    },
    {
      "type": "Feature",
      "id": "rec8kICDGtAlx12sr",
      "geometry": {
        "type": "Point",
        "coordinates": [
          43.223678,
          54.083301
        ]
      },
      "properties": {
        "skladsizo_food_ordering_available": false,
        "skladsizo_payment_available": true,
        "skladsizo_product_delivery_available": false,
        "zt_is_maintenance": false,
        "fsinzak_id": "https://fsinzak-money.ru/catalog/resp-mordoviya/ik-6-p-torbeevo/",
        "promservice_id": "promservice-171",
        "fsinpress_id": "fsinpress-Республика Мордовия-ИК-6",
        "region_iso": "RU-MO",
        "name": "ФКУ ИК-6 УФСИН России по республике Мордовия",
        "ovdInfo_ovdInfo_location_id": "rec8kICDGtAlx12sr"
      }
    },
    {
      "type": "Feature",
      "id": "rec3vFOgSl0PRJeDF",
      "geometry": {
        "type": "Point",
        "coordinates": [
          39.725618,
          54.540897
        ]
      },
      "properties": {
        "skladsizo_food_ordering_available": false,
        "skladsizo_payment_available": true,
        "skladsizo_product_delivery_available": false,
        "zt_is_maintenance": false,
        "f_pismo_source_f_pismo_allowSending": "false",
        "fsinzak_id": "https://fsinzak-money.ru/catalog/ryazanskaya-oblast/ik-6-p-stenkino/",
        "rodnayasvyaz_mail_connected": true,
        "fsinpress_id": "fsinpress-Рязанская область-ИК-6",
        "prisonmail_key": "IK6Stenkino",
        "region_iso": "RU-RYA",
        "name": "ФКУ ИК-6 УФСИН России по Рязанской области",
        "ovdInfo_ovdInfo_location_id": "rec3vFOgSl0PRJeDF"
      }
    },
    {
      "type": "Feature",
      "id": "recBh1NQ41dvVlq1F",
      "geometry": {
        "type": "Point",
        "coordinates": [
          96.712933,
          62.917018
        ]
      },
      "properties": {
        "skladsizo_food_ordering_available": false,
        "skladsizo_payment_available": true,
        "skladsizo_product_delivery_available": false,
        "zt_is_maintenance": false,
        "promservice_id": "promservice-355",
        "fsinpress_id": "fsinpress-Санкт-Петербург-ИК-6",
        "region_iso": "RU-SPE",
        "name": "ФКУ ИК-6 УФСИН России по Санкт-Петербургу",
        "ovdInfo_ovdInfo_location_id": "recBh1NQ41dvVlq1F"
      }
    },
    {
      "type": "Feature",
      "id": "recsmUTymjk39QvWM",
      "geometry": {
        "type": "Point",
        "coordinates": [
          44.8383,
          43.940961
        ]
      },
      "properties": {
        "skladsizo_food_ordering_available": false,
        "skladsizo_payment_available": true,
        "skladsizo_product_delivery_available": false,
        "zt_is_maintenance": false,
        "fsinzak_id": "https://fsinzak-money.ru/catalog/stavropolskiy-kray/ik-6-h-dydymkin/",
        "fsinpress_id": "fsinpress-Ставропольский край-ИК-6",
        "region_iso": "RU-STA",
        "name": "ФКУ ИК-6 УФСИН России по Ставропольскому краю",
        "ovdInfo_ovdInfo_location_id": "recsmUTymjk39QvWM"
      }
    },
    {
      "type": "Feature",
      "id": "recyDaQNj9Ecr5lIC",
      "geometry": {
        "type": "Point",
        "coordinates": [
          36.676215,
          57.77302
        ]
      },
      "properties": {
        "skladsizo_food_ordering_available": false,
        "skladsizo_payment_available": true,
        "skladsizo_product_delivery_available": false,
        "zt_is_maintenance": false,
        "f_pismo_source_f_pismo_allowSending": "true",
        "fsinzak_id": "https://fsinzak-money.ru/catalog/tverskaya-oblast/ik-6-g-bezheck/",
        "fsinpress_id": "fsinpress-Тверская область-ИК-6",
        "prisonmail_key": "IK6Bezhetsk",
        "region_iso": "RU-TVE",
        "name": "ФКУ ИК-6 УФСИН России по Тверской области",
        "ovdInfo_ovdInfo_location_id": "recyDaQNj9Ecr5lIC"
      }
    },
    {
      "type": "Feature",
      "id": "rec3vamVyrH0AmwVf",
      "geometry": {
        "type": "Point",
        "coordinates": [
          38.274774,
          54.046892
        ]
      },
      "properties": {
        "skladsizo_food_ordering_available": false,
        "skladsizo_payment_available": true,
        "skladsizo_product_delivery_available": false,
        "zt_is_maintenance": false,
        "fsinzak_id": "https://fsinzak-money.ru/catalog/tulskaya-oblast/ik-6-g-novomoskovsk/",
        "fsinpress_id": "fsinpress-Тульская область-ИК-6",
        "region_iso": "RU-TUL",
        "name": "ФКУ ИК-6 УФСИН России по Тульской области",
        "ovdInfo_ovdInfo_location_id": "rec3vamVyrH0AmwVf"
      }
    },
    {
      "type": "Feature",
      "id": "recSEh7AZ4iVcvb5n",
      "geometry": {
        "type": "Point",
        "coordinates": [
          51.943725,
          56.43152
        ]
      },
      "properties": {
        "fsinzak_id": "https://fsinzak-money.ru/catalog/udmurtskaya-resp/ik-6-st-lyuga/",
        "fsinpress_id": "fsinpress-Удмуртская Республика-ИК-6",
        "region_iso": "RU-UD",
        "name": "ФКУ ИК-6 УФСИН России по Удмуртской Республике",
        "ovdInfo_ovdInfo_location_id": "recSEh7AZ4iVcvb5n"
      }
    },
    {
      "type": "Feature",
      "id": "rec2jDJxEzig1p93j",
      "geometry": {
        "type": "Point",
        "coordinates": [
          47.467546,
          56.071742
        ]
      },
      "properties": {
        "skladsizo_food_ordering_available": false,
        "skladsizo_payment_available": true,
        "skladsizo_product_delivery_available": false,
        "zt_is_maintenance": false,
        "fsinzak_id": "https://fsinzak-money.ru/catalog/chuvashskaya-resp/ik-6-d-tolikovo/",
        "rodnayasvyaz_mail_connected": true,
        "rodnayasvyaz_phone_video_connected": true,
        "fsinpress_id": "fsinpress-Чувашская Республика-ИК-6",
        "region_iso": "RU-CU",
        "name": "ФКУ ИК-6 УФСИН России по Чувашской Республике",
        "ovdInfo_ovdInfo_location_id": "rec2jDJxEzig1p93j"
      }
    },
    {
      "type": "Feature",
      "id": "recqfwIhgbftoyR0l",
      "geometry": {
        "type": "Point",
        "coordinates": [
          96.712933,
          62.917018
        ]
      },
      "properties": {
        "skladsizo_food_ordering_available": false,
        "skladsizo_payment_available": true,
        "skladsizo_product_delivery_available": false,
        "fsinzak_id": "https://fsinzak-money.ru/catalog/krasnoyarskiy-kray/ik-7-s-areyskoe/",
        "fsinpress_id": "fsinpress-Красноярский край-ИК-7",
        "ariadna_normalized_ariadna_name": "ФКУ ИК-7",
        "region_iso": "RU-KYA",
        "name": "ФКУ ИК-7 УФСИН России по Красноярскому краю",
        "ovdInfo_ovdInfo_location_id": "recqfwIhgbftoyR0l"
      }
    },
    {
      "type": "Feature",
      "id": "recIjRn09XiJ6eyI8",
      "geometry": {
        "type": "Point",
        "coordinates": [
          38.124334,
          50.212976
        ]
      },
      "properties": {
        "skladsizo_food_ordering_available": false,
        "skladsizo_payment_available": true,
        "skladsizo_product_delivery_available": false,
        "zt_is_maintenance": false,
        "f_pismo_source_f_pismo_allowSending": "true",
        "fsinzak_id": "https://fsinzak-money.ru/catalog/belgorodskaya-oblast/ik-7-g-valuyki/",
        "rodnayasvyaz_mail_connected": true,
        "fsinpress_id": "fsinpress-Белгородская область-ИК-7",
        "prisonmail_key": "IK7Valujki",
        "region_iso": "RU-BEL",
        "name": "ФКУ ИК-7 УФСИН России по Белгородской области",
        "ovdInfo_ovdInfo_location_id": "recIjRn09XiJ6eyI8"
      }
    },
    {
      "type": "Feature",
      "id": "recdbh4C21uF9KZ4P",
      "geometry": {
        "type": "Point",
        "coordinates": [
          41.236786,
          56.362071
        ]
      },
      "properties": {
        "skladsizo_food_ordering_available": false,
        "skladsizo_payment_available": true,
        "skladsizo_product_delivery_available": false,
        "zt_is_maintenance": false,
        "fsinzak_id": "https://fsinzak-money.ru/catalog/vladimirskaya-oblast/ik-7-p-pakino/",
        "rodnayasvyaz_mail_connected": true,
        "rodnayasvyaz_phone_video_connected": true,
        "promservice_id": "promservice-205",
        "fsinpress_id": "fsinpress-Владимирская область-ИК-7",
        "region_iso": "RU-VLA",
        "name": "ФКУ ИК-7 УФСИН России по Владимирской области",
        "ovdInfo_ovdInfo_location_id": "recdbh4C21uF9KZ4P"
      }
    },
    {
      "type": "Feature",
      "id": "recCccVpZgTfcvR5B",
      "geometry": {
        "type": "Point",
        "coordinates": [
          36.295068,
          54.538819
        ]
      },
      "properties": {
        "skladsizo_food_ordering_available": false,
        "skladsizo_payment_available": true,
        "skladsizo_product_delivery_available": false,
        "zt_is_maintenance": false,
        "f_pismo_source_f_pismo_allowSending": "true",
        "fsinzak_id": "https://fsinzak-money.ru/catalog/kaluzhskaya-oblast/ik-7-g-kaluga/",
        "rodnayasvyaz_mail_connected": true,
        "fsinpress_id": "fsinpress-Калужская область-ИК-7",
        "region_iso": "RU-KLU",
        "name": "ФКУ ИК-7 УФСИН России по Калужской области",
        "ovdInfo_ovdInfo_location_id": "recCccVpZgTfcvR5B"
      }
    },
    {
      "type": "Feature",
      "id": "reczf82WT227PnqKU",
      "geometry": {
        "type": "Point",
        "coordinates": [
          40.639629,
          64.417821
        ]
      },
      "properties": {
        "skladsizo_food_ordering_available": false,
        "skladsizo_payment_available": true,
        "skladsizo_product_delivery_available": false,
        "zt_is_maintenance": false,
        "fsinzak_id": "https://fsinzak-money.ru/catalog/arhangelskaya-oblast/ik-7-g-arhangelsk/",
        "rodnayasvyaz_mail_connected": true,
        "rodnayasvyaz_phone_video_connected": true,
        "fsinpress_id": "fsinpress-Архангельская область-ИК-7",
        "AO_name": "Архангельское ФКУ ИК-7",
        "region_iso": "RU-ARK",
        "name": "ФКУ ИК-7 УФСИН России по Архангельской области",
        "ovdInfo_ovdInfo_location_id": "reczf82WT227PnqKU"
      }
    },
    {
      "type": "Feature",
      "id": "recxVI9HkekGfbWm4",
      "geometry": {
        "type": "Point",
        "coordinates": [
          115.527313,
          50.930065
        ]
      },
      "properties": {
        "skladsizo_food_ordering_available": false,
        "skladsizo_payment_available": true,
        "skladsizo_product_delivery_available": false,
        "zt_is_maintenance": false,
        "fsinzak_id": "https://fsinzak-money.ru/catalog/zabaykalskiy-kray/ik-7-p-olovyannaya/",
        "fsinpress_id": "fsinpress-Забайкальский край-ИК-7",
        "ariadna_normalized_ariadna_name": "ФКУ ИК-7",
        "region_iso": "RU-ZAB",
        "name": "ФКУ ИК-7 УФСИН России по Забайкальскому краю",
        "ovdInfo_ovdInfo_location_id": "recxVI9HkekGfbWm4"
      }
    },
    {
      "type": "Feature",
      "id": "rec4kSpaDjy43gvpg",
      "geometry": {
        "type": "Point",
        "coordinates": [
          41.147425,
          57.974113
        ]
      },
      "properties": {
        "skladsizo_food_ordering_available": false,
        "skladsizo_payment_available": true,
        "skladsizo_product_delivery_available": false,
        "zt_is_maintenance": false,
        "f_pismo_source_f_pismo_allowSending": "true",
        "fsinzak_id": "https://fsinzak-money.ru/catalog/kostromskaya-oblast/ik-7-p-bychiha-12/",
        "promservice_id": "promservice-226",
        "fsinpress_id": "fsinpress-Костромская область-ИК-7",
        "prisonmail_key": "IK7Bychiha",
        "region_iso": "RU-KOS",
        "name": "ФКУ ИК-7 УФСИН России по Костромской области",
        "ovdInfo_ovdInfo_location_id": "rec4kSpaDjy43gvpg"
      }
    },
    {
      "type": "Feature",
      "id": "recHsWFve3SaikOvv",
      "geometry": {
        "type": "Point",
        "coordinates": [
          64.481635,
          55.379501
        ]
      },
      "properties": {
        "skladsizo_food_ordering_available": false,
        "skladsizo_payment_available": true,
        "skladsizo_product_delivery_available": false,
        "zt_is_maintenance": false,
        "fsinzak_id": "https://fsinzak-money.ru/catalog/kurganskaya-oblast/ik-7-p-yurgamysh/",
        "rodnayasvyaz_mail_connected": true,
        "rodnayasvyaz_phone_video_connected": true,
        "promservice_id": "promservice-192",
        "fsinpress_id": "fsinpress-Курганская область-ИК-7",
        "region_iso": "RU-KGN",
        "name": "ФКУ ИК-7 УФСИН России по Курганской области",
        "ovdInfo_ovdInfo_location_id": "recHsWFve3SaikOvv"
      }
    },
    {
      "type": "Feature",
      "id": "recvwUW5Ivrj1e2n6",
      "geometry": {
        "type": "Point",
        "coordinates": [
          73.244605,
          55.052096
        ]
      },
      "properties": {
        "skladsizo_food_ordering_available": false,
        "skladsizo_payment_available": true,
        "skladsizo_product_delivery_available": false,
        "zt_is_maintenance": false,
        "f_pismo_source_f_pismo_allowSending": "true",
        "fsinzak_id": "https://fsinzak-money.ru/catalog/omskaya-oblast/ik-7-g-omsk/",
        "rodnayasvyaz_mail_connected": true,
        "rodnayasvyaz_phone_video_connected": true,
        "fsinpress_id": "fsinpress-Омская область-ИК-7",
        "ariadna_normalized_ariadna_name": "ФКУ ИК-7 УФСИН",
        "prisonmail_key": "IK7Omsk",
        "region_iso": "RU-OMS",
        "name": "ФКУ ИК-7 УФСИН России по Омской области",
        "ovdInfo_ovdInfo_location_id": "recvwUW5Ivrj1e2n6"
      }
    },
    {
      "type": "Feature",
      "id": "recUeFoPUWAW6Xo6P",
      "geometry": {
        "type": "Point",
        "coordinates": [
          42.889649,
          54.266834
        ]
      },
      "properties": {
        "skladsizo_food_ordering_available": false,
        "skladsizo_payment_available": true,
        "skladsizo_product_delivery_available": false,
        "zt_is_maintenance": false,
        "fsinzak_id": "https://fsinzak-money.ru/catalog/resp-mordoviya/ik-7-p-sosnovka/",
        "rodnayasvyaz_mail_connected": true,
        "rodnayasvyaz_phone_video_connected": true,
        "promservice_id": "promservice-172",
        "fsinpress_id": "fsinpress-Республика Мордовия-ИК-7",
        "region_iso": "RU-MO",
        "name": "ФКУ ИК-7 УФСИН России по республике Мордовия",
        "ovdInfo_ovdInfo_location_id": "recUeFoPUWAW6Xo6P"
      }
    },
    {
      "type": "Feature",
      "id": "recGNIuNsKC2rmUjY",
      "geometry": {
        "type": "Point",
        "coordinates": [
          34.297138,
          63.775077
        ]
      },
      "properties": {
        "skladsizo_food_ordering_available": false,
        "skladsizo_payment_available": true,
        "skladsizo_product_delivery_available": false,
        "zt_is_maintenance": false,
        "fsinzak_id": "https://fsinzak-money.ru/catalog/resp-kareliya/ik-7-g-segezha/",
        "fsinpress_id": "fsinpress-Республика Карелия-ИК-7",
        "AO_name": "ФКУ ИК-7",
        "region_iso": "RU-KR",
        "name": "ФКУ ИК-7 УФСИН России по Республике Карелия",
        "ovdInfo_ovdInfo_location_id": "recGNIuNsKC2rmUjY"
      }
    },
    {
      "type": "Feature",
      "id": "reciwzUHoeVDhNTFa",
      "geometry": {
        "type": "Point",
        "coordinates": [
          45.494527,
          51.18624
        ]
      },
      "properties": {
        "skladsizo_food_ordering_available": false,
        "skladsizo_payment_available": true,
        "skladsizo_product_delivery_available": false,
        "fsinzak_id": "https://fsinzak-money.ru/catalog/saratovskaya-oblast/ik-7-st-panickaya/",
        "fsinpress_id": "fsinpress-Саратовская область-ИК-7",
        "region_iso": "RU-SAR",
        "name": "ФКУ ИК-7 УФСИН России по Саратовской области",
        "ovdInfo_ovdInfo_location_id": "reciwzUHoeVDhNTFa"
      }
    },
    {
      "type": "Feature",
      "id": "recYKXRqTjvQ8sVch",
      "geometry": {
        "type": "Point",
        "coordinates": [
          96.712933,
          62.917018
        ]
      },
      "properties": {
        "skladsizo_food_ordering_available": false,
        "skladsizo_payment_available": true,
        "skladsizo_product_delivery_available": false,
        "zt_is_maintenance": false,
        "promservice_id": "promservice-356",
        "fsinpress_id": "fsinpress-Санкт-Петербург-ИК-7",
        "region_iso": "RU-SPE",
        "name": "ФКУ ИК-7 УФСИН России по Санкт-Петербургу",
        "ovdInfo_ovdInfo_location_id": "recYKXRqTjvQ8sVch"
      }
    },
    {
      "type": "Feature",
      "id": "rec5kLkHbn6cFofif",
      "geometry": {
        "type": "Point",
        "coordinates": [
          43.908266,
          44.40939
        ]
      },
      "properties": {
        "skladsizo_food_ordering_available": false,
        "skladsizo_payment_available": true,
        "skladsizo_product_delivery_available": false,
        "zt_is_maintenance": false,
        "fsinzak_id": "https://fsinzak-money.ru/catalog/stavropolskiy-kray/ik-7-g-zelenokumsk/",
        "fsinpress_id": "fsinpress-Ставропольский край-ИК-7",
        "region_iso": "RU-STA",
        "name": "ФКУ ИК-7 УФСИН России по Ставропольскому краю",
        "ovdInfo_ovdInfo_location_id": "rec5kLkHbn6cFofif"
      }
    },
    {
      "type": "Feature",
      "id": "recfpUheoYryUl5Dj",
      "geometry": {
        "type": "Point",
        "coordinates": [
          34.305185,
          56.276929
        ]
      },
      "properties": {
        "skladsizo_food_ordering_available": false,
        "skladsizo_payment_available": true,
        "skladsizo_product_delivery_available": false,
        "zt_is_maintenance": true,
        "f_pismo_source_f_pismo_allowSending": "true",
        "fsinzak_id": "https://fsinzak-money.ru/catalog/tverskaya-oblast/ik-7-g-rzhev/",
        "fsinpress_id": "fsinpress-Тверская область-ИК-7",
        "prisonmail_key": "IK7Rzhev",
        "region_iso": "RU-TVE",
        "name": "ФКУ ИК-7 УФСИН России по Тверской области",
        "ovdInfo_ovdInfo_location_id": "recfpUheoYryUl5Dj"
      }
    },
    {
      "type": "Feature",
      "id": "recaCjriASE2Vc2Iy",
      "geometry": {
        "type": "Point",
        "coordinates": [
          136.999699,
          50.564226
        ]
      },
      "properties": {
        "skladsizo_food_ordering_available": false,
        "skladsizo_payment_available": true,
        "skladsizo_product_delivery_available": false,
        "zt_is_maintenance": false,
        "fsinzak_id": "https://fsinzak-money.ru/catalog/habarovskiy-kray/ik-7-g-komsomolsk-na-amure/",
        "fsinpress_id": "fsinpress-Хабаровский край-ИК-7",
        "ariadna_normalized_ariadna_name": "ФКУ ИК-7 УФСИН",
        "region_iso": "RU-KHA",
        "name": "ФКУ ИК-7 УФСИН России по Хабаровскому краю",
        "ovdInfo_ovdInfo_location_id": "recaCjriASE2Vc2Iy"
      }
    },
    {
      "type": "Feature",
      "id": "recmNciCetYhWCNLW",
      "geometry": {
        "type": "Point",
        "coordinates": [
          39.606008,
          50.191995
        ]
      },
      "properties": {
        "skladsizo_food_ordering_available": false,
        "skladsizo_payment_available": true,
        "skladsizo_product_delivery_available": false,
        "zt_is_maintenance": false,
        "fsinzak_id": "https://fsinzak-money.ru/catalog/voronezhskaya-oblast/ik-8-g-rossosh/",
        "fsinpress_id": "fsinpress-Воронежская область-ИК-8",
        "ariadna_normalized_ariadna_name": "ФКУ ИК-8 УФСИН",
        "region_iso": "RU-VOR",
        "name": "ФКУ ИК-8 УФСИН России по Воронежской области",
        "ovdInfo_ovdInfo_location_id": "recmNciCetYhWCNLW"
      }
    },
    {
      "type": "Feature",
      "id": "recsnLddz1wtATjKf",
      "geometry": {
        "type": "Point",
        "coordinates": [
          127.54793,
          50.331078
        ]
      },
      "properties": {
        "skladsizo_food_ordering_available": false,
        "skladsizo_payment_available": true,
        "skladsizo_product_delivery_available": false,
        "zt_is_maintenance": false,
        "f_pismo_source_f_pismo_allowSending": "true",
        "fsinzak_id": "https://fsinzak-money.ru/catalog/amurskaya-oblast/ik-8-g-blagoveschensk/",
        "fsinpress_id": "fsinpress-Амурская область-ИК-8",
        "ariadna_normalized_ariadna_name": "ФКУ ИК-8 УФСИН",
        "prisonmail_key": "IK8Blagoveschensk",
        "region_iso": "RU-AMU",
        "name": "ФКУ ИК-8 УФСИН России по Амурской области",
        "ovdInfo_ovdInfo_location_id": "recsnLddz1wtATjKf"
      }
    },
    {
      "type": "Feature",
      "id": "recJ6p3tOH9yeItpI",
      "geometry": {
        "type": "Point",
        "coordinates": [
          114.339674,
          51.634301
        ]
      },
      "properties": {
        "skladsizo_food_ordering_available": false,
        "skladsizo_payment_available": true,
        "skladsizo_product_delivery_available": false,
        "zt_is_maintenance": false,
        "fsinzak_id": "https://fsinzak-money.ru/catalog/zabaykalskiy-kray/ik-8-p-karymskoe/",
        "fsinpress_id": "fsinpress-Забайкальский край-ИК-8",
        "ariadna_normalized_ariadna_name": "ФКУ ИК-8",
        "region_iso": "RU-ZAB",
        "name": "ФКУ ИК-8 УФСИН России по Забайкальскому краю",
        "ovdInfo_ovdInfo_location_id": "recJ6p3tOH9yeItpI"
      }
    },
    {
      "type": "Feature",
      "id": "recFSCK49HcxhBk90",
      "geometry": {
        "type": "Point",
        "coordinates": [
          20.428061,
          54.711557
        ]
      },
      "properties": {
        "skladsizo_food_ordering_available": false,
        "skladsizo_payment_available": true,
        "skladsizo_product_delivery_available": false,
        "zt_is_maintenance": false,
        "fsinzak_id": "https://fsinzak-money.ru/catalog/kaliningradskaya-oblast/ik-8-g-kaliningrad/",
        "promservice_id": "promservice-363",
        "fsinpress_id": "fsinpress-Калининградская область-ИК-8",
        "ariadna_normalized_ariadna_name": "ФКУ ИК-8 УФСИН",
        "region_iso": "RU-KGD",
        "name": "ФКУ ИК-8 УФСИН России по Калининградской области",
        "ovdInfo_ovdInfo_location_id": "recFSCK49HcxhBk90"
      }
    },
    {
      "type": "Feature",
      "id": "recwwEqSA1yVZGeRZ",
      "geometry": {
        "type": "Point",
        "coordinates": [
          40.97412,
          57.730208
        ]
      },
      "properties": {
        "skladsizo_food_ordering_available": false,
        "skladsizo_payment_available": true,
        "skladsizo_product_delivery_available": false,
        "zt_is_maintenance": false,
        "f_pismo_source_f_pismo_allowSending": "true",
        "fsinzak_id": "https://fsinzak-money.ru/catalog/kostromskaya-oblast/ik-8-p-vasilevskoe/",
        "rodnayasvyaz_mail_connected": true,
        "rodnayasvyaz_phone_video_connected": true,
        "promservice_id": "promservice-227",
        "fsinpress_id": "fsinpress-Костромская область-ИК-8",
        "prisonmail_key": "IK8KostromaVasilevskoe",
        "region_iso": "RU-KOS",
        "name": "ФКУ ИК-8 УФСИН России по Костромской области",
        "ovdInfo_ovdInfo_location_id": "recwwEqSA1yVZGeRZ"
      }
    },
    {
      "type": "Feature",
      "id": "recWsq7Z1dxv85elQ",
      "geometry": {
        "type": "Point",
        "coordinates": [
          73.307854,
          55.089132
        ]
      },
      "properties": {
        "skladsizo_food_ordering_available": false,
        "skladsizo_payment_available": true,
        "skladsizo_product_delivery_available": false,
        "zt_is_maintenance": false,
        "f_pismo_source_f_pismo_allowSending": "false",
        "fsinzak_id": "https://fsinzak-money.ru/catalog/omskaya-oblast/ik-8-g-omsk/",
        "rodnayasvyaz_mail_connected": true,
        "rodnayasvyaz_phone_video_connected": true,
        "fsinpress_id": "fsinpress-Омская область-ИК-8",
        "region_iso": "RU-OMS",
        "name": "ФКУ ИК-8 УФСИН России по Омской области",
        "ovdInfo_ovdInfo_location_id": "recWsq7Z1dxv85elQ"
      }
    },
    {
      "type": "Feature",
      "id": "reca6tsmmXdG16jqu",
      "geometry": {
        "type": "Point",
        "coordinates": [
          55.097777,
          51.691846
        ]
      },
      "properties": {
        "skladsizo_food_ordering_available": false,
        "skladsizo_payment_available": true,
        "skladsizo_product_delivery_available": false,
        "zt_is_maintenance": false,
        "fsinzak_id": "https://fsinzak-money.ru/catalog/orenburgskaya-oblast/ik-8-g-orenburg/",
        "rodnayasvyaz_mail_connected": true,
        "promservice_id": "promservice-23",
        "fsinpress_id": "fsinpress-Оренбургская область-ИК-8",
        "region_iso": "RU-ORE",
        "name": "ФКУ ИК-8 УФСИН России по Оренбургской области",
        "ovdInfo_ovdInfo_location_id": "reca6tsmmXdG16jqu"
      }
    },
    {
      "type": "Feature",
      "id": "recm5B0ZockgAUt0v",
      "geometry": {
        "type": "Point",
        "coordinates": [
          96.712933,
          62.917018
        ]
      },
      "properties": {
        "skladsizo_food_ordering_available": false,
        "skladsizo_payment_available": true,
        "skladsizo_product_delivery_available": false,
        "fsinzak_id": "https://fsinzak-money.ru/catalog/penzenskaya-oblast/ik-8-g-penza/",
        "promservice_id": "promservice-325",
        "fsinpress_id": "fsinpress-Пензенская область-ИК-8",
        "region_iso": "RU-PNZ",
        "name": "ФКУ ИК-8 УФСИН России по Пензенской области",
        "ovdInfo_ovdInfo_location_id": "recm5B0ZockgAUt0v"
      }
    },
    {
      "type": "Feature",
      "id": "recpw2G56V33FMixD",
      "geometry": {
        "type": "Point",
        "coordinates": [
          107.771684,
          51.794609
        ]
      },
      "properties": {
        "skladsizo_food_ordering_available": false,
        "skladsizo_payment_available": true,
        "skladsizo_product_delivery_available": false,
        "zt_is_maintenance": false,
        "fsinzak_id": "https://fsinzak-money.ru/catalog/resp-buryatiya/ik-8-g-ulan-ude/",
        "fsinpress_id": "fsinpress-Республика Бурятия-ИК-8",
        "region_iso": "RU-BU",
        "name": "ФКУ ИК-8 УФСИН России по Республике Бурятия",
        "ovdInfo_ovdInfo_location_id": "recpw2G56V33FMixD"
      }
    },
    {
      "type": "Feature",
      "id": "recAt9cZPLksRi3WU",
      "geometry": {
        "type": "Point",
        "coordinates": [
          52.279531,
          54.870443
        ]
      },
      "properties": {
        "skladsizo_food_ordering_available": false,
        "skladsizo_payment_available": true,
        "skladsizo_product_delivery_available": false,
        "zt_is_maintenance": false,
        "fsinzak_id": "https://fsinzak-money.ru/catalog/resp-tatarstan/ik-8-g-almetevsk/",
        "rodnayasvyaz_mail_connected": true,
        "fsinpress_id": "fsinpress-Республика Татарстан-ИК-8",
        "region_iso": "RU-TA",
        "name": "ФКУ ИК-8 УФСИН России по Республике Татарстан",
        "ovdInfo_ovdInfo_location_id": "recAt9cZPLksRi3WU"
      }
    },
    {
      "type": "Feature",
      "id": "recS1CHEg3VZ87AUY",
      "geometry": {
        "type": "Point",
        "coordinates": [
          53.347228,
          56.921126
        ]
      },
      "properties": {
        "skladsizo_food_ordering_available": false,
        "skladsizo_payment_available": true,
        "skladsizo_product_delivery_available": false,
        "zt_is_maintenance": false,
        "fsinzak_id": "https://fsinzak-money.ru/catalog/udmurtskaya-resp/ik-8-p-hohryaki/",
        "rodnayasvyaz_mail_connected": true,
        "rodnayasvyaz_phone_video_connected": true,
        "fsinpress_id": "fsinpress-Удмуртская Республика-ИК-8",
        "region_iso": "RU-UD",
        "name": "ФКУ ИК-8 УФСИН России по Удмуртской Республике",
        "ovdInfo_ovdInfo_location_id": "recS1CHEg3VZ87AUY"
      }
    },
    {
      "type": "Feature",
      "id": "rec5ijb6Y0we4nIaa",
      "geometry": {
        "type": "Point",
        "coordinates": [
          39.810097,
          57.735913
        ]
      },
      "properties": {
        "skladsizo_food_ordering_available": false,
        "skladsizo_payment_available": true,
        "skladsizo_product_delivery_available": false,
        "zt_is_maintenance": false,
        "fsinzak_id": "https://fsinzak-money.ru/catalog/yaroslavskaya-oblast/ik-8-g-yaroslavl/",
        "rodnayasvyaz_mail_connected": true,
        "promservice_id": "promservice-235",
        "fsinpress_id": "fsinpress-Ярославская область-ИК-8",
        "region_iso": "RU-YAR",
        "name": "ФКУ ИК-8 УФСИН России по Ярославской области",
        "ovdInfo_ovdInfo_location_id": "rec5ijb6Y0we4nIaa"
      }
    },
    {
      "type": "Feature",
      "id": "recKxDW1ECIMnQ8XL",
      "geometry": {
        "type": "Point",
        "coordinates": [
          43.605852,
          56.265223
        ]
      },
      "properties": {
        "skladsizo_food_ordering_available": false,
        "skladsizo_payment_available": true,
        "skladsizo_product_delivery_available": false,
        "zt_is_maintenance": false,
        "fsinzak_id": "https://fsinzak-money.ru/catalog/nizhegorodskaya-oblast/ik-9-g-dzerzhinsk/",
        "rodnayasvyaz_mail_connected": true,
        "rodnayasvyaz_phone_video_connected": true,
        "promservice_id": "promservice-290",
        "fsinpress_id": "fsinpress-Нижегородская область-ИК-9",
        "region_iso": "RU-NIZ",
        "name": "ФКУ ИК-9 УФСИН России по Нижегородской области",
        "ovdInfo_ovdInfo_location_id": "recKxDW1ECIMnQ8XL"
      }
    },
    {
      "type": "Feature",
      "id": "recnjF7UP8ydva2Jz",
      "geometry": {
        "type": "Point",
        "coordinates": [
          83.079571,
          55.050578
        ]
      },
      "properties": {
        "skladsizo_food_ordering_available": false,
        "skladsizo_payment_available": true,
        "skladsizo_product_delivery_available": false,
        "zt_is_maintenance": false,
        "fsinzak_id": "https://fsinzak-money.ru/catalog/novosibirskaya-oblast/ik-9-g-novosibirsk/",
        "pochtaRTS_connected": true,
        "region_iso": "RU-NVS",
        "name": "ФКУ ИК-9 УФСИН России по Новосибирской области",
        "ovdInfo_ovdInfo_location_id": "recnjF7UP8ydva2Jz"
      }
    },
    {
      "type": "Feature",
      "id": "rec5sFW4wuZRj8rbQ",
      "geometry": {
        "type": "Point",
        "coordinates": [
          81.212676,
          51.554014
        ]
      },
      "properties": {
        "skladsizo_food_ordering_available": false,
        "skladsizo_payment_available": true,
        "skladsizo_product_delivery_available": false,
        "zt_is_maintenance": false,
        "fsinzak_id": "https://fsinzak-money.ru/catalog/altayskiy-kray/ik-9-g-rubcovsk/",
        "promservice_id": "promservice-47",
        "fsinpress_id": "fsinpress-Алтайский край-ИК-9",
        "region_iso": "RU-ALT",
        "name": "ФКУ ИК-9 УФСИН России по Алтайскому краю",
        "ovdInfo_ovdInfo_location_id": "rec5sFW4wuZRj8rbQ"
      }
    },
    {
      "type": "Feature",
      "id": "recEHr3Bh6FIsrFy8",
      "geometry": {
        "type": "Point",
        "coordinates": [
          96.712933,
          62.917018
        ]
      },
      "properties": {
        "fsinpress_id": "fsinpress-Кировская область-ИК-9",
        "region_iso": "RU-KIR",
        "name": "ФКУ ИК-9 УФСИН России по Кировской области",
        "ovdInfo_ovdInfo_location_id": "recEHr3Bh6FIsrFy8"
      }
    },
    {
      "type": "Feature",
      "id": "recxHV2DsppOqQ3iN",
      "geometry": {
        "type": "Point",
        "coordinates": [
          36.129082,
          51.801304
        ]
      },
      "properties": {
        "skladsizo_food_ordering_available": false,
        "skladsizo_payment_available": true,
        "skladsizo_product_delivery_available": false,
        "zt_is_maintenance": false,
        "f_pismo_source_f_pismo_allowSending": "true",
        "fsinzak_id": "https://fsinzak-money.ru/catalog/kurskaya-oblast/ik-9-p-kosinovo/",
        "rodnayasvyaz_mail_connected": true,
        "fsinpress_id": "fsinpress-Курская область-ИК-9",
        "prisonmail_key": "IK9Kosinovo",
        "region_iso": "RU-KRS",
        "name": "ФКУ ИК-9 УФСИН России по Курской области",
        "ovdInfo_ovdInfo_location_id": "recxHV2DsppOqQ3iN"
      }
    },
    {
      "type": "Feature",
      "id": "recnrszXfx51tA4uG",
      "geometry": {
        "type": "Point",
        "coordinates": [
          31.677961,
          57.982243
        ]
      },
      "properties": {
        "skladsizo_food_ordering_available": false,
        "skladsizo_payment_available": true,
        "skladsizo_product_delivery_available": false,
        "zt_is_maintenance": false,
        "f_pismo_source_f_pismo_allowSending": "true",
        "fsinzak_id": "https://fsinzak-money.ru/catalog/novgorodskaya-oblast/ik-9-p-parfino/",
        "rodnayasvyaz_mail_connected": true,
        "rodnayasvyaz_phone_video_connected": true,
        "promservice_id": "promservice-28",
        "fsinpress_id": "fsinpress-Новгородская область-ИК-9",
        "region_iso": "RU-NGR",
        "name": "ФКУ ИК-9 УФСИН России по Новгородской области",
        "ovdInfo_ovdInfo_location_id": "recnrszXfx51tA4uG"
      }
    },
    {
      "type": "Feature",
      "id": "recGJIyvjanBuo6Z3",
      "geometry": {
        "type": "Point",
        "coordinates": [
          73.436925,
          54.977266
        ]
      },
      "properties": {
        "skladsizo_food_ordering_available": false,
        "skladsizo_payment_available": true,
        "skladsizo_product_delivery_available": false,
        "zt_is_maintenance": false,
        "fsinpress_id": "fsinpress-Омская область-ИК-9",
        "region_iso": "RU-OMS",
        "name": "ФКУ ИК-9 УФСИН России по Омской области",
        "ovdInfo_ovdInfo_location_id": "recGJIyvjanBuo6Z3"
      }
    },
    {
      "type": "Feature",
      "id": "recp3Ku3coE4k4yPq",
      "geometry": {
        "type": "Point",
        "coordinates": [
          55.662704,
          51.077881
        ]
      },
      "properties": {
        "skladsizo_food_ordering_available": false,
        "skladsizo_payment_available": true,
        "skladsizo_product_delivery_available": false,
        "zt_is_maintenance": false,
        "fsinzak_id": "https://fsinzak-money.ru/catalog/orenburgskaya-oblast/ik-9-p-akbulak/",
        "rodnayasvyaz_mail_connected": true,
        "promservice_id": "promservice-243",
        "fsinpress_id": "fsinpress-Оренбургская область-ИК-9",
        "region_iso": "RU-ORE",
        "name": "ФКУ ИК-9 УФСИН России по Оренбургской области",
        "ovdInfo_ovdInfo_location_id": "recp3Ku3coE4k4yPq"
      }
    },
    {
      "type": "Feature",
      "id": "recwh9t3iUnMRAez8",
      "geometry": {
        "type": "Point",
        "coordinates": [
          34.45187,
          61.724154
        ]
      },
      "properties": {
        "skladsizo_food_ordering_available": false,
        "skladsizo_payment_available": true,
        "skladsizo_product_delivery_available": false,
        "zt_is_maintenance": false,
        "fsinzak_id": "https://fsinzak-money.ru/catalog/resp-kareliya/ik-9-g-petrozavodsk/",
        "fsinpress_id": "fsinpress-Республика Карелия-ИК-9",
        "AO_name": "ФКУ ИК-9",
        "region_iso": "RU-KR",
        "name": "ФКУ ИК-9 УФСИН России по Республике Карелия",
        "ovdInfo_ovdInfo_location_id": "recwh9t3iUnMRAez8"
      }
    },
    {
      "type": "Feature",
      "id": "recU84fDmDQDIcQRO",
      "geometry": {
        "type": "Point",
        "coordinates": [
          47.439405,
          55.887951
        ]
      },
      "properties": {
        "skladsizo_food_ordering_available": false,
        "skladsizo_payment_available": true,
        "skladsizo_product_delivery_available": false,
        "zt_is_maintenance": false,
        "fsinzak_id": "https://fsinzak-money.ru/catalog/chuvashskaya-resp/ik-9-g-civilsk/",
        "rodnayasvyaz_mail_connected": true,
        "rodnayasvyaz_phone_video_connected": true,
        "fsinpress_id": "fsinpress-Чувашская Республика-ИК-9",
        "region_iso": "RU-CU",
        "name": "ФКУ ИК-9 УФСИН России по Чувашской Республике",
        "ovdInfo_ovdInfo_location_id": "recU84fDmDQDIcQRO"
      }
    },
    {
      "type": "Feature",
      "id": "recLOzR0yCJIc1lt3",
      "geometry": {
        "type": "Point",
        "coordinates": [
          48.667803,
          54.361465
        ]
      },
      "properties": {
        "skladsizo_food_ordering_available": false,
        "skladsizo_payment_available": true,
        "skladsizo_product_delivery_available": false,
        "zt_is_maintenance": false,
        "fsinzak_id": "https://fsinzak-money.ru/catalog/ulyanovskaya-oblast/ik-9-g-ulyanovsk/",
        "rodnayasvyaz_mail_connected": true,
        "rodnayasvyaz_phone_video_connected": true,
        "fsinpress_id": "fsinpress-Ульяновская область-ИК-9",
        "region_iso": "RU-ULY",
        "name": "КУ ИК-9 УФСИН России по Ульяновской области",
        "ovdInfo_ovdInfo_location_id": "recLOzR0yCJIc1lt3"
      }
    },
    {
      "type": "Feature",
      "id": "reclw9iQ0kiQvHVzC",
      "geometry": {
        "type": "Point",
        "coordinates": [
          132.337631,
          43.98821
        ]
      },
      "properties": {
        "skladsizo_food_ordering_available": false,
        "skladsizo_payment_available": true,
        "skladsizo_product_delivery_available": false,
        "zt_is_maintenance": false,
        "fsinzak_id": "https://fsinzak-money.ru/catalog/primorskiy-kray/ik-10-p-gornoe/",
        "ariadna_normalized_ariadna_name": "ФКУ ИК-10 ГУФСИН",
        "region_iso": "RU-PRI",
        "name": "ФКУ ИК-10 УФСИН России по Приморскому краю",
        "ovdInfo_ovdInfo_location_id": "reclw9iQ0kiQvHVzC"
      }
    },
    {
      "type": "Feature",
      "id": "recVJKY6QhzrZoUNQ",
      "geometry": {
        "type": "Point",
        "coordinates": [
          39.638039,
          47.187799
        ]
      },
      "properties": {
        "skladsizo_food_ordering_available": false,
        "skladsizo_payment_available": true,
        "skladsizo_product_delivery_available": false,
        "zt_is_maintenance": false,
        "fsinzak_id": "https://fsinzak-money.ru/catalog/rostovskaya-oblast/ik-10-g-rostov-na-donu/",
        "fsinpress_id": "fsinpress-Ростовская область-ИК-10",
        "region_iso": "RU-ROS",
        "name": "ФКУ ИК-10 УФСИН России по Ростовской области",
        "ovdInfo_ovdInfo_location_id": "recVJKY6QhzrZoUNQ"
      }
    },
    {
      "type": "Feature",
      "id": "recVv8BYWEbwrtF4D",
      "geometry": {
        "type": "Point",
        "coordinates": [
          60.620794,
          56.782001
        ]
      },
      "properties": {
        "skladsizo_food_ordering_available": false,
        "skladsizo_payment_available": true,
        "skladsizo_product_delivery_available": false,
        "zt_is_maintenance": false,
        "fsinzak_id": "https://fsinzak-money.ru/catalog/sverdlovskaya-oblast/ik-10-g-ekaterinburg/",
        "promservice_id": "promservice-124",
        "fsinpress_id": "fsinpress-Свердловская область-ИК-10",
        "region_iso": "RU-SVE",
        "name": "ФКУ ИК-10 УФСИН России по Свердловской области",
        "ovdInfo_ovdInfo_location_id": "recVv8BYWEbwrtF4D"
      }
    },
    {
      "type": "Feature",
      "id": "recsShqZewtzlSAIR",
      "geometry": {
        "type": "Point",
        "coordinates": [
          81.207129,
          51.555482
        ]
      },
      "properties": {
        "skladsizo_food_ordering_available": false,
        "skladsizo_payment_available": true,
        "skladsizo_product_delivery_available": false,
        "zt_is_maintenance": false,
        "fsinzak_id": "https://fsinzak-money.ru/catalog/altayskiy-kray/ik-10-g-rubcovsk/",
        "rodnayasvyaz_mail_connected": true,
        "promservice_id": "promservice-41",
        "fsinpress_id": "fsinpress-Алтайский край-ИК-10",
        "region_iso": "RU-ALT",
        "name": "ФКУ ИК-10 УФСИН России по Алтайскому краю",
        "ovdInfo_ovdInfo_location_id": "recsShqZewtzlSAIR"
      }
    },
    {
      "type": "Feature",
      "id": "recQhwpevAnVXsQW3",
      "geometry": {
        "type": "Point",
        "coordinates": [
          118.030294,
          50.112668
        ]
      },
      "properties": {
        "skladsizo_food_ordering_available": false,
        "skladsizo_payment_available": true,
        "skladsizo_product_delivery_available": false,
        "zt_is_maintenance": false,
        "fsinzak_id": "https://fsinzak-money.ru/catalog/zabaykalskiy-kray/ik-10-g-krasnokamensk/",
        "fsinpress_id": "fsinpress-Забайкальский край-ИК-10",
        "ariadna_normalized_ariadna_name": "ФКУ ИК-10",
        "region_iso": "RU-ZAB",
        "name": "ФКУ ИК-10 УФСИН России по Забайкальскому краю",
        "ovdInfo_ovdInfo_location_id": "recQhwpevAnVXsQW3"
      }
    },
    {
      "type": "Feature",
      "id": "recs0vKRrF7EQcIN2",
      "geometry": {
        "type": "Point",
        "coordinates": [
          50.094864,
          53.440485
        ]
      },
      "properties": {
        "skladsizo_food_ordering_available": false,
        "skladsizo_payment_available": true,
        "skladsizo_product_delivery_available": false,
        "zt_is_maintenance": false,
        "fsinzak_id": "https://fsinzak-money.ru/catalog/samarskaya-oblast/ik-10-p-volzhskiy/",
        "promservice_id": "promservice-266",
        "fsinpress_id": "fsinpress-Самарская область-ИК-10",
        "region_iso": "RU-SAM",
        "name": "ФКУ ИК-10 УФСИН России по Самарской области",
        "ovdInfo_ovdInfo_location_id": "recs0vKRrF7EQcIN2"
      }
    },
    {
      "type": "Feature",
      "id": "reczo0qd4y9nODev7",
      "geometry": {
        "type": "Point",
        "coordinates": [
          45.901871,
          51.658948
        ]
      },
      "properties": {
        "skladsizo_food_ordering_available": false,
        "skladsizo_payment_available": true,
        "skladsizo_product_delivery_available": false,
        "zt_is_maintenance": false,
        "f_pismo_source_f_pismo_allowSending": "true",
        "fsinzak_id": "https://fsinzak-money.ru/catalog/saratovskaya-oblast/ik-10-g-saratov/",
        "promservice_id": "promservice-344",
        "fsinpress_id": "fsinpress-Саратовская область-ИК-10",
        "prisonmail_key": "IK10Saratov",
        "region_iso": "RU-SAR",
        "name": "ФКУ ИК-10 УФСИН России по Саратовской области",
        "ovdInfo_ovdInfo_location_id": "reczo0qd4y9nODev7"
      }
    },
    {
      "type": "Feature",
      "id": "rec2j5EajUZtRH5co",
      "geometry": {
        "type": "Point",
        "coordinates": [
          49.562464,
          54.192521
        ]
      },
      "properties": {
        "skladsizo_food_ordering_available": false,
        "skladsizo_payment_available": true,
        "skladsizo_product_delivery_available": false,
        "zt_is_maintenance": false,
        "f_pismo_source_f_pismo_allowSending": "true",
        "fsinzak_id": "https://fsinzak-money.ru/catalog/ulyanovskaya-oblast/ik-10-g-dimitrovgrad/",
        "rodnayasvyaz_mail_connected": true,
        "rodnayasvyaz_phone_video_connected": true,
        "fsinpress_id": "fsinpress-Ульяновская область-ИК-10",
        "prisonmail_key": "IK10Dimitrovgrad",
        "region_iso": "RU-ULY",
        "name": "ФКУ ИК-10 УФСИН России по Ульяновской области",
        "ovdInfo_ovdInfo_location_id": "rec2j5EajUZtRH5co"
      }
    },
    {
      "type": "Feature",
      "id": "recztav5J5Hl707pD",
      "geometry": {
        "type": "Point",
        "coordinates": [
          44.133357,
          56.339147
        ]
      },
      "properties": {
        "skladsizo_food_ordering_available": false,
        "skladsizo_payment_available": true,
        "skladsizo_product_delivery_available": false,
        "zt_is_maintenance": false,
        "fsinzak_id": "https://fsinzak-money.ru/catalog/nizhegorodskaya-oblast/ik-11-g-bor/",
        "rodnayasvyaz_mail_connected": true,
        "rodnayasvyaz_phone_video_connected": true,
        "promservice_id": "promservice-291",
        "fsinpress_id": "fsinpress-Нижегородская область-ИК-11",
        "region_iso": "RU-NIZ",
        "name": "ФКУ ИК-11 УФСИН России по Нижегородской области",
        "ovdInfo_ovdInfo_location_id": "recztav5J5Hl707pD"
      }
    },
    {
      "type": "Feature",
      "id": "recxpDVZnh5J8rrzE",
      "geometry": {
        "type": "Point",
        "coordinates": [
          61.559819,
          55.104265
        ]
      },
      "properties": {
        "skladsizo_food_ordering_available": false,
        "skladsizo_payment_available": true,
        "skladsizo_product_delivery_available": false,
        "zt_is_maintenance": false,
        "fsinzak_id": "https://fsinzak-money.ru/catalog/chelyabinskaya-oblast/ik-11-p-zheleznodorozhnyy/",
        "rodnayasvyaz_mail_connected": true,
        "rodnayasvyaz_phone_video_connected": true,
        "promservice_id": "promservice-152",
        "fsinpress_id": "fsinpress-Челябинская область-ИК-11",
        "ariadna_normalized_ariadna_name": "ФКУ ИК-11",
        "region_iso": "RU-CHE",
        "name": "ФКУ ИК-11 УФСИН России по Челябинской области",
        "ovdInfo_ovdInfo_location_id": "recxpDVZnh5J8rrzE"
      }
    },
    {
      "type": "Feature",
      "id": "recO03nBUEHttoxID",
      "geometry": {
        "type": "Point",
        "coordinates": [
          73.40366,
          61.27672
        ]
      },
      "properties": {
        "skladsizo_food_ordering_available": false,
        "skladsizo_payment_available": true,
        "skladsizo_product_delivery_available": false,
        "zt_is_maintenance": false,
        "fsinzak_id": "https://fsinzak-money.ru/catalog/h-mansiyskiy/ik-11-g-surgut/",
        "fsinpress_id": "fsinpress-Ханты-Мансийский автономный округ-ИК-11",
        "ariadna_normalized_ariadna_name": "ФКУ ИК-11  УФСИН",
        "region_iso": "RU-KHM",
        "name": "ФКУ ИК-11 УФСИН России по Ханты-Мансийскому автономному округу",
        "ovdInfo_ovdInfo_location_id": "recO03nBUEHttoxID"
      }
    },
    {
      "type": "Feature",
      "id": "rec89ClRUn9qe8caq",
      "geometry": {
        "type": "Point",
        "coordinates": [
          50.094829,
          58.530413
        ]
      },
      "properties": {
        "skladsizo_food_ordering_available": false,
        "skladsizo_payment_available": true,
        "skladsizo_product_delivery_available": false,
        "zt_is_maintenance": false,
        "fsinzak_id": "https://fsinzak-money.ru/catalog/kirovskaya-oblast/ik-11-g-kirovo-chepeck/",
        "rodnayasvyaz_mail_connected": true,
        "rodnayasvyaz_phone_video_connected": true,
        "promservice_id": "promservice-305",
        "fsinpress_id": "fsinpress-Кировская область-ИК-11",
        "region_iso": "RU-KIR",
        "name": "ФКУ ИК-11 УФСИН России по Кировской области",
        "ovdInfo_ovdInfo_location_id": "rec89ClRUn9qe8caq"
      }
    },
    {
      "type": "Feature",
      "id": "rec6cRXz2iMWxMEm1",
      "geometry": {
        "type": "Point",
        "coordinates": [
          41.964802,
          45.109987
        ]
      },
      "properties": {
        "skladsizo_food_ordering_available": false,
        "skladsizo_payment_available": true,
        "skladsizo_product_delivery_available": false,
        "zt_is_maintenance": false,
        "fsinzak_id": "https://fsinzak-money.ru/catalog/stavropolskiy-kray/ik-11-g-stavropol/",
        "fsinpress_id": "fsinpress-Ставропольский край-ИК-11",
        "region_iso": "RU-STA",
        "name": "ФКУ ИК-11 УФСИН России по Ставропольскому краю",
        "ovdInfo_ovdInfo_location_id": "rec6cRXz2iMWxMEm1"
      }
    },
    {
      "type": "Feature",
      "id": "recY0kyG4Cdc1e3QM",
      "geometry": {
        "type": "Point",
        "coordinates": [
          57.779508,
          58.865642
        ]
      },
      "properties": {
        "skladsizo_food_ordering_available": false,
        "skladsizo_payment_available": true,
        "skladsizo_product_delivery_available": false,
        "zt_is_maintenance": false,
        "fsinzak_id": "https://fsinzak-money.ru/catalog/permskiy-kray/ik-12-dvadcatyy-kilometr/",
        "rodnayasvyaz_mail_connected": true,
        "rodnayasvyaz_phone_video_connected": true,
        "promservice_id": "promservice-97",
        "fsinpress_id": "fsinpress-Пермский край-ИК-12",
        "region_iso": "RU-PER",
        "name": "ФКУ ИК-12 УФСИН России по Пермскому краю",
        "ovdInfo_ovdInfo_location_id": "recY0kyG4Cdc1e3QM"
      }
    },
    {
      "type": "Feature",
      "id": "rec121vdnYxaSCo2f",
      "geometry": {
        "type": "Point",
        "coordinates": [
          38.513137,
          59.221489
        ]
      },
      "properties": {
        "skladsizo_food_ordering_available": false,
        "skladsizo_payment_available": true,
        "skladsizo_product_delivery_available": false,
        "zt_is_maintenance": false,
        "fsinzak_id": "https://fsinzak-money.ru/catalog/vologodskaya-oblast/ik-12-p-sheksna/",
        "rodnayasvyaz_mail_connected": true,
        "promservice_id": "promservice-258",
        "fsinpress_id": "fsinpress-Вологодская область-ИК-12",
        "region_iso": "RU-VLG",
        "name": "ФКУ ИК-12 УФСИН России по Вологодской области",
        "ovdInfo_ovdInfo_location_id": "rec121vdnYxaSCo2f"
      }
    },
    {
      "type": "Feature",
      "id": "rec8TZL7SHG7RglPr",
      "geometry": {
        "type": "Point",
        "coordinates": [
          42.88245,
          54.233631
        ]
      },
      "properties": {
        "skladsizo_food_ordering_available": false,
        "skladsizo_payment_available": true,
        "skladsizo_product_delivery_available": false,
        "zt_is_maintenance": false,
        "fsinzak_id": "https://fsinzak-money.ru/catalog/resp-mordoviya/ik-12-p-molochnica/",
        "rodnayasvyaz_mail_connected": true,
        "rodnayasvyaz_phone_video_connected": true,
        "promservice_id": "promservice-176",
        "fsinpress_id": "fsinpress-Республика Мордовия-ИК-12",
        "region_iso": "RU-MO",
        "name": "ФКУ ИК-12 УФСИН России по республике Мордовия",
        "ovdInfo_ovdInfo_location_id": "rec8TZL7SHG7RglPr"
      }
    },
    {
      "type": "Feature",
      "id": "recV9a4HGvsKSY7G8",
      "geometry": {
        "type": "Point",
        "coordinates": [
          60.015296,
          57.901071
        ]
      },
      "properties": {
        "skladsizo_food_ordering_available": false,
        "skladsizo_payment_available": true,
        "skladsizo_product_delivery_available": false,
        "zt_is_maintenance": false,
        "fsinzak_id": "https://fsinzak-money.ru/catalog/sverdlovskaya-oblast/ik-13-g-nizhniy-tagil/",
        "rodnayasvyaz_mail_connected": true,
        "rodnayasvyaz_phone_video_connected": true,
        "promservice_id": "promservice-126",
        "fsinpress_id": "fsinpress-Свердловская область-ИК-13",
        "region_iso": "RU-SVE",
        "name": "ФКУ ИК-13 УФСИН России по Свердловской области",
        "ovdInfo_ovdInfo_location_id": "recV9a4HGvsKSY7G8"
      }
    },
    {
      "type": "Feature",
      "id": "recd5b1ZnmUneg5iu",
      "geometry": {
        "type": "Point",
        "coordinates": [
          96.712933,
          62.917018
        ]
      },
      "properties": {
        "skladsizo_food_ordering_available": false,
        "skladsizo_payment_available": true,
        "skladsizo_product_delivery_available": false,
        "f_pismo_source_f_pismo_allowSending": "true",
        "fsinzak_id": "https://fsinzak-money.ru/catalog/resp-bashkortostan/ik-13-g-ufa/",
        "fsinpress_id": "fsinpress-Республика Башкортостан-ИК-13",
        "region_iso": "RU-BA",
        "name": "ФКУ ИК-13 УФСИН России по Республике Башкортостан",
        "ovdInfo_ovdInfo_location_id": "recd5b1ZnmUneg5iu"
      }
    },
    {
      "type": "Feature",
      "id": "recAe8luIWdN8e75Z",
      "geometry": {
        "type": "Point",
        "coordinates": [
          96.712933,
          62.917018
        ]
      },
      "properties": {
        "skladsizo_food_ordering_available": false,
        "skladsizo_payment_available": true,
        "skladsizo_product_delivery_available": false,
        "fsinpress_id": "fsinpress-Республика Мордовия-ИК-13",
        "region_iso": "RU-MO",
        "name": "ФКУ ИК-13 УФСИН России по республике Мордовия",
        "ovdInfo_ovdInfo_location_id": "recAe8luIWdN8e75Z"
      }
    },
    {
      "type": "Feature",
      "id": "reclNZ8GMGkro8WFK",
      "geometry": {
        "type": "Point",
        "coordinates": [
          46.127893,
          51.462597
        ]
      },
      "properties": {
        "skladsizo_food_ordering_available": false,
        "skladsizo_payment_available": true,
        "skladsizo_product_delivery_available": false,
        "zt_is_maintenance": false,
        "fsinzak_id": "https://fsinzak-money.ru/catalog/saratovskaya-oblast/ik-13-g-engels/",
        "promservice_id": "promservice-346",
        "fsinpress_id": "fsinpress-Саратовская область-ИК-13",
        "region_iso": "RU-SAR",
        "name": "ФКУ ИК-13 УФСИН России по Саратовской области",
        "ovdInfo_ovdInfo_location_id": "reclNZ8GMGkro8WFK"
      }
    },
    {
      "type": "Feature",
      "id": "recYdl7qbfZ3d6L3Z",
      "geometry": {
        "type": "Point",
        "coordinates": [
          135.227089,
          48.596062
        ]
      },
      "properties": {
        "skladsizo_food_ordering_available": false,
        "skladsizo_payment_available": true,
        "skladsizo_product_delivery_available": false,
        "zt_is_maintenance": false,
        "fsinzak_id": "https://fsinzak-money.ru/catalog/habarovskiy-kray/ik-13-s-zaozernoe/",
        "fsinpress_id": "fsinpress-Хабаровский край-ИК-13",
        "ariadna_normalized_ariadna_name": "ФКУ ИК-13 УФСИН",
        "pochtaRTS_connected": true,
        "region_iso": "RU-KHA",
        "name": "ФКУ ИК-13 УФСИН России по Хабаровскому краю",
        "ovdInfo_ovdInfo_location_id": "recYdl7qbfZ3d6L3Z"
      }
    },
    {
      "type": "Feature",
      "id": "rec0PZL1KNXINE0MB",
      "geometry": {
        "type": "Point",
        "coordinates": [
          103.944654,
          52.567726
        ]
      },
      "properties": {
        "skladsizo_food_ordering_available": false,
        "skladsizo_payment_available": true,
        "skladsizo_product_delivery_available": false,
        "zt_is_maintenance": false,
        "fsinzak_id": "https://fsinzak-money.ru/catalog/irkutskaya-oblast/ik-14-g-angarsk/",
        "fsinpress_id": "fsinpress-Иркутская область-ИК-14",
        "ariadna_normalized_ariadna_name": "ФКУ ИК-14",
        "region_iso": "RU-IRK",
        "name": "ФКУ ИК-14 УФСИН России по Иркутской области",
        "ovdInfo_ovdInfo_location_id": "rec0PZL1KNXINE0MB"
      }
    },
    {
      "type": "Feature",
      "id": "recXlt039yAEng7LW",
      "geometry": {
        "type": "Point",
        "coordinates": [
          44.92124,
          57.055095
        ]
      },
      "properties": {
        "skladsizo_food_ordering_available": false,
        "skladsizo_payment_available": true,
        "skladsizo_product_delivery_available": false,
        "zt_is_maintenance": false,
        "fsinzak_id": "https://fsinzak-money.ru/catalog/nizhegorodskaya-oblast/ik-14-p-suhobezvodnoe/",
        "rodnayasvyaz_mail_connected": true,
        "rodnayasvyaz_phone_video_connected": true,
        "promservice_id": "promservice-293",
        "fsinpress_id": "fsinpress-Нижегородская область-ИК-14",
        "region_iso": "RU-NIZ",
        "name": "ФКУ ИК-14 УФСИН России по Нижегородской области",
        "ovdInfo_ovdInfo_location_id": "recXlt039yAEng7LW"
      }
    },
    {
      "type": "Feature",
      "id": "recaoWtQQyZZNPo1P",
      "geometry": {
        "type": "Point",
        "coordinates": [
          84.370311,
          55.232651
        ]
      },
      "properties": {
        "skladsizo_food_ordering_available": false,
        "skladsizo_payment_available": true,
        "skladsizo_product_delivery_available": false,
        "zt_is_maintenance": false,
        "fsinzak_id": "https://fsinzak-money.ru/catalog/novosibirskaya-oblast/ik-14-g-toguchin/",
        "fsinpress_id": "fsinpress-Новосибирская область-ИК-14",
        "region_iso": "RU-NVS",
        "name": "ФКУ ИК-14 УФСИН России по Новосибирской области",
        "ovdInfo_ovdInfo_location_id": "recaoWtQQyZZNPo1P"
      }
    },
    {
      "type": "Feature",
      "id": "recz7ohrJr5diH4af",
      "geometry": {
        "type": "Point",
        "coordinates": [
          42.121711,
          61.107352
        ]
      },
      "properties": {
        "skladsizo_food_ordering_available": false,
        "skladsizo_payment_available": true,
        "skladsizo_product_delivery_available": false,
        "zt_is_maintenance": false,
        "f_pismo_source_f_pismo_allowSending": "true",
        "fsinzak_id": "https://fsinzak-money.ru/catalog/arhangelskaya-oblast/ik-14-d-gorka-muravevskaya/",
        "rodnayasvyaz_mail_connected": true,
        "rodnayasvyaz_phone_video_connected": true,
        "fsinpress_id": "fsinpress-Архангельская область-ИК-14",
        "prisonmail_key": "IK14GorkaMuravevskaja",
        "AO_name": "Архангельское ФКУ ИК-14",
        "region_iso": "RU-ARK",
        "name": "ФКУ ИК-14 УФСИН России по Архангельской области",
        "ovdInfo_ovdInfo_location_id": "recz7ohrJr5diH4af"
      }
    },
    {
      "type": "Feature",
      "id": "recFrv67LT61tYc5e",
      "geometry": {
        "type": "Point",
        "coordinates": [
          136.845421,
          50.246831
        ]
      },
      "properties": {
        "skladsizo_food_ordering_available": false,
        "skladsizo_payment_available": true,
        "skladsizo_product_delivery_available": false,
        "zt_is_maintenance": false,
        "fsinzak_id": "https://fsinzak-money.ru/catalog/habarovskiy-kray/ik-14-g-amursk/",
        "fsinpress_id": "fsinpress-Хабаровский край-ИК-14",
        "ariadna_normalized_ariadna_name": "ФКУ ИК-14 УФСИН",
        "pochtaRTS_connected": true,
        "region_iso": "RU-KHA",
        "name": "ФКУ ИК-14 УФСИН России по Хабаровскому краю",
        "ovdInfo_ovdInfo_location_id": "recFrv67LT61tYc5e"
      }
    },
    {
      "type": "Feature",
      "id": "rec9p78BXeqgS18lB",
      "geometry": {
        "type": "Point",
        "coordinates": [
          96.712933,
          62.917018
        ]
      },
      "properties": {
        "skladsizo_food_ordering_available": false,
        "skladsizo_payment_available": true,
        "skladsizo_product_delivery_available": false,
        "fsinzak_id": "https://fsinzak-money.ru/catalog/irkutskaya-oblast/ik-15-g-angarsk/",
        "fsinpress_id": "fsinpress-Иркутская область-ИК-15",
        "region_iso": "RU-IRK",
        "name": "ФКУ ИК-15 УФСИН России по Иркутской области",
        "ovdInfo_ovdInfo_location_id": "rec9p78BXeqgS18lB"
      }
    },
    {
      "type": "Feature",
      "id": "recRmCgcfzd3K27Jq",
      "geometry": {
        "type": "Point",
        "coordinates": [
          96.712933,
          62.917018
        ]
      },
      "properties": {
        "skladsizo_food_ordering_available": false,
        "skladsizo_payment_available": true,
        "skladsizo_product_delivery_available": false,
        "fsinzak_id": "https://fsinzak-money.ru/catalog/nizhegorodskaya-oblast/ik-15-p-prudy/",
        "promservice_id": "promservice-294",
        "fsinpress_id": "fsinpress-Нижегородская область-ИК-15",
        "region_iso": "RU-NIZ",
        "name": "ФКУ ИК-15 УФСИН России по Нижегородской области",
        "ovdInfo_ovdInfo_location_id": "recRmCgcfzd3K27Jq"
      }
    },
    {
      "type": "Feature",
      "id": "recChkEdWYpMp0Ory",
      "geometry": {
        "type": "Point",
        "coordinates": [
          39.717481,
          47.139043
        ]
      },
      "properties": {
        "skladsizo_food_ordering_available": false,
        "skladsizo_payment_available": true,
        "skladsizo_product_delivery_available": false,
        "zt_is_maintenance": false,
        "fsinzak_id": "https://fsinzak-money.ru/catalog/rostovskaya-oblast/ik-15-g-bataysk/",
        "rodnayasvyaz_mail_connected": true,
        "fsinpress_id": "fsinpress-Ростовская область-ИК-15",
        "region_iso": "RU-ROS",
        "name": "ФКУ ИК-15 УФСИН России по Ростовской области",
        "ovdInfo_ovdInfo_location_id": "recChkEdWYpMp0Ory"
      }
    },
    {
      "type": "Feature",
      "id": "recipSIBr9gZjBtLi",
      "geometry": {
        "type": "Point",
        "coordinates": [
          61.622261,
          55.178304
        ]
      },
      "properties": {
        "skladsizo_food_ordering_available": false,
        "skladsizo_payment_available": true,
        "skladsizo_product_delivery_available": false,
        "zt_is_maintenance": false,
        "fsinzak_id": "https://fsinzak-money.ru/catalog/chelyabinskaya-oblast/ik-15-g-kopeysk/",
        "rodnayasvyaz_mail_connected": true,
        "rodnayasvyaz_phone_video_connected": true,
        "promservice_id": "promservice-153",
        "fsinpress_id": "fsinpress-Челябинская область-ИК-15",
        "region_iso": "RU-CHE",
        "name": "ФКУ ИК-15 УФСИН России по Челябинской области",
        "ovdInfo_ovdInfo_location_id": "recipSIBr9gZjBtLi"
      }
    },
    {
      "type": "Feature",
      "id": "recVdCoK2U9w9ZtPT",
      "geometry": {
        "type": "Point",
        "coordinates": [
          76.400213,
          60.991811
        ]
      },
      "properties": {
        "skladsizo_food_ordering_available": false,
        "skladsizo_payment_available": true,
        "skladsizo_product_delivery_available": false,
        "zt_is_maintenance": false,
        "f_pismo_source_f_pismo_allowSending": "true",
        "fsinzak_id": "https://fsinzak-money.ru/catalog/h-mansiyskiy/ik-15-p-severnyy/",
        "fsinpress_id": "fsinpress-Ханты-Мансийский автономный округ-ИК-15",
        "ariadna_normalized_ariadna_name": "ФКУ ИК-15 УФСИН",
        "prisonmail_key": "IK15Nizhnevartovsk",
        "region_iso": "RU-KHM",
        "name": "ФКУ ИК-15 УФСИН России по Ханты-Мансийскому автономному округу",
        "ovdInfo_ovdInfo_location_id": "recVdCoK2U9w9ZtPT"
      }
    },
    {
      "type": "Feature",
      "id": "recK1dmxFTdn2TuAy",
      "geometry": {
        "type": "Point",
        "coordinates": [
          50.103332,
          53.131131
        ]
      },
      "properties": {
        "skladsizo_food_ordering_available": false,
        "skladsizo_payment_available": true,
        "skladsizo_product_delivery_available": false,
        "zt_is_maintenance": false,
        "fsinzak_id": "https://fsinzak-money.ru/catalog/samarskaya-oblast/ik-15-g-samara/",
        "rodnayasvyaz_mail_connected": true,
        "promservice_id": "promservice-268",
        "fsinpress_id": "fsinpress-Самарская область-ИК-15",
        "region_iso": "RU-SAM",
        "name": "ФКУ ИК-15 УФСИН России по Самарской области",
        "ovdInfo_ovdInfo_location_id": "recK1dmxFTdn2TuAy"
      }
    },
    {
      "type": "Feature",
      "id": "recdiMJV4Ge6LBFDU",
      "geometry": {
        "type": "Point",
        "coordinates": [
          96.712933,
          62.917018
        ]
      },
      "properties": {
        "skladsizo_food_ordering_available": false,
        "skladsizo_payment_available": true,
        "skladsizo_product_delivery_available": false,
        "fsinzak_id": "https://fsinzak-money.ru/catalog/krasnoyarskiy-kray/ik-16-p-gromadsk/",
        "fsinpress_id": "fsinpress-Красноярский край-ИК-16",
        "ariadna_normalized_ariadna_name": "ФКУ ИК-16",
        "region_iso": "RU-KYA",
        "name": "ФКУ ИК-16 УФСИН России по Красноярскому краю",
        "ovdInfo_ovdInfo_location_id": "recdiMJV4Ge6LBFDU"
      }
    },
    {
      "type": "Feature",
      "id": "recMPzFYRls6Es7cs",
      "geometry": {
        "type": "Point",
        "coordinates": [
          45.160916,
          56.098529
        ]
      },
      "properties": {
        "skladsizo_food_ordering_available": false,
        "skladsizo_payment_available": true,
        "skladsizo_product_delivery_available": false,
        "zt_is_maintenance": false,
        "fsinzak_id": "https://fsinzak-money.ru/catalog/nizhegorodskaya-oblast/ik-16-p-prosek/",
        "rodnayasvyaz_mail_connected": true,
        "rodnayasvyaz_phone_video_connected": true,
        "promservice_id": "promservice-295",
        "fsinpress_id": "fsinpress-Нижегородская область-ИК-16",
        "region_iso": "RU-NIZ",
        "name": "ФКУ ИК-16 УФСИН России по Нижегородской области",
        "ovdInfo_ovdInfo_location_id": "recMPzFYRls6Es7cs"
      }
    },
    {
      "type": "Feature",
      "id": "reclQfjxgOb0tjppI",
      "geometry": {
        "type": "Point",
        "coordinates": [
          55.841703,
          53.412269
        ]
      },
      "properties": {
        "skladsizo_food_ordering_available": false,
        "skladsizo_payment_available": true,
        "skladsizo_product_delivery_available": false,
        "zt_is_maintenance": false,
        "f_pismo_source_f_pismo_allowSending": "true",
        "fsinzak_id": "https://fsinzak-money.ru/catalog/resp-bashkortostan/ik-16-g-salavat--6/",
        "rodnayasvyaz_mail_connected": true,
        "rodnayasvyaz_phone_video_connected": true,
        "fsinpress_id": "fsinpress-Республика Башкортостан-ИК-16",
        "region_iso": "RU-BA",
        "name": "ФКУ ИК-16 УФСИН России по Республике Башкортостан",
        "ovdInfo_ovdInfo_location_id": "reclQfjxgOb0tjppI"
      }
    },
    {
      "type": "Feature",
      "id": "recKuMlLQdJmKJVjO",
      "geometry": {
        "type": "Point",
        "coordinates": [
          32.776423,
          68.805247
        ]
      },
      "properties": {
        "f_okno_f_okno_peredacha_available": true,
        "f_okno_f_okno_svidaniye_available": true,
        "skladsizo_food_ordering_available": false,
        "skladsizo_payment_available": true,
        "skladsizo_product_delivery_available": false,
        "zt_is_maintenance": false,
        "f_pismo_source_f_pismo_allowSending": "true",
        "fsinzak_id": "https://fsinzak-money.ru/catalog/murmanskaya-oblast/ik-16-p-murmashi/",
        "fsinpress_id": "fsinpress-Мурманская область-ИК-16",
        "prisonmail_key": "IK16Murmashi",
        "AO_name": "Мурманское ФКУ ИК-16",
        "region_iso": "RU-MUR",
        "name": "ФКУ ИК-16 УФСИН России по Мурманской области",
        "ovdInfo_ovdInfo_location_id": "recKuMlLQdJmKJVjO"
      }
    },
    {
      "type": "Feature",
      "id": "rec2aECnlXK00G4yl",
      "geometry": {
        "type": "Point",
        "coordinates": [
          93.041357,
          56.107422
        ]
      },
      "properties": {
        "skladsizo_food_ordering_available": false,
        "skladsizo_payment_available": true,
        "skladsizo_product_delivery_available": false,
        "zt_is_maintenance": false,
        "fsinzak_id": "https://fsinzak-money.ru/catalog/krasnoyarskiy-kray/ik-17-g-krasnoyarsk/",
        "fsinpress_id": "fsinpress-Красноярский край-ИК-17",
        "ariadna_normalized_ariadna_name": "ФКУ ИК-17",
        "region_iso": "RU-KYA",
        "name": "ФКУ ИК-17 УФСИН России по Красноярскому краю",
        "ovdInfo_ovdInfo_location_id": "rec2aECnlXK00G4yl"
      }
    },
    {
      "type": "Feature",
      "id": "rec3buaeBBjxvz9XI",
      "geometry": {
        "type": "Point",
        "coordinates": [
          44.781657,
          57.201533
        ]
      },
      "properties": {
        "skladsizo_food_ordering_available": false,
        "skladsizo_payment_available": true,
        "skladsizo_product_delivery_available": false,
        "zt_is_maintenance": false,
        "fsinzak_id": "https://fsinzak-money.ru/catalog/nizhegorodskaya-oblast/ik-17-p-prudy/",
        "rodnayasvyaz_mail_connected": true,
        "rodnayasvyaz_phone_video_connected": true,
        "promservice_id": "promservice-296",
        "fsinpress_id": "fsinpress-Нижегородская область-ИК-17",
        "region_iso": "RU-NIZ",
        "name": "ФКУ ИК-17 УФСИН России по Нижегородской области",
        "ovdInfo_ovdInfo_location_id": "rec3buaeBBjxvz9XI"
      }
    },
    {
      "type": "Feature",
      "id": "recgyjhuhj2cLXtfz",
      "geometry": {
        "type": "Point",
        "coordinates": [
          38.473496,
          59.199591
        ]
      },
      "properties": {
        "skladsizo_food_ordering_available": false,
        "skladsizo_payment_available": true,
        "skladsizo_product_delivery_available": false,
        "zt_is_maintenance": false,
        "fsinzak_id": "https://fsinzak-money.ru/catalog/vologodskaya-oblast/ik-17-p-sheksna/",
        "rodnayasvyaz_mail_connected": true,
        "rodnayasvyaz_phone_video_connected": true,
        "promservice_id": "promservice-259",
        "fsinpress_id": "fsinpress-Вологодская область-ИК-17",
        "region_iso": "RU-VLG",
        "name": "ФКУ ИК-17 УФСИН России по Вологодской области",
        "ovdInfo_ovdInfo_location_id": "recgyjhuhj2cLXtfz"
      }
    },
    {
      "type": "Feature",
      "id": "recw8avvwE0igKSvt",
      "geometry": {
        "type": "Point",
        "coordinates": [
          52.222897,
          58.697998
        ]
      },
      "properties": {
        "skladsizo_food_ordering_available": false,
        "skladsizo_payment_available": true,
        "skladsizo_product_delivery_available": false,
        "zt_is_maintenance": false,
        "fsinzak_id": "https://fsinzak-money.ru/catalog/kirovskaya-oblast/ik-17-g-omutninsk/",
        "rodnayasvyaz_mail_connected": true,
        "rodnayasvyaz_phone_video_connected": true,
        "promservice_id": "promservice-306",
        "fsinpress_id": "fsinpress-Кировская область-ИК-17",
        "region_iso": "RU-KIR",
        "name": "ФКУ ИК-17 УФСИН России по Кировской области",
        "ovdInfo_ovdInfo_location_id": "recw8avvwE0igKSvt"
      }
    },
    {
      "type": "Feature",
      "id": "recZ76GzBi3pCJkrz",
      "geometry": {
        "type": "Point",
        "coordinates": [
          33.066391,
          69.009396
        ]
      },
      "properties": {
        "f_okno_f_okno_peredacha_available": true,
        "f_okno_f_okno_svidaniye_available": true,
        "skladsizo_food_ordering_available": false,
        "skladsizo_payment_available": true,
        "skladsizo_product_delivery_available": false,
        "zt_is_maintenance": false,
        "f_pismo_source_f_pismo_allowSending": "true",
        "fsinzak_id": "https://fsinzak-money.ru/catalog/murmanskaya-oblast/ik-17-g-murmansk/",
        "fsinpress_id": "fsinpress-Мурманская область-ИК-17",
        "prisonmail_key": "IK17Murmansk",
        "AO_name": "Мурманское ФКУ ИК-17",
        "region_iso": "RU-MUR",
        "name": "ФКУ ИК-17 УФСИН России по Мурманской области",
        "ovdInfo_ovdInfo_location_id": "recZ76GzBi3pCJkrz"
      }
    },
    {
      "type": "Feature",
      "id": "recmxuOzarDUOrAXI",
      "geometry": {
        "type": "Point",
        "coordinates": [
          42.693531,
          54.40925
        ]
      },
      "properties": {
        "skladsizo_food_ordering_available": false,
        "skladsizo_payment_available": true,
        "skladsizo_product_delivery_available": false,
        "fsinzak_id": "https://fsinzak-money.ru/catalog/resp-mordoviya/ik-17-p-ozernyy/",
        "rodnayasvyaz_mail_connected": true,
        "rodnayasvyaz_phone_video_connected": true,
        "promservice_id": "promservice-179",
        "fsinpress_id": "fsinpress-Республика Мордовия-ИК-17",
        "region_iso": "RU-MO",
        "name": "ФКУ ИК-17 УФСИН России по республике Мордовия",
        "ovdInfo_ovdInfo_location_id": "recmxuOzarDUOrAXI"
      }
    },
    {
      "type": "Feature",
      "id": "rechFBuh4qlP5agtH",
      "geometry": {
        "type": "Point",
        "coordinates": [
          39.434577,
          47.087931
        ]
      },
      "properties": {
        "skladsizo_food_ordering_available": false,
        "skladsizo_payment_available": true,
        "skladsizo_product_delivery_available": false,
        "zt_is_maintenance": false,
        "fsinzak_id": "https://fsinzak-money.ru/catalog/rostovskaya-oblast/ik-18-g-azov/",
        "fsinpress_id": "fsinpress-Ростовская область-ИК-18",
        "region_iso": "RU-ROS",
        "name": "ФКУ ИК-18 УФСИН России по Ростовской области",
        "ovdInfo_ovdInfo_location_id": "rechFBuh4qlP5agtH"
      }
    },
    {
      "type": "Feature",
      "id": "recwdwYhz1DnQKhV0",
      "geometry": {
        "type": "Point",
        "coordinates": [
          96.712933,
          62.917018
        ]
      },
      "properties": {
        "region_iso": "UA-43",
        "name": "КПБ-1",
        "ovdInfo_ovdInfo_location_id": "recwdwYhz1DnQKhV0"
      }
    },
    {
      "type": "Feature",
      "id": "recmRGs4eShFsCHfC",
      "geometry": {
        "type": "Point",
        "coordinates": [
          96.712933,
          62.917018
        ]
      },
      "properties": {
        "region_iso": "RU-AST",
        "name": "ГУЗ \"Областная клиническая психиатрическая больница\" Министерства здравоохранения Астраханской области",
        "ovdInfo_ovdInfo_location_id": "recmRGs4eShFsCHfC"
      }
    },
    {
      "type": "Feature",
      "id": "recSXozZnohguGDgL",
      "geometry": {
        "type": "Point",
        "coordinates": [
          96.712933,
          62.917018
        ]
      },
      "properties": {
        "region_iso": "RU-MOW",
        "name": "ПБ-5 Департамента здравоохранения Москвы",
        "ovdInfo_ovdInfo_location_id": "recSXozZnohguGDgL"
      }
    },
    {
      "type": "Feature",
      "id": "recaR8M8oWxzmJzrX",
      "geometry": {
        "type": "Point",
        "coordinates": [
          37.588018,
          55.740689
        ]
      },
      "properties": {
        "region_iso": "RU-MOW",
        "name": "Центр социальной и судебной психиатрии Сербского",
        "ovdInfo_ovdInfo_location_id": "recaR8M8oWxzmJzrX"
      }
    },
    {
      "type": "Feature",
      "id": "recNilqmOYiq44Kgm",
      "geometry": {
        "type": "Point",
        "coordinates": [
          55.943094,
          54.73494
        ]
      },
      "properties": {
        "skladsizo_food_ordering_available": false,
        "skladsizo_payment_available": true,
        "skladsizo_product_delivery_available": false,
        "fsinzak_id": "https://fsinzak-money.ru/catalog/resp-bashkortostan/fklpu-respnskaya-bolnica-g-ufa/",
        "region_iso": "RU-BA",
        "name": "ФКЛПУ РБ УФСИН России по Республике Башкортостан",
        "ovdInfo_ovdInfo_location_id": "recNilqmOYiq44Kgm"
      }
    },
    {
      "type": "Feature",
      "id": "rec75yWuHmioN8udS",
      "geometry": {
        "type": "Point",
        "coordinates": [
          83.739536,
          53.310141
        ]
      },
      "properties": {
        "skladsizo_food_ordering_available": false,
        "skladsizo_payment_available": true,
        "skladsizo_product_delivery_available": false,
        "zt_is_maintenance": false,
        "fsinzak_id": "https://fsinzak-money.ru/catalog/altayskiy-kray/tuber-bolnica-g-barnaul/",
        "promservice_id": "promservice-49",
        "fsinpress_id": "fsinpress-Алтайский край-КТБ-12",
        "region_iso": "RU-ALT",
        "name": "КТБ-12 УФСИН России по Алтайскому краю",
        "ovdInfo_ovdInfo_location_id": "rec75yWuHmioN8udS"
      }
    },
    {
      "type": "Feature",
      "id": "recTNx758jObYI85Z",
      "geometry": {
        "type": "Point",
        "coordinates": [
          96.712933,
          62.917018
        ]
      },
      "properties": {
        "ariadna_normalized_ariadna_name": "ФКУ КП-2 УФСИН",
        "region_iso": "RU-SA",
        "name": "ГБУ Республики Саха Якутский республиканский психоневрологический диспансер",
        "ovdInfo_ovdInfo_location_id": "recTNx758jObYI85Z"
      }
    },
    {
      "type": "Feature",
      "id": "recLZvsmDIOpA56mV",
      "geometry": {
        "type": "Point",
        "coordinates": [
          44.780708,
          57.19616
        ]
      },
      "properties": {
        "skladsizo_food_ordering_available": false,
        "skladsizo_payment_available": true,
        "skladsizo_product_delivery_available": false,
        "zt_is_maintenance": false,
        "fsinzak_id": "https://fsinzak-money.ru/catalog/nizhegorodskaya-oblast/liu-3-p-prudy/",
        "rodnayasvyaz_mail_connected": true,
        "promservice_id": "promservice-299",
        "fsinpress_id": "fsinpress-Нижегородская область-ЛИУ-3",
        "region_iso": "RU-NIZ",
        "name": "ЛИУ-3 УФСИН России по Нижегородской области",
        "ovdInfo_ovdInfo_location_id": "recLZvsmDIOpA56mV"
      }
    },
    {
      "type": "Feature",
      "id": "recI9N4KKNzZUjyUZ",
      "geometry": {
        "type": "Point",
        "coordinates": [
          96.712933,
          62.917018
        ]
      },
      "properties": {
        "region_iso": "RU-MOW",
        "name": "ГБУЗ ПКБ-1 им. Н. А. Алексеева ДЗМ",
        "ovdInfo_ovdInfo_location_id": "recI9N4KKNzZUjyUZ"
      }
    },
    {
      "type": "Feature",
      "id": "recJ10BEh4rHkvt3q",
      "geometry": {
        "type": "Point",
        "coordinates": [
          53.740976,
          63.569902
        ]
      },
      "properties": {
        "skladsizo_food_ordering_available": false,
        "skladsizo_payment_available": true,
        "skladsizo_product_delivery_available": false,
        "fsinzak_id": "https://fsinzak-money.ru/catalog/resp-komi/fklpu--bolnica-18-g-uhta/",
        "AO_name": "Коми ФКЛПУ Б-18",
        "region_iso": "RU-KO",
        "name": "ФКЛПУ Б-18 УФСИН России по Республике Коми",
        "ovdInfo_ovdInfo_location_id": "recJ10BEh4rHkvt3q"
      }
    },
    {
      "type": "Feature",
      "id": "recw6D3mFq9FF7Ono",
      "geometry": {
        "type": "Point",
        "coordinates": [
          50.216044,
          53.181331
        ]
      },
      "properties": {
        "skladsizo_food_ordering_available": false,
        "skladsizo_payment_available": true,
        "skladsizo_product_delivery_available": false,
        "zt_is_maintenance": false,
        "fsinzak_id": "https://fsinzak-money.ru/catalog/samarskaya-oblast/liu-4-g-samara/",
        "rodnayasvyaz_mail_connected": true,
        "promservice_id": "promservice-275",
        "fsinpress_id": "fsinpress-Самарская область-ЛИУ-4",
        "region_iso": "RU-SAM",
        "name": "ЛИУ-4 УФСИН России по Самарской области",
        "ovdInfo_ovdInfo_location_id": "recw6D3mFq9FF7Ono"
      }
    },
    {
      "type": "Feature",
      "id": "recgeXbmyJiwGHmIV",
      "geometry": {
        "type": "Point",
        "coordinates": [
          43.222929,
          51.543539
        ]
      },
      "properties": {
        "skladsizo_food_ordering_available": false,
        "skladsizo_payment_available": true,
        "skladsizo_product_delivery_available": false,
        "zt_is_maintenance": false,
        "f_pismo_source_f_pismo_allowSending": "true",
        "fsinzak_id": "https://fsinzak-money.ru/catalog/saratovskaya-oblast/liu-3-g-balashov/",
        "promservice_id": "promservice-339",
        "fsinpress_id": "fsinpress-Саратовская область-ЛИУ-3",
        "prisonmail_key": "LIU3Balashov",
        "region_iso": "RU-SAR",
        "name": "ФКУ ЛИУ-3 УФСИН России по Саратовской области",
        "ovdInfo_ovdInfo_location_id": "recgeXbmyJiwGHmIV"
      }
    },
    {
      "type": "Feature",
      "id": "recLGWbGsCPBRG7mj",
      "geometry": {
        "type": "Point",
        "coordinates": [
          96.712933,
          62.917018
        ]
      },
      "properties": {
        "region_iso": "RU-SAM",
        "name": "ФКУЗ МСЧ-63 ФСИН России по Самарской области",
        "ovdInfo_ovdInfo_location_id": "recLGWbGsCPBRG7mj"
      }
    },
    {
      "type": "Feature",
      "id": "recSol4ScnMcFnLnS",
      "geometry": {
        "type": "Point",
        "coordinates": [
          132.10667,
          43.696767
        ]
      },
      "properties": {
        "region_iso": "RU-PRI",
        "name": "КБПБ-1 Приморского края",
        "ovdInfo_ovdInfo_location_id": "recSol4ScnMcFnLnS"
      }
    },
    {
      "type": "Feature",
      "id": "recG1accJctJlCMBJ",
      "geometry": {
        "type": "Point",
        "coordinates": [
          49.964211,
          58.534292
        ]
      },
      "properties": {
        "skladsizo_food_ordering_available": false,
        "skladsizo_payment_available": true,
        "skladsizo_product_delivery_available": false,
        "zt_is_maintenance": false,
        "f_pismo_source_f_pismo_allowSending": "true",
        "fsinzak_id": "https://fsinzak-money.ru/catalog/kirovskaya-oblast/liu-12-g-kirovo-chepeck/",
        "rodnayasvyaz_mail_connected": true,
        "rodnayasvyaz_phone_video_connected": true,
        "promservice_id": "promservice-301",
        "fsinpress_id": "fsinpress-Кировская область-ЛИУ-12",
        "prisonmail_key": "LIU12KirovoChepezk",
        "region_iso": "RU-KIR",
        "name": "ЛИУ-12 УФСИН России по Кировской области",
        "ovdInfo_ovdInfo_location_id": "recG1accJctJlCMBJ"
      }
    },
    {
      "type": "Feature",
      "id": "rec9QxTTjTZfoxTA0",
      "geometry": {
        "type": "Point",
        "coordinates": [
          92.830267,
          56.028996
        ]
      },
      "properties": {
        "skladsizo_food_ordering_available": false,
        "skladsizo_payment_available": true,
        "skladsizo_product_delivery_available": false,
        "fsinzak_id": "https://fsinzak-money.ru/catalog/krasnoyarskiy-kray/ktb-1-g-krasnoyarsk/",
        "region_iso": "RU-KYA",
        "name": "ФКЛПУ КТБ-1 УФСИН России по Красноярскому краю",
        "ovdInfo_ovdInfo_location_id": "rec9QxTTjTZfoxTA0"
      }
    },
    {
      "type": "Feature",
      "id": "recOSYJjkpdczTAlO",
      "geometry": {
        "type": "Point",
        "coordinates": [
          96.712933,
          62.917018
        ]
      },
      "properties": {
        "region_iso": "RU-NIZ",
        "name": "Нижегородская областная психоневрологическая больница №1 имени Кащенко",
        "ovdInfo_ovdInfo_location_id": "recOSYJjkpdczTAlO"
      }
    },
    {
      "type": "Feature",
      "id": "recyijiRWRss5p0UA",
      "geometry": {
        "type": "Point",
        "coordinates": [
          96.712933,
          62.917018
        ]
      },
      "properties": {
        "region_iso": "RU-SPE",
        "name": "СПб ГКУЗ \"Городская психиатрическая больница №6\"",
        "ovdInfo_ovdInfo_location_id": "recyijiRWRss5p0UA"
      }
    },
    {
      "type": "Feature",
      "id": "recOabQb0CKg1wStA",
      "geometry": {
        "type": "Point",
        "coordinates": [
          40.551717,
          64.51484
        ]
      },
      "properties": {
        "fsinzak_id": "https://fsinzak-money.ru/catalog/arhangelskaya-oblast/oblastnaya-bolnica/",
        "region_iso": "RU-ARK",
        "name": "ФКУ ОБ УФСИН России по Архангельской области",
        "ovdInfo_ovdInfo_location_id": "recOabQb0CKg1wStA"
      }
    },
    {
      "type": "Feature",
      "id": "rec5qgwjhXPYbV7Kc",
      "geometry": {
        "type": "Point",
        "coordinates": [
          96.712933,
          62.917018
        ]
      },
      "properties": {
        "region_iso": "RU-CHE",
        "name": "Областная клиническая специализированная психоневрологическая больница №1 города Челябинска",
        "ovdInfo_ovdInfo_location_id": "rec5qgwjhXPYbV7Kc"
      }
    },
    {
      "type": "Feature",
      "id": "recWxsiLu22pJPvW8",
      "geometry": {
        "type": "Point",
        "coordinates": [
          33.741546,
          58.127243
        ]
      },
      "properties": {
        "skladsizo_food_ordering_available": false,
        "skladsizo_payment_available": true,
        "skladsizo_product_delivery_available": false,
        "zt_is_maintenance": false,
        "f_pismo_source_f_pismo_allowSending": "true",
        "fsinzak_id": "https://fsinzak-money.ru/catalog/tverskaya-oblast/liu-3-d-mihaylovskoe/",
        "fsinpress_id": "fsinpress-Тверская область-ЛИУ-3",
        "region_iso": "RU-TVE",
        "name": "ЛИУ-3 УФСИН России по Тверской области",
        "ovdInfo_ovdInfo_location_id": "recWxsiLu22pJPvW8"
      }
    },
    {
      "type": "Feature",
      "id": "recUiLUacWGPq0qVY",
      "geometry": {
        "type": "Point",
        "coordinates": [
          55.898234,
          53.380743
        ]
      },
      "properties": {
        "skladsizo_food_ordering_available": false,
        "skladsizo_payment_available": true,
        "skladsizo_product_delivery_available": false,
        "zt_is_maintenance": false,
        "fsinzak_id": "https://fsinzak-money.ru/catalog/resp-bashkortostan/liu-19-g-salavat/",
        "rodnayasvyaz_mail_connected": true,
        "rodnayasvyaz_phone_video_connected": true,
        "fsinpress_id": "fsinpress-Республика Башкортостан-ЛИУ-19",
        "region_iso": "RU-BA",
        "name": "ЛИУ-19 УФСИН России по Республике Башкортостан",
        "ovdInfo_ovdInfo_location_id": "recUiLUacWGPq0qVY"
      }
    },
    {
      "type": "Feature",
      "id": "recBAf2IB2YoLp1y3",
      "geometry": {
        "type": "Point",
        "coordinates": [
          83.704689,
          53.395538
        ]
      },
      "properties": {
        "skladsizo_food_ordering_available": false,
        "skladsizo_payment_available": true,
        "skladsizo_product_delivery_available": false,
        "zt_is_maintenance": false,
        "fsinzak_id": "https://fsinzak-money.ru/catalog/altayskiy-kray/liu-1-g-barnaul/",
        "fsinpress_id": "fsinpress-Алтайский край-ЛИУ-1",
        "region_iso": "RU-ALT",
        "name": "ЛИУ-1 УФСИН России по Алтайскому краю",
        "ovdInfo_ovdInfo_location_id": "recBAf2IB2YoLp1y3"
      }
    },
    {
      "type": "Feature",
      "id": "recF7sdswXJTlzcXC",
      "geometry": {
        "type": "Point",
        "coordinates": [
          96.712933,
          62.917018
        ]
      },
      "properties": {
        "region_iso": "RU-SVE",
        "name": "Свердловский областной центр судебной и социальной психиатрии",
        "ovdInfo_ovdInfo_location_id": "recF7sdswXJTlzcXC"
      }
    },
    {
      "type": "Feature",
      "id": "rect6TUWTPgh2qj2d",
      "geometry": {
        "type": "Point",
        "coordinates": [
          96.712933,
          62.917018
        ]
      },
      "properties": {
        "skladsizo_food_ordering_available": false,
        "skladsizo_payment_available": true,
        "skladsizo_product_delivery_available": false,
        "prisonmail_key": "BolnitsaGaaza",
        "region_iso": "RU-SPE",
        "name": "ФКЛПУ ОБ УФСИН России по Санкт-Петербургу",
        "ovdInfo_ovdInfo_location_id": "rect6TUWTPgh2qj2d"
      }
    },
    {
      "type": "Feature",
      "id": "recAEHxPbj6f0UwQr",
      "geometry": {
        "type": "Point",
        "coordinates": [
          91.259801,
          53.901848
        ]
      },
      "properties": {
        "skladsizo_food_ordering_available": false,
        "skladsizo_payment_available": true,
        "skladsizo_product_delivery_available": false,
        "zt_is_maintenance": false,
        "f_pismo_source_f_pismo_allowSending": "true",
        "fsinzak_id": "https://fsinzak-money.ru/catalog/resp-hakasiya/liu-34-p-prigorsk/",
        "fsinpress_id": "fsinpress-Республика Хакасия-ЛИУ-34",
        "prisonmail_key": "LIU34Prigorsk",
        "region_iso": "RU-KK",
        "name": "ФКУ ЛИУ-34 УФСИН России по Республике Хакасия",
        "ovdInfo_ovdInfo_location_id": "recAEHxPbj6f0UwQr"
      }
    },
    {
      "type": "Feature",
      "id": "recpTMK3AwrviwogV",
      "geometry": {
        "type": "Point",
        "coordinates": [
          96.712933,
          62.917018
        ]
      },
      "properties": {
        "region_iso": "RU-TYU",
        "name": "Автономное стационарное учреждение социального обслуживания населения Тюменской области \"Винзилинский психоневрологический интернат\"",
        "ovdInfo_ovdInfo_location_id": "recpTMK3AwrviwogV"
      }
    },
    {
      "type": "Feature",
      "id": "recMba8UmVYJJZlkR",
      "geometry": {
        "type": "Point",
        "coordinates": [
          37.627317,
          55.279146
        ]
      },
      "properties": {
        "region_iso": "RU-MOS",
        "name": "ГБУЗ МО «МОПБ имени В. И. Яковенко»",
        "ovdInfo_ovdInfo_location_id": "recMba8UmVYJJZlkR"
      }
    },
    {
      "type": "Feature",
      "id": "rec4czlB8mlNTQwcw",
      "geometry": {
        "type": "Point",
        "coordinates": [
          96.712933,
          62.917018
        ]
      },
      "properties": {
        "region_iso": "RU-TYU",
        "name": "ГБУЗ ТО «Областная клиническая психиатрическая больница» (филиал №3)",
        "ovdInfo_ovdInfo_location_id": "rec4czlB8mlNTQwcw"
      }
    },
    {
      "type": "Feature",
      "id": "recvn1uImZKffW1p0",
      "geometry": {
        "type": "Point",
        "coordinates": [
          96.712933,
          62.917018
        ]
      },
      "properties": {
        "ariadna_normalized_ariadna_name": "ФКУ ИК-6",
        "region_iso": "RU-IRK",
        "name": "Иркутская областная клиническая психиатрическая больница №1",
        "ovdInfo_ovdInfo_location_id": "recvn1uImZKffW1p0"
      }
    },
    {
      "type": "Feature",
      "id": "recrZzsUa7XPqJa11",
      "geometry": {
        "type": "Point",
        "coordinates": [
          96.712933,
          62.917018
        ]
      },
      "properties": {
        "region_iso": "RU-SAM",
        "name": "ГБУЗ СО “Тольяттинский психоневрологический диспансер”",
        "ovdInfo_ovdInfo_location_id": "recrZzsUa7XPqJa11"
      }
    },
    {
      "type": "Feature",
      "id": "recK6HaO5Exs8W3sv",
      "geometry": {
        "type": "Point",
        "coordinates": [
          96.712933,
          62.917018
        ]
      },
      "properties": {
        "region_iso": "RU-MOS",
        "name": "ГБУЗ МО ПБ-19",
        "ovdInfo_ovdInfo_location_id": "recK6HaO5Exs8W3sv"
      }
    },
    {
      "type": "Feature",
      "id": "recvFMtEVWM77q4We",
      "geometry": {
        "type": "Point",
        "coordinates": [
          96.712933,
          62.917018
        ]
      },
      "properties": {
        "region_iso": "RU-MOS",
        "name": "ГБУЗ Московской области \"Психиатрическая больница №2 имени В.И. Яковенко\"",
        "ovdInfo_ovdInfo_location_id": "recvFMtEVWM77q4We"
      }
    },
    {
      "type": "Feature",
      "id": "recn6i13dlmM76dxN",
      "geometry": {
        "type": "Point",
        "coordinates": [
          96.712933,
          62.917018
        ]
      },
      "properties": {
        "region_iso": "RU-SVE",
        "name": "ГАУЗ Свердловской области \"Свердловская областная клиническая психиатрическая больница\"",
        "ovdInfo_ovdInfo_location_id": "recn6i13dlmM76dxN"
      }
    },
    {
      "type": "Feature",
      "id": "rech2jT4F2e3I6mrJ",
      "geometry": {
        "type": "Point",
        "coordinates": [
          96.712933,
          62.917018
        ]
      },
      "properties": {
        "region_iso": "RU-NVS",
        "name": "ГБУЗ НОПБ № 6 спец. типа",
        "ovdInfo_ovdInfo_location_id": "rech2jT4F2e3I6mrJ"
      }
    },
    {
      "type": "Feature",
      "id": "recusX8Q6GIN0OP5y",
      "geometry": {
        "type": "Point",
        "coordinates": [
          42.872429,
          54.527949
        ]
      },
      "properties": {
        "skladsizo_food_ordering_available": false,
        "skladsizo_payment_available": true,
        "skladsizo_product_delivery_available": false,
        "zt_is_maintenance": false,
        "fsinzak_id": "https://fsinzak-money.ru/catalog/resp-mordoviya/liu-3-p-barashevo/",
        "rodnayasvyaz_mail_connected": true,
        "rodnayasvyaz_phone_video_connected": true,
        "promservice_id": "promservice-168",
        "fsinpress_id": "fsinpress-Республика Мордовия-ЛИУ-3",
        "region_iso": "RU-MO",
        "name": "ФКУ ЛИУ-3 УФСИН России по республике Мордовия",
        "ovdInfo_ovdInfo_location_id": "recusX8Q6GIN0OP5y"
      }
    },
    {
      "type": "Feature",
      "id": "rectArD7iFydSekJI",
      "geometry": {
        "type": "Point",
        "coordinates": [
          96.712933,
          62.917018
        ]
      },
      "properties": {
        "region_iso": "RU-SPE",
        "name": "Городская психиатрическая больница № 3 имени Скворцова-Степанова",
        "ovdInfo_ovdInfo_location_id": "rectArD7iFydSekJI"
      }
    },
    {
      "type": "Feature",
      "id": "recY5ql37JZSYGB8U",
      "geometry": {
        "type": "Point",
        "coordinates": [
          43.891927,
          56.11976
        ]
      },
      "properties": {
        "region_iso": "RU-NIZ",
        "name": "ГБУЗ НО «НОПНБ-3 НижегНОПНБ-3 Нижегородской области",
        "ovdInfo_ovdInfo_location_id": "recY5ql37JZSYGB8U"
      }
    },
    {
      "type": "Feature",
      "id": "recWyUuapNLGlfyZz",
      "geometry": {
        "type": "Point",
        "coordinates": [
          38.737364,
          58.107548
        ]
      },
      "properties": {
        "skladsizo_food_ordering_available": false,
        "skladsizo_payment_available": true,
        "skladsizo_product_delivery_available": false,
        "zt_is_maintenance": false,
        "fsinzak_id": "https://fsinzak-money.ru/catalog/yaroslavskaya-oblast/lpu-spb-g-rybinsk/",
        "rodnayasvyaz_mail_connected": true,
        "promservice_id": "promservice-236",
        "prisonmail_key": "LPUSPBRybinsk",
        "region_iso": "RU-YAR",
        "name": "ФКЛПУ СПБ УФСИН России по Ярославской области",
        "ovdInfo_ovdInfo_location_id": "recWyUuapNLGlfyZz"
      }
    },
    {
      "type": "Feature",
      "id": "recVrzpAUja500WhQ",
      "geometry": {
        "type": "Point",
        "coordinates": [
          65.463216,
          57.155994
        ]
      },
      "properties": {
        "skladsizo_food_ordering_available": false,
        "skladsizo_payment_available": true,
        "skladsizo_product_delivery_available": false,
        "fsinzak_id": "https://fsinzak-money.ru/catalog/tyumenskaya-oblast/oblastnaya-bolnica-ufsin/",
        "rodnayasvyaz_mail_connected": true,
        "rodnayasvyaz_phone_video_connected": true,
        "region_iso": "RU-TYU",
        "name": "ОБ УФСИН России по Тюменской области",
        "ovdInfo_ovdInfo_location_id": "recVrzpAUja500WhQ"
      }
    },
    {
      "type": "Feature",
      "id": "recZsFUSE0ifZ7iTM",
      "geometry": {
        "type": "Point",
        "coordinates": [
          60.386909,
          56.973091
        ]
      },
      "properties": {
        "region_iso": "RU-SVE",
        "name": "филиал «Исеть» ГАУЗ СО СОКПБ",
        "ovdInfo_ovdInfo_location_id": "recZsFUSE0ifZ7iTM"
      }
    },
    {
      "type": "Feature",
      "id": "recax9Xh9FTgByoOm",
      "geometry": {
        "type": "Point",
        "coordinates": [
          40.409195,
          56.158681
        ]
      },
      "properties": {
        "skladsizo_food_ordering_available": false,
        "skladsizo_payment_available": true,
        "skladsizo_product_delivery_available": false,
        "zt_is_maintenance": false,
        "fsinzak_id": "https://fsinzak-money.ru/catalog/vladimirskaya-oblast/ik-3-g-vladimir/",
        "promservice_id": "promservice-201",
        "fsinpress_id": "fsinpress-Владимирская область-ИК-3",
        "region_iso": "RU-VLA",
        "name": "ФКУ ИК-3 УФСИН России по Владимирской области",
        "ovdInfo_ovdInfo_location_id": "recax9Xh9FTgByoOm"
      }
    },
    {
      "type": "Feature",
      "id": "recu8Jyn1PwGWuz3b",
      "geometry": {
        "type": "Point",
        "coordinates": [
          49.116311,
          55.766784
        ]
      },
      "properties": {
        "skladsizo_food_ordering_available": false,
        "skladsizo_payment_available": true,
        "skladsizo_product_delivery_available": false,
        "zt_is_maintenance": false,
        "fsinzak_id": "https://fsinzak-money.ru/catalog/resp-tatarstan/ik-2-g-kazan/",
        "fsinpress_id": "fsinpress-Республика Татарстан-ИК-2",
        "region_iso": "RU-TA",
        "name": "ФКУ ИК-2 УФСИН России по Республике Татарстан",
        "ovdInfo_ovdInfo_location_id": "recu8Jyn1PwGWuz3b"
      }
    },
    {
      "type": "Feature",
      "id": "recnFlo5kk9mWZWRc",
      "geometry": {
        "type": "Point",
        "coordinates": [
          96.712933,
          62.917018
        ]
      },
      "properties": {
        "fsinzak_id": "https://fsinzak-money.ru/catalog/volgogradskaya-oblast/volgogradskaya-pbstin/",
        "region_iso": "RU-VGG",
        "name": "ПБСТИН УФСИН России по Волгоградской области",
        "ovdInfo_ovdInfo_location_id": "recnFlo5kk9mWZWRc"
      }
    },
    {
      "type": "Feature",
      "id": "recEBVj82WDSzaGoB",
      "geometry": {
        "type": "Point",
        "coordinates": [
          73.253416,
          55.036683
        ]
      },
      "properties": {
        "skladsizo_food_ordering_available": false,
        "skladsizo_payment_available": true,
        "skladsizo_product_delivery_available": false,
        "zt_is_maintenance": false,
        "fsinzak_id": "https://fsinzak-money.ru/catalog/omskaya-oblast/fklpu-ob-11-g-omsk/",
        "prisonmail_key": "LPUOB11Omsk",
        "region_iso": "RU-OMS",
        "name": "ФКЛПУ ОБ-11 УФСИН России по Омской области",
        "ovdInfo_ovdInfo_location_id": "recEBVj82WDSzaGoB"
      }
    },
    {
      "type": "Feature",
      "id": "recKRxmohZpyiBG7y",
      "geometry": {
        "type": "Point",
        "coordinates": [
          96.712933,
          62.917018
        ]
      },
      "properties": {
        "region_iso": "RU-SAR",
        "name": "ГУЗ «Областная клиническая психиатрическая больница Святой Софии»",
        "ovdInfo_ovdInfo_location_id": "recKRxmohZpyiBG7y"
      }
    },
    {
      "type": "Feature",
      "id": "recdwSOX5WEyB11YH",
      "geometry": {
        "type": "Point",
        "coordinates": [
          96.712933,
          62.917018
        ]
      },
      "properties": {
        "region_iso": "RU-SMO",
        "name": "ФКУ ПБСТИН УФСИН России по Смоленской области",
        "ovdInfo_ovdInfo_location_id": "recdwSOX5WEyB11YH"
      }
    },
    {
      "type": "Feature",
      "id": "receAjxtYDQ36BmEn",
      "geometry": {
        "type": "Point",
        "coordinates": [
          96.712933,
          62.917018
        ]
      },
      "properties": {
        "region_iso": "RU-KEM",
        "name": "ГБУЗ «Новокузнецкая клиническая психиатрическая больница»",
        "ovdInfo_ovdInfo_location_id": "receAjxtYDQ36BmEn"
      }
    },
    {
      "type": "Feature",
      "id": "recN4wNK9D5wmqUcQ",
      "geometry": {
        "type": "Point",
        "coordinates": [
          58.999778,
          53.370145
        ]
      },
      "properties": {
        "region_iso": "RU-CHE",
        "name": "ГБУЗ Областная психоневрологическая больница №5",
        "ovdInfo_ovdInfo_location_id": "recN4wNK9D5wmqUcQ"
      }
    },
    {
      "type": "Feature",
      "id": "recIG0bKMgE6VLOjx",
      "geometry": {
        "type": "Point",
        "coordinates": [
          47.486934,
          42.975586
        ]
      },
      "properties": {
        "region_iso": "RU-DA",
        "name": "ГБУ Республики Дагестан «Республиканский психоневрологический диспансер»",
        "ovdInfo_ovdInfo_location_id": "recIG0bKMgE6VLOjx"
      }
    },
    {
      "type": "Feature",
      "id": "reco8VSDm9ua02X9t",
      "geometry": {
        "type": "Point",
        "coordinates": [
          96.712933,
          62.917018
        ]
      },
      "properties": {
        "rodnayasvyaz_phone_video_connected": true,
        "region_iso": "RU-KO",
        "name": "ГУ «Коми Республиканская психиатрическая больница»",
        "ovdInfo_ovdInfo_location_id": "reco8VSDm9ua02X9t"
      }
    },
    {
      "type": "Feature",
      "id": "rec8rff8jLZDtpRMu",
      "geometry": {
        "type": "Point",
        "coordinates": [
          37.606426,
          54.065319
        ]
      },
      "properties": {
        "zt_is_maintenance": false,
        "fsinzak_id": "https://fsinzak-money.ru/catalog/tulskaya-oblast/liu-3-p-ozernyy/",
        "fsinpress_id": "fsinpress-Тульская область-ЛИУ-3",
        "region_iso": "RU-TUL",
        "name": "ФКУ ЛИУ-3 УФСИН России по Тульской области",
        "ovdInfo_ovdInfo_location_id": "rec8rff8jLZDtpRMu"
      }
    },
    {
      "type": "Feature",
      "id": "recqGgaJvFzcZ7Vpc",
      "geometry": {
        "type": "Point",
        "coordinates": [
          96.712933,
          62.917018
        ]
      },
      "properties": {
        "region_iso": "RU-KDA",
        "name": "Клиническая больница при ИК-1 УФСИН России по Республике Адыгея",
        "ovdInfo_ovdInfo_location_id": "recqGgaJvFzcZ7Vpc"
      }
    },
    {
      "type": "Feature",
      "id": "recExXpyRxPwuDRqq",
      "geometry": {
        "type": "Point",
        "coordinates": [
          96.712933,
          62.917018
        ]
      },
      "properties": {
        "region_iso": "RU-TYU",
        "name": "ГБУЗ ТО \"Областная клиническая психиатрическая больница\"",
        "ovdInfo_ovdInfo_location_id": "recExXpyRxPwuDRqq"
      }
    }, 
    {
      "type": "Feature",
      "id": "recKqpGncqWveNs6h",
      "geometry": {
        "type": "Point",
        "coordinates": [
          37.630212,
          55.247606
        ]
      },
      "properties": {
        "region_iso": "RU-MOS",
        "name": "ФКУ ПБ-5 УФСИН России по Московской области",
        "ovdInfo_ovdInfo_location_id": "recKqpGncqWveNs6h"
      }
    },
    {
      "type": "Feature",
      "id": "recI0EG6EbWTBkzjR",
      "geometry": {
        "type": "Point",
        "coordinates": [
          96.712933,
          62.917018
        ]
      },
      "properties": {
        "region_iso": "RU-KEM",
        "name": "Государственное бюджетное учреждение здравоохранения \"Новокузнецкая клиническая психиатрическая больница\"",
        "ovdInfo_ovdInfo_location_id": "recI0EG6EbWTBkzjR"
      }
    },
    {
      "type": "Feature",
      "id": "reclShs6pMPtg9xZf",
      "geometry": {
        "type": "Point",
        "coordinates": [
          50.280983,
          53.223676
        ]
      },
      "properties": {
        "skladsizo_food_ordering_available": false,
        "skladsizo_payment_available": true,
        "skladsizo_product_delivery_available": false,
        "fsinzak_id": "https://fsinzak-money.ru/catalog/samarskaya-oblast/fklpu-osb-g-samara/",
        "region_iso": "RU-SAM",
        "name": "ФКЛПУ ОСБ УФСИН России по Самарской области",
        "ovdInfo_ovdInfo_location_id": "reclShs6pMPtg9xZf"
      }
    },
    {
      "type": "Feature",
      "id": "recdP2fzRfH1TmhXv",
      "geometry": {
        "type": "Point",
        "coordinates": [
          96.712933,
          62.917018
        ]
      },
      "properties": {
        "region_iso": "RU-TVE",
        "name": "Тверской областной клинический психоневрологический диспансер (ГБУЗ ОКПНД)",
        "ovdInfo_ovdInfo_location_id": "recdP2fzRfH1TmhXv"
      }
    },
    {
      "type": "Feature",
      "id": "recYQ8mWzmz67tc2T",
      "geometry": {
        "type": "Point",
        "coordinates": [
          87.246648,
          53.728093
        ]
      },
      "properties": {
        "skladsizo_food_ordering_available": false,
        "skladsizo_payment_available": true,
        "skladsizo_product_delivery_available": false,
        "zt_is_maintenance": false,
        "fsinzak_id": "https://fsinzak-money.ru/catalog/kemerovskaya-oblast/liu-16-p-abagur-lesnoy/",
        "promservice_id": "promservice-70",
        "fsinpress_id": "fsinpress-Кемеровская область-ЛИУ-16",
        "region_iso": "RU-KEM",
        "name": "ЛИУ-16 УФСИН России по Кемеровской области",
        "ovdInfo_ovdInfo_location_id": "recYQ8mWzmz67tc2T"
      }
    },
    {
      "type": "Feature",
      "id": "recX89W8viKpxM69i",
      "geometry": {
        "type": "Point",
        "coordinates": [
          43.160271,
          51.538181
        ]
      },
      "properties": {
        "region_iso": "RU-SAR",
        "name": "ГУЗ «Балашовский МПНД» МЗ СО ",
        "ovdInfo_ovdInfo_location_id": "recX89W8viKpxM69i"
      }
    },
    {
      "type": "Feature",
      "id": "recy5ckN8rXzXVPDW",
      "geometry": {
        "type": "Point",
        "coordinates": [
          131.899106,
          43.125893
        ]
      },
      "properties": {
        "skladsizo_food_ordering_available": false,
        "skladsizo_payment_available": true,
        "skladsizo_product_delivery_available": false,
        "fsinzak_id": "https://fsinzak-money.ru/catalog/primorskiy-kray/sizo-1-g-vladivostok/",
        "ariadna_normalized_ariadna_name": "ФКУ КБ ГУФСИН России",
        "region_iso": "RU-PRI",
        "name": "КБ ГУФСИН России по Приморскому краю",
        "ovdInfo_ovdInfo_location_id": "recy5ckN8rXzXVPDW"
      }
    },
    {
      "type": "Feature",
      "id": "recIK0XYv8v5kl8rE",
      "geometry": {
        "type": "Point",
        "coordinates": [
          39.669163,
          45.209616
        ]
      },
      "properties": {
        "fsinzak_id": "https://fsinzak-money.ru/catalog/krasnodarskiy-kray/motb-g-ust-labinsk/",
        "region_iso": "RU-KDA",
        "name": "ФКУ МОТБ УФСИН России по Краснодарскому Краю",
        "ovdInfo_ovdInfo_location_id": "recIK0XYv8v5kl8rE"
      }
    },
    {
      "type": "Feature",
      "id": "recUk0CVOdMOGVCyt",
      "geometry": {
        "type": "Point",
        "coordinates": [
          96.712933,
          62.917018
        ]
      },
      "properties": {
        "name": "БУ ККЦО",
        "ovdInfo_ovdInfo_location_id": "recUk0CVOdMOGVCyt"
      }
    },
    {
      "type": "Feature",
      "id": "rec7Iy0xmbtCC81Kc",
      "geometry": {
        "type": "Point",
        "coordinates": [
          132.266349,
          43.44788
        ]
      },
      "properties": {
        "skladsizo_food_ordering_available": false,
        "skladsizo_payment_available": true,
        "skladsizo_product_delivery_available": false,
        "zt_is_maintenance": false,
        "fsinzak_id": "https://fsinzak-money.ru/catalog/primorskiy-kray/liu-47-p-zavodskoy/",
        "ariadna_normalized_ariadna_name": "ФКУ ЛИУ-47 ГУФСИН",
        "region_iso": "RU-PRI",
        "name": "ЛИУ-47 УФСИН России по Приморскому краю",
        "ovdInfo_ovdInfo_location_id": "rec7Iy0xmbtCC81Kc"
      }
    },
    {
      "type": "Feature",
      "id": "rec3725mOCnhynSv8",
      "geometry": {
        "type": "Point",
        "coordinates": [
          96.712933,
          62.917018
        ]
      },
      "properties": {
        "name": "ГАУ “Якутская городская больница № 3”",
        "ovdInfo_ovdInfo_location_id": "rec3725mOCnhynSv8"
      }
    },
    {
      "type": "Feature",
      "id": "rec0MgMyJEbXg0GVb",
      "geometry": {
        "type": "Point",
        "coordinates": [
          104.219103,
          52.265088
        ]
      },
      "properties": {
        "region_iso": "RU-IRK",
        "name": "ФКУ МСЧ-38 УФСИН России по Иркутской области",
        "ovdInfo_ovdInfo_location_id": "rec0MgMyJEbXg0GVb"
      }
    },
    {
      "type": "Feature",
      "id": "recpL8iiWhmRiCnSZ",
      "geometry": {
        "type": "Point",
        "coordinates": [
          96.712933,
          62.917018
        ]
      },
      "properties": {
        "name": "Государственное казенное учреждение здравоохранения \"Краевая клиническая психиатрическая больница имени В.Х. Кандинского\"",
        "ovdInfo_ovdInfo_location_id": "recpL8iiWhmRiCnSZ"
      }
    },
    {
      "type": "Feature",
      "id": "recvnZ5kKJypELNBD",
      "geometry": {
        "type": "Point",
        "coordinates": [
          96.712933,
          62.917018
        ]
      },
      "properties": {
        "region_iso": "RU-SAR",
        "name": "ГУЗ Красноармейская психиатрическая больница им. Каляпина Ю. А.",
        "ovdInfo_ovdInfo_location_id": "recvnZ5kKJypELNBD"
      }
    },
    {
      "type": "Feature",
      "id": "reclVuvPZGTfefirP",
      "geometry": {
        "type": "Point",
        "coordinates": [
          30.277618,
          59.926151
        ]
      },
      "properties": {
        "region_iso": "RU-SPE",
        "name": "СПБ ГКУЗ \"ПБ Святого Николая Чудотворца\"",
        "ovdInfo_ovdInfo_location_id": "reclVuvPZGTfefirP"
      }
    },
    {
      "type": "Feature",
      "id": "recOJbEJmpjbbjqIN",
      "geometry": {
        "type": "Point",
        "coordinates": [
          39.915715,
          59.206803
        ]
      },
      "properties": {
        "skladsizo_food_ordering_available": false,
        "skladsizo_payment_available": true,
        "skladsizo_product_delivery_available": false,
        "fsinzak_id": "https://fsinzak-money.ru/catalog/vologodskaya-oblast/fklpu-mb-10-mezhobl-bolnica/",
        "promservice_id": "promservice-257",
        "region_iso": "RU-VLG",
        "name": "ФКЛПУ МБ-10 УФСИН России по Вологодской области",
        "ovdInfo_ovdInfo_location_id": "recOJbEJmpjbbjqIN"
      }
    },
    {
      "type": "Feature",
      "id": "recxUV4AeDwDucHdn",
      "geometry": {
        "type": "Point",
        "coordinates": [
          83.080502,
          55.038112
        ]
      },
      "properties": {
        "skladsizo_food_ordering_available": false,
        "skladsizo_payment_available": true,
        "skladsizo_product_delivery_available": false,
        "zt_is_maintenance": false,
        "fsinzak_id": "https://fsinzak-money.ru/catalog/novosibirskaya-oblast/liu-10-g-novosibirsk/",
        "fsinpress_id": "fsinpress-Новосибирская область-ЛИУ-10",
        "region_iso": "RU-NVS",
        "name": "ФКУ ЛИУ-10 УФСИН России по Новосибирской области",
        "ovdInfo_ovdInfo_location_id": "recxUV4AeDwDucHdn"
      }
    },
    {
      "type": "Feature",
      "id": "recsbEOUvC5AvKS28",
      "geometry": {
        "type": "Point",
        "coordinates": [
          96.712933,
          62.917018
        ]
      },
      "properties": {
        "name": "ИВС «Щелковское»",
        "ovdInfo_ovdInfo_location_id": "recsbEOUvC5AvKS28"
      }
    },
    {
      "type": "Feature",
      "id": "recjkXLpq8x08Poji",
      "geometry": {
        "type": "Point",
        "coordinates": [
          96.712933,
          62.917018
        ]
      },
      "properties": {
        "name": "ИВС Зеленокумска",
        "ovdInfo_ovdInfo_location_id": "recjkXLpq8x08Poji"
      }
    },
    {
      "type": "Feature",
      "id": "recJml5K0gmm59tV8",
      "geometry": {
        "type": "Point",
        "coordinates": [
          96.712933,
          62.917018
        ]
      },
      "properties": {
        "name": "ИВС Каспийска",
        "ovdInfo_ovdInfo_location_id": "recJml5K0gmm59tV8"
      }
    },
    {
      "type": "Feature",
      "id": "recBZTQpSjsmMAIku",
      "geometry": {
        "type": "Point",
        "coordinates": [
          96.712933,
          62.917018
        ]
      },
      "properties": {
        "name": "ИВС УВД Златоуста",
        "ovdInfo_ovdInfo_location_id": "recBZTQpSjsmMAIku"
      }
    },
    {
      "type": "Feature",
      "id": "recPSDh9gpZ9eULWz",
      "geometry": {
        "type": "Point",
        "coordinates": [
          96.712933,
          62.917018
        ]
      },
      "properties": {
        "name": "ИВС Геленджика",
        "ovdInfo_ovdInfo_location_id": "recPSDh9gpZ9eULWz"
      }
    },
    {
      "type": "Feature",
      "id": "recTXjrPAQWVhA6Wa",
      "geometry": {
        "type": "Point",
        "coordinates": [
          96.712933,
          62.917018
        ]
      },
      "properties": {
        "name": "ИВС УВД Твери",
        "ovdInfo_ovdInfo_location_id": "recTXjrPAQWVhA6Wa"
      }
    },
    {
      "type": "Feature",
      "id": "recoLN2C0anZ544Fl",
      "geometry": {
        "type": "Point",
        "coordinates": [
          96.712933,
          62.917018
        ]
      },
      "properties": {
        "name": "ИВС Урус-Мартановского района Чечни",
        "ovdInfo_ovdInfo_location_id": "recoLN2C0anZ544Fl"
      }
    },
    {
      "type": "Feature",
      "id": "recShAPwfNjf8beUM",
      "geometry": {
        "type": "Point",
        "coordinates": [
          96.712933,
          62.917018
        ]
      },
      "properties": {
        "name": "ИВС Симферополя",
        "ovdInfo_ovdInfo_location_id": "recShAPwfNjf8beUM"
      }
    },
    {
      "type": "Feature",
      "id": "recM1HEDBKppgBEzo",
      "geometry": {
        "type": "Point",
        "coordinates": [
          96.712933,
          62.917018
        ]
      },
      "properties": {
        "name": "ИВС по г. Ессентуки Ставропольского края",
        "ovdInfo_ovdInfo_location_id": "recM1HEDBKppgBEzo"
      }
    },
    {
      "type": "Feature",
      "id": "recILe7MX8w23PCXe",
      "geometry": {
        "type": "Point",
        "coordinates": [
          96.712933,
          62.917018
        ]
      },
      "properties": {
        "name": "ИВС г. Сочи",
        "ovdInfo_ovdInfo_location_id": "recILe7MX8w23PCXe"
      }
    },
    {
      "type": "Feature",
      "id": "recHuVPxRh58vhWsS",
      "geometry": {
        "type": "Point",
        "coordinates": [
          96.712933,
          62.917018
        ]
      },
      "properties": {
        "region_iso": "RU-MOS",
        "name": "ИВС ОМВД России по городскому округу Лобня",
        "ovdInfo_ovdInfo_location_id": "recHuVPxRh58vhWsS"
      }
    },
    {
      "type": "Feature",
      "id": "recYXDzhaADH7ZVjQ",
      "geometry": {
        "type": "Point",
        "coordinates": [
          96.712933,
          62.917018
        ]
      },
      "properties": {
        "region_iso": "RU-MOW",
        "name": "ИВС УВД по СВАО ГУ МВД России по г. Москве",
        "ovdInfo_ovdInfo_location_id": "recYXDzhaADH7ZVjQ"
      }
    },
    {
      "type": "Feature",
      "id": "recMpPBZhUpyQUvjp",
      "geometry": {
        "type": "Point",
        "coordinates": [
          96.712933,
          62.917018
        ]
      },
      "properties": {
        "region_iso": "RU-KDA",
        "name": "ИВС-3 г. Сочи",
        "ovdInfo_ovdInfo_location_id": "recMpPBZhUpyQUvjp"
      }
    },
    {
      "type": "Feature",
      "id": "recelYlzo2XpCB0IR",
      "geometry": {
        "type": "Point",
        "coordinates": [
          96.712933,
          62.917018
        ]
      },
      "properties": {
        "region_iso": "RU-MOW",
        "name": "ИВС № 1 ГУ МВД России по г. Москве",
        "ovdInfo_ovdInfo_location_id": "recelYlzo2XpCB0IR"
      }
    },
    {
      "type": "Feature",
      "id": "recYLsTsqtK1JEyNu",
      "geometry": {
        "type": "Point",
        "coordinates": [
          96.712933,
          62.917018
        ]
      },
      "properties": {
        "region_iso": "RU-MOW",
        "ovdInfo_ovdInfo_location_id": "recYLsTsqtK1JEyNu"
      }
    },
    {
      "type": "Feature",
      "id": "recHLwhwezBKeHwqo",
      "geometry": {
        "type": "Point",
        "coordinates": [
          96.712933,
          62.917018
        ]
      },
      "properties": {
        "region_iso": "RU-MOW",
        "name": "ИВС УВД по ЮАО ГУ МВД России по г. Москве",
        "ovdInfo_ovdInfo_location_id": "recHLwhwezBKeHwqo"
      }
    },
    {
      "type": "Feature",
      "id": "recXoYkPk5fWDBaUB",
      "geometry": {
        "type": "Point",
        "coordinates": [
          96.712933,
          62.917018
        ]
      },
      "properties": {
        "region_iso": "RU-MOS",
        "name": "ИВС МВД",
        "ovdInfo_ovdInfo_location_id": "recXoYkPk5fWDBaUB"
      }
    },
    {
      "type": "Feature",
      "id": "recXtAqULDcEerrdU",
      "geometry": {
        "type": "Point",
        "coordinates": [
          96.712933,
          62.917018
        ]
      },
      "properties": {
        "region_iso": "RU-KEM",
        "name": "ИВС МВД России по Кемеровской области",
        "ovdInfo_ovdInfo_location_id": "recXtAqULDcEerrdU"
      }
    },
    {
      "type": "Feature",
      "id": "recAIiBj66Pf2iAAE",
      "geometry": {
        "type": "Point",
        "coordinates": [
          96.712933,
          62.917018
        ]
      },
      "properties": {
        "region_iso": "RU-SPE",
        "name": "ИВС МВД России по Санкт-Петербургу",
        "ovdInfo_ovdInfo_location_id": "recAIiBj66Pf2iAAE"
      }
    },
    {
      "type": "Feature",
      "id": "rec6ztXkTI6YRKPan",
      "geometry": {
        "type": "Point",
        "coordinates": [
          96.712933,
          62.917018
        ]
      },
      "properties": {
        "region_iso": "RU-SPE",
        "name": "ИВС МВД России по Санкт-Петербургу",
        "ovdInfo_ovdInfo_location_id": "rec6ztXkTI6YRKPan"
      }
    },
    {
      "type": "Feature",
      "id": "recv3RzCn49nbsi5x",
      "geometry": {
        "type": "Point",
        "coordinates": [
          96.712933,
          62.917018
        ]
      },
      "properties": {
        "name": "ИВС МВД России по Шипуновскому району Алтайского края",
        "ovdInfo_ovdInfo_location_id": "recv3RzCn49nbsi5x"
      }
    },
    {
      "type": "Feature",
      "id": "recjPAfPnDiLZTLm4",
      "geometry": {
        "type": "Point",
        "coordinates": [
          96.712933,
          62.917018
        ]
      },
      "properties": {
        "region_iso": "RU-VOR",
        "name": "ИВС ОМВД по Нижнедевицкому району Воронежской области",
        "ovdInfo_ovdInfo_location_id": "recjPAfPnDiLZTLm4"
      }
    },
    {
      "type": "Feature",
      "id": "recbVKHzhVevwUKyh",
      "geometry": {
        "type": "Point",
        "coordinates": [
          96.712933,
          62.917018
        ]
      },
      "properties": {
        "region_iso": "UA-43",
        "name": "ИВС МВД России по Раздольненскому району",
        "ovdInfo_ovdInfo_location_id": "recbVKHzhVevwUKyh"
      }
    },
    {
      "type": "Feature",
      "id": "recR1a5bswW7OjQLP",
      "geometry": {
        "type": "Point",
        "coordinates": [
          96.712933,
          62.917018
        ]
      },
      "properties": {
        "region_iso": "RU-KDA",
        "name": "ИВС по Краснодарскому Краю",
        "ovdInfo_ovdInfo_location_id": "recR1a5bswW7OjQLP"
      }
    },
    {
      "type": "Feature",
      "id": "rec4L9XS0sX6bFr8W",
      "geometry": {
        "type": "Point",
        "coordinates": [
          96.712933,
          62.917018
        ]
      },
      "properties": {
        "region_iso": "RU-ROS",
        "name": "ИВС МВД России по Ростовской области",
        "ovdInfo_ovdInfo_location_id": "rec4L9XS0sX6bFr8W"
      }
    },
    {
      "type": "Feature",
      "id": "recGcyfgL94U60Yiw",
      "geometry": {
        "type": "Point",
        "coordinates": [
          96.712933,
          62.917018
        ]
      },
      "properties": {
        "region_iso": "RU-KB",
        "name": "ИВС МВД России по Кабардино-Балкарской Республике",
        "ovdInfo_ovdInfo_location_id": "recGcyfgL94U60Yiw"
      }
    },
    {
      "type": "Feature",
      "id": "recfmjQhm6I6FSogU",
      "geometry": {
        "type": "Point",
        "coordinates": [
          39.098995,
          44.98466
        ]
      },
      "properties": {
        "region_iso": "RU-AD",
        "name": "ПФРСИ ИК-1 УФСИН России по Республике Адыгея",
        "ovdInfo_ovdInfo_location_id": "recfmjQhm6I6FSogU"
      }
    },
    {
      "type": "Feature",
      "id": "recFdAChiL18Okrmg",
      "geometry": {
        "type": "Point",
        "coordinates": [
          92.974221,
          56.158982
        ]
      },
      "properties": {
        "ariadna_normalized_ariadna_name": "ФКУ ОИК-36 (ИК-34)",
        "region_iso": "RU-KYA",
        "name": "ПФРСИ ИК-5 УФСИН России по Красноярскому краю",
        "ovdInfo_ovdInfo_location_id": "recFdAChiL18Okrmg"
      }
    },
    {
      "type": "Feature",
      "id": "rec7KxFYjLnRvi325",
      "geometry": {
        "type": "Point",
        "coordinates": [
          41.236786,
          56.362071
        ]
      },
      "properties": {
        "region_iso": "RU-VLA",
        "name": "ПФРСИ ИК-7 УФСИН России по Владимирской области",
        "ovdInfo_ovdInfo_location_id": "rec7KxFYjLnRvi325"
      }
    },
    {
      "type": "Feature",
      "id": "reclTMOqo9LjwV0rM",
      "geometry": {
        "type": "Point",
        "coordinates": [
          47.467546,
          56.071742
        ]
      },
      "properties": {
        "region_iso": "RU-CU",
        "name": "ФКУ ПФРСИ ИК-6 УФСИН России по Чувашской Республике",
        "ovdInfo_ovdInfo_location_id": "reclTMOqo9LjwV0rM"
      }
    },
    {
      "type": "Feature",
      "id": "recquOfehsXjMxCiK",
      "geometry": {
        "type": "Point",
        "coordinates": [
          96.712933,
          62.917018
        ]
      },
      "properties": {
        "name": "ИВС МВД России по городу Березовскому",
        "ovdInfo_ovdInfo_location_id": "recquOfehsXjMxCiK"
      }
    },
    {
      "type": "Feature",
      "id": "rec9GExY9ibAvmB2a",
      "geometry": {
        "type": "Point",
        "coordinates": [
          60.580394,
          56.829403
        ]
      },
      "properties": {
        "region_iso": "RU-SVE",
        "name": "ФКУ ПФРСИ УФСИН ИК-2 УФСИН РоссиИК-2 УФСИН России по Свердловской области",
        "ovdInfo_ovdInfo_location_id": "rec9GExY9ibAvmB2a"
      }
    },
    {
      "type": "Feature",
      "id": "recuQN6GI8L5w5Tje",
      "geometry": {
        "type": "Point",
        "coordinates": [
          96.712933,
          62.917018
        ]
      },
      "properties": {
        "region_iso": "RU-KEM",
        "name": "ФКУ ПФРСИ ЛИУ-42 ГУФСИН России по Кемеровской области",
        "ovdInfo_ovdInfo_location_id": "recuQN6GI8L5w5Tje"
      }
    },
    {
      "type": "Feature",
      "id": "rec4YsH70REqoZw3K",
      "geometry": {
        "type": "Point",
        "coordinates": [
          43.136482,
          51.539651
        ]
      },
      "properties": {
        "fsinzak_id": "https://fsinzak-money.ru/catalog/saratovskaya-oblast/tyurma-g-balashov/",
        "promservice_id": "promservice-338",
        "region_iso": "RU-SAR",
        "name": "ФКУ Т УФСИН России по Саратовской области",
        "ovdInfo_ovdInfo_location_id": "rec4YsH70REqoZw3K"
      }
    },
    {
      "type": "Feature",
      "id": "recAp4xK6bqujCcZ6",
      "geometry": {
        "type": "Point",
        "coordinates": [
          104.312125,
          52.293973
        ]
      },
      "properties": {
        "skladsizo_food_ordering_available": false,
        "skladsizo_payment_available": true,
        "skladsizo_product_delivery_available": false,
        "zt_is_maintenance": false,
        "f_pismo_source_f_pismo_allowSending": "true",
        "fsinzak_id": "https://fsinzak-money.ru/catalog/irkutskaya-oblast/sizo-1-g-irkutsk/",
        "fsinpress_id": "fsinpress-Иркутская область-СИЗО-1",
        "prisonmail_key": "SIZO1Irkutsk",
        "region_iso": "RU-IRK",
        "name": "ФКУ СИЗО-1 УФСИН России по Иркутской области",
        "ovdInfo_ovdInfo_location_id": "recAp4xK6bqujCcZ6"
      }
    },
    {
      "type": "Feature",
      "id": "recKSyeV22rih58Lj",
      "geometry": {
        "type": "Point",
        "coordinates": [
          92.84084,
          56.016403
        ]
      },
      "properties": {
        "skladsizo_food_ordering_available": false,
        "skladsizo_payment_available": true,
        "skladsizo_product_delivery_available": false,
        "zt_is_maintenance": false,
        "f_pismo_source_f_pismo_allowSending": "true",
        "fsinzak_id": "https://fsinzak-money.ru/catalog/krasnoyarskiy-kray/sizo-1-g-krasnoyarsk/",
        "fsinpress_id": "fsinpress-Красноярский край-СИЗО-1",
        "ariadna_normalized_ariadna_name": "ФКУ СИЗО-1",
        "prisonmail_key": "SIZO1Krasnojarsk",
        "region_iso": "RU-KYA",
        "name": "ФКУ СИЗО-1 УФСИН России по Красноярскому краю",
        "ovdInfo_ovdInfo_location_id": "recKSyeV22rih58Lj"
      }
    },
    {
      "type": "Feature",
      "id": "recRtYw8wrG7FCRtD",
      "geometry": {
        "type": "Point",
        "coordinates": [
          43.985197,
          56.298542
        ]
      },
      "properties": {
        "skladsizo_food_ordering_available": false,
        "skladsizo_payment_available": true,
        "skladsizo_product_delivery_available": false,
        "zt_is_maintenance": true,
        "fsinzak_id": "https://fsinzak-money.ru/catalog/nizhegorodskaya-oblast/sizo-1-g-nizhniy-novgorod/",
        "rodnayasvyaz_mail_connected": true,
        "rodnayasvyaz_phone_video_connected": true,
        "promservice_id": "promservice-281",
        "fsinpress_id": "fsinpress-Нижегородская область-СИЗО-1",
        "region_iso": "RU-NIZ",
        "name": "ФКУ СИЗО-1 УФСИН России по Нижегородской области",
        "ovdInfo_ovdInfo_location_id": "recRtYw8wrG7FCRtD"
      }
    },
    {
      "type": "Feature",
      "id": "rec8D8fsr5pZOYC9C",
      "geometry": {
        "type": "Point",
        "coordinates": [
          83.004858,
          55.052247
        ]
      },
      "properties": {
        "f_okno_f_okno_peredacha_available": true,
        "f_okno_f_okno_svidaniye_available": false,
        "skladsizo_food_ordering_available": false,
        "skladsizo_payment_available": true,
        "skladsizo_product_delivery_available": false,
        "zt_is_maintenance": false,
        "fsinzak_id": "https://fsinzak-money.ru/catalog/novosibirskaya-oblast/sizo-1-g-novosibirsk/",
        "fsinpress_id": "fsinpress-Новосибирская область-СИЗО-1",
        "pochtaRTS_connected": true,
        "region_iso": "RU-NVS",
        "name": "ФКУ СИЗО-1 УФСИН России по Новосибирской области",
        "ovdInfo_ovdInfo_location_id": "rec8D8fsr5pZOYC9C"
      }
    },
    {
      "type": "Feature",
      "id": "recTitGLCtxRaHQls",
      "geometry": {
        "type": "Point",
        "coordinates": [
          56.262931,
          58.013558
        ]
      },
      "properties": {
        "skladsizo_food_ordering_available": false,
        "skladsizo_payment_available": true,
        "skladsizo_product_delivery_available": false,
        "zt_is_maintenance": false,
        "fsinzak_id": "https://fsinzak-money.ru/catalog/permskiy-kray/sizo-1-g-perm/",
        "rodnayasvyaz_mail_connected": true,
        "rodnayasvyaz_phone_video_connected": true,
        "promservice_id": "promservice-85",
        "fsinpress_id": "fsinpress-Пермский край-СИЗО-1",
        "region_iso": "RU-PER",
        "name": "ФКУ СИЗО-1 УФСИН России по Пермскому краю",
        "ovdInfo_ovdInfo_location_id": "recTitGLCtxRaHQls"
      }
    },
    {
      "type": "Feature",
      "id": "reciTHpWB0iU9zjPK",
      "geometry": {
        "type": "Point",
        "coordinates": [
          60.578053,
          56.830615
        ]
      },
      "properties": {
        "skladsizo_food_ordering_available": false,
        "skladsizo_payment_available": true,
        "skladsizo_product_delivery_available": false,
        "zt_is_maintenance": false,
        "fsinzak_id": "https://fsinzak-money.ru/catalog/sverdlovskaya-oblast/sizo-1-g-ekaterinburg/",
        "promservice_id": "promservice-118",
        "fsinpress_id": "fsinpress-Свердловская область-СИЗО-1",
        "region_iso": "RU-SVE",
        "name": "ФКУ СИЗО-1 УФСИН России по Свердловской области",
        "ovdInfo_ovdInfo_location_id": "reciTHpWB0iU9zjPK"
      }
    },
    {
      "type": "Feature",
      "id": "recI9ireeYzaSUSvE",
      "geometry": {
        "type": "Point",
        "coordinates": [
          42.042969,
          44.227271
        ]
      },
      "properties": {
        "skladsizo_food_ordering_available": false,
        "skladsizo_payment_available": true,
        "skladsizo_product_delivery_available": false,
        "zt_is_maintenance": false,
        "fsinzak_id": "https://fsinzak-money.ru/catalog/karachaevo/sizo-1-g-cherkessk/",
        "region_iso": "RU-KC",
        "name": "ФКУ СИЗО-1 ФСИН России по Карачаево-Черкесской Республике",
        "ovdInfo_ovdInfo_location_id": "recI9ireeYzaSUSvE"
      }
    },
    {
      "type": "Feature",
      "id": "rec3gCknNXMLPRdax",
      "geometry": {
        "type": "Point",
        "coordinates": [
          44.901992,
          43.340333
        ]
      },
      "properties": {
        "skladsizo_food_ordering_available": false,
        "skladsizo_payment_available": true,
        "skladsizo_product_delivery_available": false,
        "zt_is_maintenance": false,
        "fsinzak_id": "https://fsinzak-money.ru/catalog/resp-ingushetiya/sizo-1-g-karabulak/",
        "fsinpress_id": "fsinpress-Республика Ингушетия-СИЗО-1",
        "region_iso": "RU-IN",
        "name": "ФКУ СИЗО-1 ФСИН России по Республике Ингушетия",
        "ovdInfo_ovdInfo_location_id": "rec3gCknNXMLPRdax"
      }
    },
    {
      "type": "Feature",
      "id": "recf6PELWqZOlLZVO",
      "geometry": {
        "type": "Point",
        "coordinates": [
          39.90954,
          57.609363
        ]
      },
      "properties": {
        "skladsizo_food_ordering_available": false,
        "skladsizo_payment_available": true,
        "skladsizo_product_delivery_available": false,
        "zt_is_maintenance": false,
        "f_pismo_source_f_pismo_allowSending": "true",
        "fsinzak_id": "https://fsinzak-money.ru/catalog/yaroslavskaya-oblast/sizo-1-g-yaroslavl/",
        "rodnayasvyaz_mail_connected": true,
        "rodnayasvyaz_phone_video_connected": true,
        "promservice_id": "promservice-229",
        "fsinpress_id": "fsinpress-Ярославская область-СИЗО-1",
        "prisonmail_key": "SIZO1JaroslavlKorovniki",
        "region_iso": "RU-YAR",
        "name": "ФКУ СИЗО-1 ФСИН России по Ярославской области",
        "ovdInfo_ovdInfo_location_id": "recf6PELWqZOlLZVO"
      }
    },
    {
      "type": "Feature",
      "id": "recGI72ojtGzzIOxN",
      "geometry": {
        "type": "Point",
        "coordinates": [
          83.741956,
          53.310371
        ]
      },
      "properties": {
        "skladsizo_food_ordering_available": false,
        "skladsizo_payment_available": true,
        "skladsizo_product_delivery_available": false,
        "zt_is_maintenance": false,
        "f_pismo_source_f_pismo_allowSending": "false",
        "fsinzak_id": "https://fsinzak-money.ru/catalog/altayskiy-kray/sizo-1-g-barnaul/",
        "promservice_id": "promservice-39",
        "fsinpress_id": "fsinpress-Алтайский край-СИЗО-1",
        "region_iso": "RU-ALT",
        "name": "ФКУ СИЗО-1 УФСИН России по Алтайскому краю",
        "ovdInfo_ovdInfo_location_id": "recGI72ojtGzzIOxN"
      }
    },
    {
      "type": "Feature",
      "id": "recKi5cU9v7e66Nqp",
      "geometry": {
        "type": "Point",
        "coordinates": [
          127.491478,
          50.269148
        ]
      },
      "properties": {
        "skladsizo_food_ordering_available": false,
        "skladsizo_payment_available": true,
        "skladsizo_product_delivery_available": false,
        "zt_is_maintenance": false,
        "f_pismo_source_f_pismo_allowSending": "true",
        "fsinzak_id": "https://fsinzak-money.ru/catalog/amurskaya-oblast/sizo-1-g-blagoveschensk/",
        "fsinpress_id": "fsinpress-Амурская область-СИЗО-1",
        "ariadna_normalized_ariadna_name": "ФКУ СИЗО-1 УФСИН",
        "prisonmail_key": "SIZO1Blagoveschensk",
        "region_iso": "RU-AMU",
        "name": "ФКУ СИЗО-1 УФСИН России по Амурской области",
        "ovdInfo_ovdInfo_location_id": "recKi5cU9v7e66Nqp"
      }
    },
    {
      "type": "Feature",
      "id": "recJttvvcTPHC5jL4",
      "geometry": {
        "type": "Point",
        "coordinates": [
          40.52636,
          64.546151
        ]
      },
      "properties": {
        "skladsizo_food_ordering_available": false,
        "skladsizo_payment_available": true,
        "skladsizo_product_delivery_available": false,
        "zt_is_maintenance": false,
        "f_pismo_source_f_pismo_allowSending": "true",
        "fsinzak_id": "https://fsinzak-money.ru/catalog/arhangelskaya-oblast/sizo-1-g-arhangelsk/",
        "rodnayasvyaz_mail_connected": true,
        "fsinpress_id": "fsinpress-Архангельская область-СИЗО-1",
        "prisonmail_key": "SIZO1Syktyvkar",
        "AO_name": "Архангельское ФКУ СИЗО-1",
        "region_iso": "RU-ARK",
        "name": "ФКУ СИЗО-1 УФСИН России по Архангельской области",
        "ovdInfo_ovdInfo_location_id": "recJttvvcTPHC5jL4"
      }
    },
    {
      "type": "Feature",
      "id": "rec5bMmbE2Cv5SWYo",
      "geometry": {
        "type": "Point",
        "coordinates": [
          48.028573,
          46.345946
        ]
      },
      "properties": {
        "skladsizo_food_ordering_available": false,
        "skladsizo_payment_available": true,
        "skladsizo_product_delivery_available": false,
        "zt_is_maintenance": false,
        "f_pismo_source_f_pismo_allowSending": "true",
        "fsinzak_id": "https://fsinzak-money.ru/catalog/astrahanskaya-oblast/sizo-1-g-astrahan/",
        "rodnayasvyaz_mail_connected": true,
        "rodnayasvyaz_phone_video_connected": true,
        "fsinpress_id": "fsinpress-Астраханская область-СИЗО-1",
        "prisonmail_key": "SIZO1Astrahan",
        "region_iso": "RU-AST",
        "name": "ФКУ СИЗО-1 УФСИН России по Астраханской области",
        "ovdInfo_ovdInfo_location_id": "rec5bMmbE2Cv5SWYo"
      }
    },
    {
      "type": "Feature",
      "id": "recZhT9MvwJYro50J",
      "geometry": {
        "type": "Point",
        "coordinates": [
          34.356474,
          53.2465
        ]
      },
      "properties": {
        "skladsizo_food_ordering_available": false,
        "skladsizo_payment_available": true,
        "skladsizo_product_delivery_available": false,
        "zt_is_maintenance": false,
        "f_pismo_source_f_pismo_allowSending": "true",
        "fsinzak_id": "https://fsinzak-money.ru/catalog/bryanskaya-oblast/sizo-1-g-bryansk/",
        "fsinpress_id": "fsinpress-Брянская область-СИЗО-1",
        "region_iso": "RU-BRY",
        "name": "ФКУ СИЗО-1 УФСИН России по Брянской области",
        "ovdInfo_ovdInfo_location_id": "recZhT9MvwJYro50J"
      }
    },
    {
      "type": "Feature",
      "id": "recW0OTeIBESYIQJN",
      "geometry": {
        "type": "Point",
        "coordinates": [
          40.374182,
          56.126583
        ]
      },
      "properties": {
        "skladsizo_food_ordering_available": false,
        "skladsizo_payment_available": true,
        "skladsizo_product_delivery_available": false,
        "zt_is_maintenance": false,
        "f_pismo_source_f_pismo_allowSending": "true",
        "fsinzak_id": "https://fsinzak-money.ru/catalog/vladimirskaya-oblast/sizo-1-g-vladimir/",
        "rodnayasvyaz_mail_connected": true,
        "promservice_id": "promservice-196",
        "fsinpress_id": "fsinpress-Владимирская область-СИЗО-1",
        "prisonmail_key": "SIZO1Vladimir",
        "region_iso": "RU-VLA",
        "name": "ФКУ СИЗО-1 УФСИН России по Владимирской области",
        "ovdInfo_ovdInfo_location_id": "recW0OTeIBESYIQJN"
      }
    },
    {
      "type": "Feature",
      "id": "rec1TVEflbkqy9Jic",
      "geometry": {
        "type": "Point",
        "coordinates": [
          44.501039,
          48.711509
        ]
      },
      "properties": {
        "f_okno_f_okno_peredacha_available": true,
        "f_okno_f_okno_svidaniye_available": false,
        "skladsizo_food_ordering_available": false,
        "skladsizo_payment_available": true,
        "skladsizo_product_delivery_available": false,
        "zt_is_maintenance": false,
        "fsinzak_id": "https://fsinzak-money.ru/catalog/volgogradskaya-oblast/sizo-1-g-volgograd/",
        "fsinpress_id": "fsinpress-Волгоградская область-СИЗО-1",
        "region_iso": "RU-VGG",
        "name": "ФКУ СИЗО-1 УФСИН России по Волгоградской области",
        "ovdInfo_ovdInfo_location_id": "rec1TVEflbkqy9Jic"
      }
    },
    {
      "type": "Feature",
      "id": "rec5pt9pMgFzECcZD",
      "geometry": {
        "type": "Point",
        "coordinates": [
          39.187489,
          51.674609
        ]
      },
      "properties": {
        "skladsizo_food_ordering_available": false,
        "skladsizo_payment_available": true,
        "skladsizo_product_delivery_available": false,
        "zt_is_maintenance": false,
        "f_pismo_source_f_pismo_allowSending": "false",
        "fsinzak_id": "https://fsinzak-money.ru/catalog/voronezhskaya-oblast/sizo-1-g-voronezh/",
        "fsinpress_id": "fsinpress-Воронежская область-СИЗО-1",
        "ariadna_normalized_ariadna_name": "ФКУ СИЗО-1 УФСИН",
        "prisonmail_key": "SIZO1Voronezh",
        "region_iso": "RU-VOR",
        "name": "ФКУ СИЗО-1 УФСИН России по Воронежской области",
        "ovdInfo_ovdInfo_location_id": "rec5pt9pMgFzECcZD"
      }
    },
    {
      "type": "Feature",
      "id": "rec2wjm2SF3UM3HaF",
      "geometry": {
        "type": "Point",
        "coordinates": [
          37.697686,
          55.79212
        ]
      },
      "properties": {
        "f_okno_f_okno_peredacha_available": true,
        "f_okno_f_okno_svidaniye_available": false,
        "skladsizo_food_ordering_available": true,
        "skladsizo_payment_available": true,
        "skladsizo_product_delivery_available": true,
        "zt_is_maintenance": false,
        "f_pismo_source_f_pismo_allowSending": "true",
        "fsinzak_id": "https://fsinzak-money.ru/catalog/moskva/sizo-1-fsin-rossii/",
        "fsinpress_id": "fsinpress-Москва-СИЗО-1",
        "prisonmail_key": "SIZO1FSIN991MatrosskajaTishina",
        "sidim_connected": true,
        "region_iso": "RU-MOW",
        "name": "ФКУ СИЗО-1 УФСИН России по Москве",
        "ovdInfo_ovdInfo_location_id": "rec2wjm2SF3UM3HaF"
      }
    },
    {
      "type": "Feature",
      "id": "recoe9ddytuPscSfZ",
      "geometry": {
        "type": "Point",
        "coordinates": [
          132.899165,
          48.786357
        ]
      },
      "properties": {
        "skladsizo_food_ordering_available": false,
        "skladsizo_payment_available": true,
        "skladsizo_product_delivery_available": false,
        "zt_is_maintenance": false,
        "f_pismo_source_f_pismo_allowSending": "true",
        "fsinzak_id": "https://fsinzak-money.ru/catalog/e-a-o/sizo-1-g-birobidzhan/",
        "rodnayasvyaz_mail_connected": true,
        "fsinpress_id": "fsinpress-Еврейская автономная область-СИЗО-1",
        "prisonmail_key": "SIZO1Birobidjan",
        "region_iso": "RU-YEV",
        "name": "ФКУ СИЗО-1 УФСИН России по Еврейской автономной области",
        "ovdInfo_ovdInfo_location_id": "recoe9ddytuPscSfZ"
      }
    },
    {
      "type": "Feature",
      "id": "rec2wYRXMXElHqVJL",
      "geometry": {
        "type": "Point",
        "coordinates": [
          113.522557,
          52.023401
        ]
      },
      "properties": {
        "skladsizo_food_ordering_available": false,
        "skladsizo_payment_available": true,
        "skladsizo_product_delivery_available": false,
        "zt_is_maintenance": false,
        "f_pismo_source_f_pismo_allowSending": "true",
        "fsinzak_id": "https://fsinzak-money.ru/catalog/zabaykalskiy-kray/sizo-1-g-chita/",
        "fsinpress_id": "fsinpress-Забайкальский край-СИЗО-1",
        "ariadna_normalized_ariadna_name": "ФКУ СИЗО-1",
        "prisonmail_key": "SIZO1Chita",
        "region_iso": "RU-ZAB",
        "name": "ФКУ СИЗО-1 УФСИН России по Забайкальскому краю",
        "ovdInfo_ovdInfo_location_id": "rec2wYRXMXElHqVJL"
      }
    },
    {
      "type": "Feature",
      "id": "recPa3XgODhMzdFwz",
      "geometry": {
        "type": "Point",
        "coordinates": [
          40.962036,
          57.026816
        ]
      },
      "properties": {
        "skladsizo_food_ordering_available": false,
        "skladsizo_payment_available": true,
        "skladsizo_product_delivery_available": false,
        "zt_is_maintenance": false,
        "f_pismo_source_f_pismo_allowSending": "true",
        "fsinzak_id": "https://fsinzak-money.ru/catalog/ivanovskaya-oblast/sizo-1-g-ivanovo/",
        "rodnayasvyaz_mail_connected": true,
        "promservice_id": "promservice-209",
        "fsinpress_id": "fsinpress-Ивановская область-СИЗО-1",
        "prisonmail_key": "SIZO1Ivanovo",
        "region_iso": "RU-IVA",
        "name": "ФКУ СИЗО-1 УФСИН России по Ивановской области",
        "ovdInfo_ovdInfo_location_id": "recPa3XgODhMzdFwz"
      }
    },
    {
      "type": "Feature",
      "id": "rec6cr71T8iFRVB0n",
      "geometry": {
        "type": "Point",
        "coordinates": [
          43.615583,
          43.480568
        ]
      },
      "properties": {
        "skladsizo_food_ordering_available": false,
        "skladsizo_payment_available": true,
        "skladsizo_product_delivery_available": false,
        "zt_is_maintenance": false,
        "fsinzak_id": "https://fsinzak-money.ru/catalog/k-b-r/sizo-1-g-nalchik/",
        "fsinpress_id": "fsinpress-Республика Кабардино-Балкарская-СИЗО-1",
        "region_iso": "RU-KB",
        "name": "ФКУ СИЗО-1 УФСИН России по Кабардино-Балкарской Республике",
        "ovdInfo_ovdInfo_location_id": "rec6cr71T8iFRVB0n"
      }
    },
    {
      "type": "Feature",
      "id": "reclOatiJJ4OD024m",
      "geometry": {
        "type": "Point",
        "coordinates": [
          20.495843,
          54.720912
        ]
      },
      "properties": {
        "skladsizo_food_ordering_available": false,
        "skladsizo_payment_available": true,
        "skladsizo_product_delivery_available": false,
        "zt_is_maintenance": false,
        "f_pismo_source_f_pismo_allowSending": "true",
        "fsinzak_id": "https://fsinzak-money.ru/catalog/kaliningradskaya-oblast/sizo-1-g-kaliningrad/",
        "promservice_id": "promservice-366",
        "fsinpress_id": "fsinpress-Калининградская область-СИЗО-1",
        "ariadna_normalized_ariadna_name": "ФКУ СИЗО-1 УФСИН",
        "prisonmail_key": "SIZO12Zelenograd",
        "region_iso": "RU-KGD",
        "name": "ФКУ СИЗО-1 УФСИН России по Калининградской области",
        "ovdInfo_ovdInfo_location_id": "reclOatiJJ4OD024m"
      }
    },
    {
      "type": "Feature",
      "id": "recx5YeN8mQKMhJnI",
      "geometry": {
        "type": "Point",
        "coordinates": [
          36.275697,
          54.500795
        ]
      },
      "properties": {
        "skladsizo_food_ordering_available": false,
        "skladsizo_payment_available": true,
        "skladsizo_product_delivery_available": false,
        "zt_is_maintenance": false,
        "f_pismo_source_f_pismo_allowSending": "true",
        "fsinzak_id": "https://fsinzak-money.ru/catalog/kaluzhskaya-oblast/sizo-1-g-kaluga/",
        "fsinpress_id": "fsinpress-Калужская область-СИЗО-1",
        "prisonmail_key": "SIZO1Kaluga",
        "region_iso": "RU-KLU",
        "name": "ФКУ СИЗО-1 УФСИН России по Калужской области",
        "ovdInfo_ovdInfo_location_id": "recx5YeN8mQKMhJnI"
      }
    },
    {
      "type": "Feature",
      "id": "reczmQz8yIMXUn2Jp",
      "geometry": {
        "type": "Point",
        "coordinates": [
          158.709902,
          52.963751
        ]
      },
      "properties": {
        "skladsizo_food_ordering_available": false,
        "skladsizo_payment_available": true,
        "skladsizo_product_delivery_available": false,
        "zt_is_maintenance": false,
        "f_pismo_source_f_pismo_allowSending": "true",
        "fsinzak_id": "https://fsinzak-money.ru/catalog/kamchatskiy-kray/sizo-1-g-petropavlovsk-kam/",
        "fsinpress_id": "fsinpress-Камчатский край-СИЗО-1",
        "prisonmail_key": "SIZO1PetropavlovskKamchatskij",
        "region_iso": "RU-KAM",
        "name": "ФКУ СИЗО-1 УФСИН России по Камчатскому краю",
        "ovdInfo_ovdInfo_location_id": "reczmQz8yIMXUn2Jp"
      }
    },
    {
      "type": "Feature",
      "id": "rec1mOJeu9c1dGUJy",
      "geometry": {
        "type": "Point",
        "coordinates": [
          86.056565,
          55.326442
        ]
      },
      "properties": {
        "skladsizo_food_ordering_available": false,
        "skladsizo_payment_available": true,
        "skladsizo_product_delivery_available": false,
        "zt_is_maintenance": false,
        "f_pismo_source_f_pismo_allowSending": "false",
        "fsinzak_id": "https://fsinzak-money.ru/catalog/kemerovskaya-oblast/sizo-1-g-kemerovo/",
        "promservice_id": "promservice-54",
        "fsinpress_id": "fsinpress-Кемеровская область-СИЗО-1",
        "region_iso": "RU-KEM",
        "name": "ФКУ СИЗО-1 УФСИН России по Кемеровской области",
        "ovdInfo_ovdInfo_location_id": "rec1mOJeu9c1dGUJy"
      }
    },
    {
      "type": "Feature",
      "id": "recj501BtndQcaTYK",
      "geometry": {
        "type": "Point",
        "coordinates": [
          49.684864,
          58.610438
        ]
      },
      "properties": {
        "skladsizo_food_ordering_available": false,
        "skladsizo_payment_available": true,
        "skladsizo_product_delivery_available": false,
        "zt_is_maintenance": false,
        "fsinzak_id": "https://fsinzak-money.ru/catalog/kirovskaya-oblast/sizo-1-g-kirov/",
        "rodnayasvyaz_mail_connected": true,
        "promservice_id": "promservice-302",
        "fsinpress_id": "fsinpress-Кировская область-СИЗО-1",
        "region_iso": "RU-KIR",
        "name": "ФКУ СИЗО-1 УФСИН России по Кировской области",
        "ovdInfo_ovdInfo_location_id": "recj501BtndQcaTYK"
      }
    },
    {
      "type": "Feature",
      "id": "recFtP1zliGdiSfUe",
      "geometry": {
        "type": "Point",
        "coordinates": [
          40.955811,
          57.76018
        ]
      },
      "properties": {
        "skladsizo_food_ordering_available": false,
        "skladsizo_payment_available": true,
        "skladsizo_product_delivery_available": false,
        "zt_is_maintenance": false,
        "f_pismo_source_f_pismo_allowSending": "true",
        "fsinzak_id": "https://fsinzak-money.ru/catalog/kostromskaya-oblast/sizo-1-g-kostroma/",
        "promservice_id": "promservice-220",
        "fsinpress_id": "fsinpress-Костромская область-СИЗО-1",
        "prisonmail_key": "SIZO1Kostroma",
        "region_iso": "RU-KOS",
        "name": "ФКУ СИЗО-1 УФСИН России по Костромской области",
        "ovdInfo_ovdInfo_location_id": "recFtP1zliGdiSfUe"
      }
    },
    {
      "type": "Feature",
      "id": "rec9IvN1cJ9CNcedg",
      "geometry": {
        "type": "Point",
        "coordinates": [
          39.015487,
          45.005426
        ]
      },
      "properties": {
        "skladsizo_food_ordering_available": false,
        "skladsizo_payment_available": true,
        "skladsizo_product_delivery_available": false,
        "zt_is_maintenance": false,
        "f_pismo_source_f_pismo_allowSending": "true",
        "fsinzak_id": "https://fsinzak-money.ru/catalog/krasnodarskiy-kray/sizo-1-g-krasnodar/",
        "rodnayasvyaz_mail_connected": true,
        "rodnayasvyaz_phone_video_connected": true,
        "fsinpress_id": "fsinpress-Краснодарский край-СИЗО-1",
        "region_iso": "RU-KDA",
        "name": "ФКУ СИЗО-1 УФСИН России по Краснодарскому Краю",
        "ovdInfo_ovdInfo_location_id": "rec9IvN1cJ9CNcedg"
      }
    },
    {
      "type": "Feature",
      "id": "recgo3ofnH9JpJgoD",
      "geometry": {
        "type": "Point",
        "coordinates": [
          65.252084,
          55.439419
        ]
      },
      "properties": {
        "skladsizo_food_ordering_available": false,
        "skladsizo_payment_available": true,
        "skladsizo_product_delivery_available": false,
        "zt_is_maintenance": false,
        "fsinzak_id": "https://fsinzak-money.ru/catalog/kurganskaya-oblast/sizo-1-g-kurgan/",
        "rodnayasvyaz_mail_connected": true,
        "promservice_id": "promservice-193",
        "fsinpress_id": "fsinpress-Курганская область-СИЗО-1",
        "region_iso": "RU-KGN",
        "name": "ФКУ СИЗО-1 УФСИН России по Курганской области",
        "ovdInfo_ovdInfo_location_id": "recgo3ofnH9JpJgoD"
      }
    },
    {
      "type": "Feature",
      "id": "rec33CvFomqzoQthv",
      "geometry": {
        "type": "Point",
        "coordinates": [
          36.160812,
          51.721758
        ]
      },
      "properties": {
        "skladsizo_food_ordering_available": false,
        "skladsizo_payment_available": true,
        "skladsizo_product_delivery_available": false,
        "zt_is_maintenance": false,
        "f_pismo_source_f_pismo_allowSending": "true",
        "fsinzak_id": "https://fsinzak-money.ru/catalog/kurskaya-oblast/sizo-1-g-kursk/",
        "fsinpress_id": "fsinpress-Курская область-СИЗО-1",
        "prisonmail_key": "SIZO1Kursk",
        "region_iso": "RU-KRS",
        "name": "ФКУ СИЗО-1 УФСИН России по Курской области",
        "ovdInfo_ovdInfo_location_id": "rec33CvFomqzoQthv"
      }
    },
    {
      "type": "Feature",
      "id": "recRtu07WUlOl487x",
      "geometry": {
        "type": "Point",
        "coordinates": [
          39.608642,
          52.671768
        ]
      },
      "properties": {
        "skladsizo_food_ordering_available": false,
        "skladsizo_payment_available": true,
        "skladsizo_product_delivery_available": false,
        "zt_is_maintenance": false,
        "fsinzak_id": "https://fsinzak-money.ru/catalog/lipeckaya-oblast/sizo-1-g-lipeck/",
        "rodnayasvyaz_mail_connected": true,
        "fsinpress_id": "fsinpress-Липецкая область-СИЗО-1",
        "region_iso": "RU-LIP",
        "name": "ФКУ СИЗО-1 УФСИН России по Липецкой области",
        "ovdInfo_ovdInfo_location_id": "recRtu07WUlOl487x"
      }
    },
    {
      "type": "Feature",
      "id": "recBhtiF8nI7Y7P6a",
      "geometry": {
        "type": "Point",
        "coordinates": [
          150.818912,
          59.574668
        ]
      },
      "properties": {
        "skladsizo_food_ordering_available": false,
        "skladsizo_payment_available": true,
        "skladsizo_product_delivery_available": false,
        "zt_is_maintenance": false,
        "fsinzak_id": "https://fsinzak-money.ru/catalog/magadanskaya-oblast/sizo-1-g-magadan/",
        "fsinpress_id": "fsinpress-Магаданская область-СИЗО-1",
        "ariadna_normalized_ariadna_name": "ФКУ СИЗО-1 УФСИН",
        "region_iso": "RU-MAG",
        "name": "ФКУ СИЗО-1 УФСИН России по Магаданской области",
        "ovdInfo_ovdInfo_location_id": "recBhtiF8nI7Y7P6a"
      }
    },
    {
      "type": "Feature",
      "id": "recL03ZVK1Psvwx2Y",
      "geometry": {
        "type": "Point",
        "coordinates": [
          38.438067,
          55.853961
        ]
      },
      "properties": {
        "f_okno_f_okno_peredacha_available": true,
        "f_okno_f_okno_svidaniye_available": false,
        "zt_is_maintenance": false,
        "f_pismo_source_f_pismo_allowSending": "false",
        "fsinzak_id": "https://fsinzak-money.ru/catalog/moskovskaya-oblast/sizo-1-g-noginsk/",
        "fsinpress_id": "fsinpress-Московская область-СИЗО-1",
        "prisonmail_key": "SIZO11Noginsk",
        "region_iso": "RU-MOS",
        "name": "ФКУ СИЗО-1 УФСИН России по Московской области",
        "ovdInfo_ovdInfo_location_id": "recL03ZVK1Psvwx2Y"
      }
    },
    {
      "type": "Feature",
      "id": "recpvHfCn3lYJklvS",
      "geometry": {
        "type": "Point",
        "coordinates": [
          33.109778,
          68.954299
        ]
      },
      "properties": {
        "f_okno_f_okno_peredacha_available": true,
        "f_okno_f_okno_svidaniye_available": true,
        "skladsizo_food_ordering_available": false,
        "skladsizo_payment_available": true,
        "skladsizo_product_delivery_available": false,
        "zt_is_maintenance": false,
        "f_pismo_source_f_pismo_allowSending": "true",
        "fsinzak_id": "https://fsinzak-money.ru/catalog/murmanskaya-oblast/sizo-1-g-murmansk/",
        "fsinpress_id": "fsinpress-Мурманская область-СИЗО-1",
        "AO_name": "Мурманское ФКУ СИЗО-1",
        "region_iso": "RU-MUR",
        "name": "ФКУ СИЗО-1 УФСИН России по Мурманской области",
        "ovdInfo_ovdInfo_location_id": "recpvHfCn3lYJklvS"
      }
    },
    {
      "type": "Feature",
      "id": "rec43Shi7xhMnXqbX",
      "geometry": {
        "type": "Point",
        "coordinates": [
          31.264182,
          58.532931
        ]
      },
      "properties": {
        "zt_is_maintenance": false,
        "f_pismo_source_f_pismo_allowSending": "true",
        "fsinzak_id": "https://fsinzak-money.ru/catalog/novgorodskaya-oblast/sizo-1-g-velikiy-novgorod/",
        "rodnayasvyaz_mail_connected": true,
        "rodnayasvyaz_phone_video_connected": true,
        "promservice_id": "promservice-25",
        "fsinpress_id": "fsinpress-Новгородская область-СИЗО-1",
        "prisonmail_key": "SIZO1VelikijNovgorod",
        "region_iso": "RU-NGR",
        "name": "ФКУ СИЗО-1 УФСИН России по Новгородской области",
        "ovdInfo_ovdInfo_location_id": "rec43Shi7xhMnXqbX"
      }
    },
    {
      "type": "Feature",
      "id": "recoPoTKzprwP9ImO",
      "geometry": {
        "type": "Point",
        "coordinates": [
          73.365535,
          55.002749
        ]
      },
      "properties": {
        "skladsizo_food_ordering_available": false,
        "skladsizo_payment_available": true,
        "skladsizo_product_delivery_available": false,
        "zt_is_maintenance": true,
        "fsinzak_id": "https://fsinzak-money.ru/catalog/omskaya-oblast/sizo-1-g-omsk/",
        "fsinpress_id": "fsinpress-Омская область-СИЗО-1",
        "region_iso": "RU-OMS",
        "name": "ФКУ СИЗО-1 УФСИН России по Омской области",
        "ovdInfo_ovdInfo_location_id": "recoPoTKzprwP9ImO"
      }
    },
    {
      "type": "Feature",
      "id": "recAUeLHskiPwCIYb",
      "geometry": {
        "type": "Point",
        "coordinates": [
          55.094971,
          51.754594
        ]
      },
      "properties": {
        "skladsizo_food_ordering_available": false,
        "skladsizo_payment_available": true,
        "skladsizo_product_delivery_available": false,
        "zt_is_maintenance": false,
        "fsinzak_id": "https://fsinzak-money.ru/catalog/orenburgskaya-oblast/sizo-1-g-orenburg/",
        "rodnayasvyaz_mail_connected": true,
        "promservice_id": "promservice-247",
        "fsinpress_id": "fsinpress-Оренбургская область-СИЗО-1",
        "region_iso": "RU-ORE",
        "name": "ФКУ СИЗО-1 УФСИН России по Оренбургской области",
        "ovdInfo_ovdInfo_location_id": "recAUeLHskiPwCIYb"
      }
    },
    {
      "type": "Feature",
      "id": "recRL7ShpdXTMuM1w",
      "geometry": {
        "type": "Point",
        "coordinates": [
          36.065186,
          52.979159
        ]
      },
      "properties": {
        "skladsizo_food_ordering_available": false,
        "skladsizo_payment_available": true,
        "skladsizo_product_delivery_available": false,
        "zt_is_maintenance": false,
        "f_pismo_source_f_pismo_allowSending": "true",
        "fsinzak_id": "https://fsinzak-money.ru/catalog/orlovskaya-oblast/sizo-1-g-orel/",
        "fsinpress_id": "fsinpress-Орловская область-СИЗО-1",
        "prisonmail_key": "SIZO1Orel",
        "region_iso": "RU-ORL",
        "name": "ФКУ СИЗО-1 УФСИН России по Орловской области",
        "ovdInfo_ovdInfo_location_id": "recRL7ShpdXTMuM1w"
      }
    },
    {
      "type": "Feature",
      "id": "reclu6ryVBQzBO4W8",
      "geometry": {
        "type": "Point",
        "coordinates": [
          45.0152,
          53.214355
        ]
      },
      "properties": {
        "skladsizo_food_ordering_available": false,
        "skladsizo_payment_available": true,
        "skladsizo_product_delivery_available": false,
        "zt_is_maintenance": false,
        "fsinzak_id": "https://fsinzak-money.ru/catalog/penzenskaya-oblast/sizo-1-g-penza/",
        "rodnayasvyaz_mail_connected": true,
        "rodnayasvyaz_phone_video_connected": true,
        "promservice_id": "promservice-322",
        "fsinpress_id": "fsinpress-Пензенская область-СИЗО-1",
        "region_iso": "RU-PNZ",
        "name": "ФКУ СИЗО-1 УФСИН России по Пензенской области",
        "ovdInfo_ovdInfo_location_id": "reclu6ryVBQzBO4W8"
      }
    },
    {
      "type": "Feature",
      "id": "recfvUcfVl6g1PdAe",
      "geometry": {
        "type": "Point",
        "coordinates": [
          131.898688,
          43.126186
        ]
      },
      "properties": {
        "skladsizo_food_ordering_available": false,
        "skladsizo_payment_available": true,
        "skladsizo_product_delivery_available": false,
        "zt_is_maintenance": false,
        "fsinzak_id": "https://fsinzak-money.ru/catalog/primorskiy-kray/sizo-1-g-vladivostok/",
        "ariadna_normalized_ariadna_name": "ФКУ СИЗО-1 ГУФСИН",
        "region_iso": "RU-PRI",
        "name": "ФКУ СИЗО-1 УФСИН России по Приморскому краю",
        "ovdInfo_ovdInfo_location_id": "recfvUcfVl6g1PdAe"
      }
    },
    {
      "type": "Feature",
      "id": "recCW7pG1o2zxlJGa",
      "geometry": {
        "type": "Point",
        "coordinates": [
          28.345593,
          57.819517
        ]
      },
      "properties": {
        "skladsizo_food_ordering_available": false,
        "skladsizo_payment_available": true,
        "skladsizo_product_delivery_available": false,
        "zt_is_maintenance": false,
        "fsinzak_id": "https://fsinzak-money.ru/catalog/pskovskaya-oblast/sizo-1-g-pskov/",
        "promservice_id": "promservice-30",
        "fsinpress_id": "fsinpress-Псковская область-СИЗО-1",
        "region_iso": "RU-PSK",
        "name": "ФКУ СИЗО-1 УФСИН России по Псковской области",
        "ovdInfo_ovdInfo_location_id": "recCW7pG1o2zxlJGa"
      }
    },
    {
      "type": "Feature",
      "id": "recDHbAROpJeDuU02",
      "geometry": {
        "type": "Point",
        "coordinates": [
          85.996972,
          51.897757
        ]
      },
      "properties": {
        "skladsizo_food_ordering_available": false,
        "skladsizo_payment_available": true,
        "skladsizo_product_delivery_available": false,
        "zt_is_maintenance": false,
        "fsinzak_id": "https://fsinzak-money.ru/catalog/resp-altay/sizo-1-p-kyzyl-ozek/",
        "promservice_id": "promservice-50",
        "fsinpress_id": "fsinpress-Республика Алтай-СИЗО-1",
        "prisonmail_key": "SIZO1Kyzyl",
        "region_iso": "RU-AL",
        "name": "ФКУ СИЗО-1 УФСИН России по Республике Алтай",
        "ovdInfo_ovdInfo_location_id": "recDHbAROpJeDuU02"
      }
    },
    {
      "type": "Feature",
      "id": "rec72xSsmI4fd4Vy8",
      "geometry": {
        "type": "Point",
        "coordinates": [
          55.940714,
          54.735267
        ]
      },
      "properties": {
        "skladsizo_food_ordering_available": false,
        "skladsizo_payment_available": true,
        "skladsizo_product_delivery_available": false,
        "zt_is_maintenance": false,
        "fsinzak_id": "https://fsinzak-money.ru/catalog/resp-bashkortostan/sizo-1-g-ufa/",
        "rodnayasvyaz_mail_connected": true,
        "rodnayasvyaz_phone_video_connected": true,
        "fsinpress_id": "fsinpress-Республика Башкортостан-СИЗО-1",
        "region_iso": "RU-BA",
        "name": "ФКУ СИЗО-1 УФСИН России по Республике Башкортостан",
        "ovdInfo_ovdInfo_location_id": "rec72xSsmI4fd4Vy8"
      }
    },
    {
      "type": "Feature",
      "id": "recbjgOFzzpn3agpd",
      "geometry": {
        "type": "Point",
        "coordinates": [
          107.572728,
          51.841034
        ]
      },
      "properties": {
        "skladsizo_food_ordering_available": false,
        "skladsizo_payment_available": true,
        "skladsizo_product_delivery_available": false,
        "zt_is_maintenance": false,
        "fsinzak_id": "https://fsinzak-money.ru/catalog/resp-buryatiya/sizo-1-g-ulan-ude/",
        "fsinpress_id": "fsinpress-Республика Бурятия-СИЗО-1",
        "region_iso": "RU-BU",
        "name": "ФКУ СИЗО-1 УФСИН России по Республике Бурятия",
        "ovdInfo_ovdInfo_location_id": "recbjgOFzzpn3agpd"
      }
    },
    {
      "type": "Feature",
      "id": "rec2Yre6upakR6Q1q",
      "geometry": {
        "type": "Point",
        "coordinates": [
          47.495742,
          42.987521
        ]
      },
      "properties": {
        "zt_is_maintenance": false,
        "f_pismo_source_f_pismo_allowSending": "true",
        "fsinzak_id": "https://fsinzak-money.ru/catalog/resp-dagestan/sizo-1-g-mahachkala/",
        "fsinpress_id": "fsinpress-Республика Дагестан-СИЗО-1",
        "prisonmail_key": "SIZO1Mahachkala",
        "region_iso": "RU-DA",
        "name": "ФКУ СИЗО-1 УФСИН России по Республике Дагестан",
        "ovdInfo_ovdInfo_location_id": "rec2Yre6upakR6Q1q"
      }
    },
    {
      "type": "Feature",
      "id": "reca1pWHoAxrLORaT",
      "geometry": {
        "type": "Point",
        "coordinates": [
          44.239983,
          46.344611
        ]
      },
      "properties": {
        "skladsizo_food_ordering_available": false,
        "skladsizo_payment_available": true,
        "skladsizo_product_delivery_available": false,
        "zt_is_maintenance": false,
        "fsinzak_id": "https://fsinzak-money.ru/catalog/resp-kalmykiya/sizo-1-severnyy/",
        "fsinpress_id": "fsinpress-Республика Калмыкия-СИЗО-1",
        "region_iso": "RU-KL",
        "name": "ФКУ СИЗО-1 УФСИН России по Республике Калмыкия",
        "ovdInfo_ovdInfo_location_id": "reca1pWHoAxrLORaT"
      }
    },
    {
      "type": "Feature",
      "id": "recXan9z98wkPqBsg",
      "geometry": {
        "type": "Point",
        "coordinates": [
          34.35671,
          61.788915
        ]
      },
      "properties": {
        "skladsizo_food_ordering_available": false,
        "skladsizo_payment_available": true,
        "skladsizo_product_delivery_available": false,
        "zt_is_maintenance": false,
        "fsinzak_id": "https://fsinzak-money.ru/catalog/resp-kareliya/sizo-1-g-petrozavodsk/",
        "fsinpress_id": "fsinpress-Республика Карелия-СИЗО-1",
        "AO_name": "ФКУ СИЗО-1",
        "region_iso": "RU-KR",
        "name": "ФКУ СИЗО-1 УФСИН России по Республике Карелия",
        "ovdInfo_ovdInfo_location_id": "recXan9z98wkPqBsg"
      }
    },
    {
      "type": "Feature",
      "id": "recK51gfc4gB9kFIX",
      "geometry": {
        "type": "Point",
        "coordinates": [
          50.723743,
          61.741354
        ]
      },
      "properties": {
        "skladsizo_food_ordering_available": false,
        "skladsizo_payment_available": true,
        "skladsizo_product_delivery_available": false,
        "zt_is_maintenance": false,
        "f_pismo_source_f_pismo_allowSending": "true",
        "fsinzak_id": "https://fsinzak-money.ru/catalog/resp-komi/sizo-1-g-syktyvkar/",
        "fsinpress_id": "fsinpress-Республика Коми-СИЗО-1",
        "AO_name": "Коми ФКУ СИЗО-1",
        "region_iso": "RU-KO",
        "name": "ФКУ СИЗО-1 УФСИН России по Республике Коми",
        "ovdInfo_ovdInfo_location_id": "recK51gfc4gB9kFIX"
      }
    },
    {
      "type": "Feature",
      "id": "recCwDIlpXrfHkirL",
      "geometry": {
        "type": "Point",
        "coordinates": [
          96.712933,
          62.917018
        ]
      },
      "properties": {
        "region_iso": "UA-43",
        "name": "ФКУ СИЗО-1 УФСИН России по Республике Крым и г. Севастополь",
        "ovdInfo_ovdInfo_location_id": "recCwDIlpXrfHkirL"
      }
    },
    {
      "type": "Feature",
      "id": "rechNT63Shty5sUYv",
      "geometry": {
        "type": "Point",
        "coordinates": [
          47.899967,
          56.638669
        ]
      },
      "properties": {
        "skladsizo_food_ordering_available": false,
        "skladsizo_payment_available": true,
        "skladsizo_product_delivery_available": false,
        "zt_is_maintenance": true,
        "f_pismo_source_f_pismo_allowSending": "false",
        "fsinzak_id": "https://fsinzak-money.ru/catalog/resp-mariy-el/sizo-1-g-yoshkar-ola/",
        "rodnayasvyaz_mail_connected": true,
        "fsinpress_id": "fsinpress-Республика Марий Эл-СИЗО-1",
        "f_apteka_normalized_source_enableOrdersSending": true,
        "region_iso": "RU-ME",
        "name": "ФКУ СИЗО-1 УФСИН России по Республике Марий Эл",
        "ovdInfo_ovdInfo_location_id": "rechNT63Shty5sUYv"
      }
    },
    {
      "type": "Feature",
      "id": "recto1MRavrJaVX6w",
      "geometry": {
        "type": "Point",
        "coordinates": [
          45.195007,
          54.194634
        ]
      },
      "properties": {
        "skladsizo_food_ordering_available": false,
        "skladsizo_payment_available": true,
        "skladsizo_product_delivery_available": false,
        "zt_is_maintenance": false,
        "fsinzak_id": "https://fsinzak-money.ru/catalog/resp-mordoviya/sizo-1-g-saransk/",
        "promservice_id": "promservice-184",
        "fsinpress_id": "fsinpress-Республика Мордовия-СИЗО-1",
        "region_iso": "RU-MO",
        "name": "ФКУ СИЗО-1 УФСИН России по республике Мордовия",
        "ovdInfo_ovdInfo_location_id": "recto1MRavrJaVX6w"
      }
    },
    {
      "type": "Feature",
      "id": "recFD037GKoJknJzw",
      "geometry": {
        "type": "Point",
        "coordinates": [
          129.730808,
          62.114157
        ]
      },
      "properties": {
        "f_okno_f_okno_peredacha_available": true,
        "f_okno_f_okno_svidaniye_available": false,
        "skladsizo_food_ordering_available": false,
        "skladsizo_payment_available": true,
        "skladsizo_product_delivery_available": false,
        "zt_is_maintenance": false,
        "f_pismo_source_f_pismo_allowSending": "true",
        "fsinzak_id": "https://fsinzak-money.ru/catalog/resp-saha-yakutiya/sizo-1-g-yakutsk/",
        "fsinpress_id": "fsinpress-Республика Саха-СИЗО-1",
        "ariadna_normalized_ariadna_name": "ФКУ СИЗО-1 УФСИН",
        "prisonmail_key": "SIZO1Jakutsk",
        "region_iso": "RU-SA",
        "name": "ФКУ СИЗО-1 УФСИН России по Республике Саха (Якутия)",
        "ovdInfo_ovdInfo_location_id": "recFD037GKoJknJzw"
      }
    },
    {
      "type": "Feature",
      "id": "recCm69DalfrZU6wH",
      "geometry": {
        "type": "Point",
        "coordinates": [
          44.665448,
          43.033223
        ]
      },
      "properties": {
        "skladsizo_food_ordering_available": false,
        "skladsizo_payment_available": true,
        "skladsizo_product_delivery_available": false,
        "zt_is_maintenance": false,
        "fsinzak_id": "https://fsinzak-money.ru/catalog/resp-severnaya-o-alaniya/sizo-1-g-vladikavkaz/",
        "fsinpress_id": "fsinpress-Республика Северная Осетия-СИЗО-1",
        "region_iso": "RU-SE",
        "name": "ФКУ СИЗО-1 УФСИН России по Республике Северная Осетия (Алания)",
        "ovdInfo_ovdInfo_location_id": "recCm69DalfrZU6wH"
      }
    },
    {
      "type": "Feature",
      "id": "recNH4FQvRPAWSAM0",
      "geometry": {
        "type": "Point",
        "coordinates": [
          49.117177,
          55.800497
        ]
      },
      "properties": {
        "skladsizo_food_ordering_available": false,
        "skladsizo_payment_available": true,
        "skladsizo_product_delivery_available": false,
        "zt_is_maintenance": false,
        "fsinzak_id": "https://fsinzak-money.ru/catalog/resp-tatarstan/sizo-1-g-kazan/",
        "rodnayasvyaz_mail_connected": true,
        "fsinpress_id": "fsinpress-Республика Татарстан-СИЗО-1",
        "region_iso": "RU-TA",
        "name": "ФКУ СИЗО-1 УФСИН России по Республике Татарстан",
        "ovdInfo_ovdInfo_location_id": "recNH4FQvRPAWSAM0"
      }
    },
    {
      "type": "Feature",
      "id": "recSX3YFlkNKGkC1R",
      "geometry": {
        "type": "Point",
        "coordinates": [
          91.35863,
          53.730591
        ]
      },
      "properties": {
        "zt_is_maintenance": false,
        "f_pismo_source_f_pismo_allowSending": "true",
        "fsinzak_id": "https://fsinzak-money.ru/catalog/resp-hakasiya/sizo-1-g-abakan/",
        "fsinpress_id": "fsinpress-Республика Хакасия-СИЗО-1",
        "prisonmail_key": "SIZO1Abakan",
        "region_iso": "RU-KK",
        "name": "ФКУ СИЗО-1 УФСИН России по Республике Хакасия",
        "ovdInfo_ovdInfo_location_id": "recSX3YFlkNKGkC1R"
      }
    },
    {
      "type": "Feature",
      "id": "rec9s8ud43m962rus",
      "geometry": {
        "type": "Point",
        "coordinates": [
          39.727469,
          47.230089
        ]
      },
      "properties": {
        "skladsizo_food_ordering_available": false,
        "skladsizo_payment_available": true,
        "skladsizo_product_delivery_available": false,
        "zt_is_maintenance": false,
        "fsinzak_id": "https://fsinzak-money.ru/catalog/rostovskaya-oblast/sizo-1-rostovskiy-central/",
        "fsinpress_id": "fsinpress-Ростовская область-СИЗО-1",
        "region_iso": "RU-ROS",
        "name": "ФКУ СИЗО-1 УФСИН России по Ростовской области",
        "ovdInfo_ovdInfo_location_id": "rec9s8ud43m962rus"
      }
    },
    {
      "type": "Feature",
      "id": "recrG6yajH48fwzPu",
      "geometry": {
        "type": "Point",
        "coordinates": [
          39.72376,
          54.62773
        ]
      },
      "properties": {
        "skladsizo_food_ordering_available": false,
        "skladsizo_payment_available": true,
        "skladsizo_product_delivery_available": false,
        "zt_is_maintenance": false,
        "f_pismo_source_f_pismo_allowSending": "true",
        "fsinzak_id": "https://fsinzak-money.ru/catalog/ryazanskaya-oblast/sizo-1-g-ryazan/",
        "rodnayasvyaz_mail_connected": true,
        "rodnayasvyaz_phone_video_connected": true,
        "fsinpress_id": "fsinpress-Рязанская область-СИЗО-1",
        "prisonmail_key": "SIZO1Rjazan",
        "region_iso": "RU-RYA",
        "name": "ФКУ СИЗО-1 УФСИН России по Рязанской области",
        "ovdInfo_ovdInfo_location_id": "recrG6yajH48fwzPu"
      }
    },
    {
      "type": "Feature",
      "id": "recIYNR6te6ieHDwp",
      "geometry": {
        "type": "Point",
        "coordinates": [
          50.265624,
          53.193732
        ]
      },
      "properties": {
        "skladsizo_food_ordering_available": false,
        "skladsizo_payment_available": true,
        "skladsizo_product_delivery_available": false,
        "zt_is_maintenance": false,
        "fsinzak_id": "https://fsinzak-money.ru/catalog/samarskaya-oblast/sizo-1-g-samara/",
        "promservice_id": "promservice-276",
        "fsinpress_id": "fsinpress-Самарская область-СИЗО-1",
        "region_iso": "RU-SAM",
        "name": "ФКУ СИЗО-1 УФСИН России по Самарской области",
        "ovdInfo_ovdInfo_location_id": "recIYNR6te6ieHDwp"
      }
    },
    {
      "type": "Feature",
      "id": "recoAYm3lzV2wHdrH",
      "geometry": {
        "type": "Point",
        "coordinates": [
          30.631648,
          59.738539
        ]
      },
      "properties": {
        "fsinzak_id": "https://fsinzak-money.ru/catalog/sankt-peterburg/sizo-1-kresty-kolpino/",
        "promservice_id": "promservice-373",
        "fsinpress_id": "fsinpress-Ленинградская область-СИЗО-1",
        "region_iso": "RU-LEN",
        "name": "ФКУ СИЗО-1 УФСИН России по Санкт-Петербургу и Ленинградской области",
        "ovdInfo_ovdInfo_location_id": "recoAYm3lzV2wHdrH"
      }
    },
    {
      "type": "Feature",
      "id": "recTmvgzudtIGkfaw",
      "geometry": {
        "type": "Point",
        "coordinates": [
          46.013467,
          51.54035
        ]
      },
      "properties": {
        "f_okno_f_okno_peredacha_available": true,
        "f_okno_f_okno_svidaniye_available": true,
        "skladsizo_food_ordering_available": false,
        "skladsizo_payment_available": true,
        "skladsizo_product_delivery_available": false,
        "zt_is_maintenance": false,
        "f_pismo_source_f_pismo_allowSending": "true",
        "fsinzak_id": "https://fsinzak-money.ru/catalog/saratovskaya-oblast/sizo-1-g-saratov/",
        "promservice_id": "promservice-340",
        "fsinpress_id": "fsinpress-Саратовская область-СИЗО-1",
        "prisonmail_key": "SIZO1Saratov",
        "region_iso": "RU-SAR",
        "name": "ФКУ СИЗО-1 УФСИН России по Саратовской области",
        "ovdInfo_ovdInfo_location_id": "recTmvgzudtIGkfaw"
      }
    },
    {
      "type": "Feature",
      "id": "recLliw4MeIrnSwop",
      "geometry": {
        "type": "Point",
        "coordinates": [
          142.742907,
          46.948986
        ]
      },
      "properties": {
        "skladsizo_food_ordering_available": false,
        "skladsizo_payment_available": true,
        "skladsizo_product_delivery_available": false,
        "zt_is_maintenance": false,
        "fsinzak_id": "https://fsinzak-money.ru/catalog/sahalinskaya-oblast/sizo-1-g-yuzhno-sahalinsk/",
        "fsinpress_id": "fsinpress-Сахалинская область-СИЗО-1",
        "ariadna_normalized_ariadna_name": "ФКУ СИЗО-1 УФСИН",
        "region_iso": "RU-SAK",
        "name": "ФКУ СИЗО-1 УФСИН России по Сахалинской области",
        "ovdInfo_ovdInfo_location_id": "recLliw4MeIrnSwop"
      }
    },
    {
      "type": "Feature",
      "id": "recqRCsNh0K9x6GbB",
      "geometry": {
        "type": "Point",
        "coordinates": [
          32.046121,
          54.770989
        ]
      },
      "properties": {
        "skladsizo_food_ordering_available": false,
        "skladsizo_payment_available": true,
        "skladsizo_product_delivery_available": false,
        "zt_is_maintenance": false,
        "fsinzak_id": "https://fsinzak-money.ru/catalog/smolenskaya-oblast/sizo-1-g-smolensk/",
        "rodnayasvyaz_mail_connected": true,
        "fsinpress_id": "fsinpress-Смоленская область-СИЗО-1",
        "region_iso": "RU-SMO",
        "name": "ФКУ СИЗО-1 УФСИН России по Смоленской области",
        "ovdInfo_ovdInfo_location_id": "recqRCsNh0K9x6GbB"
      }
    },
    {
      "type": "Feature",
      "id": "recun0THZuWFLVdBn",
      "geometry": {
        "type": "Point",
        "coordinates": [
          41.96687,
          45.031875
        ]
      },
      "properties": {
        "skladsizo_food_ordering_available": false,
        "skladsizo_payment_available": true,
        "skladsizo_product_delivery_available": false,
        "zt_is_maintenance": false,
        "fsinzak_id": "https://fsinzak-money.ru/catalog/stavropolskiy-kray/sizo-1-g-stavropol/",
        "fsinpress_id": "fsinpress-Ставропольский край-СИЗО-1",
        "region_iso": "RU-STA",
        "name": "ФКУ СИЗО-1 УФСИН России по Ставропольскому краю",
        "ovdInfo_ovdInfo_location_id": "recun0THZuWFLVdBn"
      }
    },
    {
      "type": "Feature",
      "id": "recgRMNkiCQZEQ5ON",
      "geometry": {
        "type": "Point",
        "coordinates": [
          41.440239,
          52.737266
        ]
      },
      "properties": {
        "skladsizo_food_ordering_available": false,
        "skladsizo_payment_available": true,
        "skladsizo_product_delivery_available": false,
        "zt_is_maintenance": false,
        "f_pismo_source_f_pismo_allowSending": "true",
        "fsinzak_id": "https://fsinzak-money.ru/catalog/tambovskaya-oblast/sizo-1-g-tambov/",
        "rodnayasvyaz_mail_connected": true,
        "promservice_id": "promservice-330",
        "fsinpress_id": "fsinpress-Тамбовская область-СИЗО-1",
        "prisonmail_key": "SIZO1Tambov",
        "region_iso": "RU-TAM",
        "name": "ФКУ СИЗО-1 УФСИН России по Тамбовской области",
        "ovdInfo_ovdInfo_location_id": "recgRMNkiCQZEQ5ON"
      }
    },
    {
      "type": "Feature",
      "id": "recMt1MENP3JEys66",
      "geometry": {
        "type": "Point",
        "coordinates": [
          35.944986,
          56.849459
        ]
      },
      "properties": {
        "f_okno_f_okno_peredacha_available": true,
        "f_okno_f_okno_svidaniye_available": false,
        "skladsizo_food_ordering_available": false,
        "skladsizo_payment_available": true,
        "skladsizo_product_delivery_available": false,
        "zt_is_maintenance": false,
        "f_pismo_source_f_pismo_allowSending": "true",
        "fsinzak_id": "https://fsinzak-money.ru/catalog/tverskaya-oblast/sizo-1-g-tver/",
        "fsinpress_id": "fsinpress-Тверская область-СИЗО-1",
        "f_apteka_normalized_source_enableOrdersSending": true,
        "prisonmail_key": "SIZO1Tver",
        "region_iso": "RU-TVE",
        "name": "ФКУ СИЗО-1 УФСИН России по Тверской области",
        "ovdInfo_ovdInfo_location_id": "recMt1MENP3JEys66"
      }
    },
    {
      "type": "Feature",
      "id": "recctTagK9QKRvwA1",
      "geometry": {
        "type": "Point",
        "coordinates": [
          84.980482,
          56.502424
        ]
      },
      "properties": {
        "skladsizo_food_ordering_available": false,
        "skladsizo_payment_available": true,
        "skladsizo_product_delivery_available": false,
        "zt_is_maintenance": false,
        "fsinzak_id": "https://fsinzak-money.ru/catalog/tomskaya-oblast/sizo-1-g-tomsk/",
        "fsinpress_id": "fsinpress-Томская область-СИЗО-1",
        "ariadna_normalized_ariadna_name": "ФКУ СИЗО-1 УФСИН",
        "region_iso": "RU-TOM",
        "name": "ФКУ СИЗО-1 УФСИН России по Томской области",
        "ovdInfo_ovdInfo_location_id": "recctTagK9QKRvwA1"
      }
    },
    {
      "type": "Feature",
      "id": "recbYVMPjbSCBem26",
      "geometry": {
        "type": "Point",
        "coordinates": [
          37.603412,
          54.176794
        ]
      },
      "properties": {
        "skladsizo_food_ordering_available": false,
        "skladsizo_payment_available": true,
        "skladsizo_product_delivery_available": false,
        "zt_is_maintenance": false,
        "fsinzak_id": "https://fsinzak-money.ru/catalog/tulskaya-oblast/sizo-1-g-tula/",
        "fsinpress_id": "fsinpress-Тульская область-СИЗО-1",
        "region_iso": "RU-TUL",
        "name": "ФКУ СИЗО-1 УФСИН России по Тульской области",
        "ovdInfo_ovdInfo_location_id": "recbYVMPjbSCBem26"
      }
    },
    {
      "type": "Feature",
      "id": "recyiEGBVyfXApSlk",
      "geometry": {
        "type": "Point",
        "coordinates": [
          65.537095,
          57.147823
        ]
      },
      "properties": {
        "skladsizo_food_ordering_available": false,
        "skladsizo_payment_available": true,
        "skladsizo_product_delivery_available": false,
        "zt_is_maintenance": false,
        "f_pismo_source_f_pismo_allowSending": "true",
        "fsinzak_id": "https://fsinzak-money.ru/catalog/tyumenskaya-oblast/sizo-1-g-tyumen/",
        "rodnayasvyaz_mail_connected": true,
        "promservice_id": "promservice-111",
        "fsinpress_id": "fsinpress-Тюменская область-СИЗО-1 ",
        "prisonmail_key": "SIZO1Tjumen",
        "region_iso": "RU-TYU",
        "name": "ФКУ СИЗО-1 УФСИН России по Тюменской области",
        "ovdInfo_ovdInfo_location_id": "recyiEGBVyfXApSlk"
      }
    },
    {
      "type": "Feature",
      "id": "reclUR9YPaP24n20m",
      "geometry": {
        "type": "Point",
        "coordinates": [
          53.229076,
          56.85583
        ]
      },
      "properties": {
        "skladsizo_food_ordering_available": false,
        "skladsizo_payment_available": true,
        "skladsizo_product_delivery_available": false,
        "zt_is_maintenance": false,
        "fsinzak_id": "https://fsinzak-money.ru/catalog/udmurtskaya-resp/sizo-1-g-izhevsk/",
        "rodnayasvyaz_mail_connected": true,
        "rodnayasvyaz_phone_video_connected": true,
        "fsinpress_id": "fsinpress-Удмуртская Республика-СИЗО-1",
        "region_iso": "RU-UD",
        "name": "ФКУ СИЗО-1 УФСИН России по Удмуртской Республике",
        "ovdInfo_ovdInfo_location_id": "reclUR9YPaP24n20m"
      }
    },
    {
      "type": "Feature",
      "id": "recjALLnWCOPGHuBN",
      "geometry": {
        "type": "Point",
        "coordinates": [
          48.378677,
          54.305053
        ]
      },
      "properties": {
        "skladsizo_food_ordering_available": false,
        "skladsizo_payment_available": true,
        "skladsizo_product_delivery_available": false,
        "zt_is_maintenance": false,
        "f_pismo_source_f_pismo_allowSending": "true",
        "fsinzak_id": "https://fsinzak-money.ru/catalog/ulyanovskaya-oblast/sizo-1-g-ulyanovsk/",
        "fsinpress_id": "fsinpress-Ульяновская область-СИЗО-1",
        "prisonmail_key": "SIZO1Uljanovsk",
        "region_iso": "RU-ULY",
        "name": "ФКУ СИЗО-1 УФСИН России по Ульяновской области",
        "ovdInfo_ovdInfo_location_id": "recjALLnWCOPGHuBN"
      }
    },
    {
      "type": "Feature",
      "id": "recl115MpltnNED8L",
      "geometry": {
        "type": "Point",
        "coordinates": [
          135.058944,
          48.488183
        ]
      },
      "properties": {
        "skladsizo_food_ordering_available": false,
        "skladsizo_payment_available": true,
        "skladsizo_product_delivery_available": false,
        "zt_is_maintenance": false,
        "fsinzak_id": "https://fsinzak-money.ru/catalog/habarovskiy-kray/sizo-1-g-habarovsk/",
        "fsinpress_id": "fsinpress-Хабаровский край-СИЗО-1",
        "ariadna_normalized_ariadna_name": "ФКУ СИЗО-1",
        "pochtaRTS_connected": true,
        "region_iso": "RU-KHA",
        "name": "ФКУ СИЗО-1 УФСИН России по Хабаровскому краю",
        "ovdInfo_ovdInfo_location_id": "recl115MpltnNED8L"
      }
    },
    {
      "type": "Feature",
      "id": "recPxCadv4nx8srlG",
      "geometry": {
        "type": "Point",
        "coordinates": [
          76.634974,
          60.911052
        ]
      },
      "properties": {
        "skladsizo_food_ordering_available": false,
        "skladsizo_payment_available": true,
        "skladsizo_product_delivery_available": false,
        "zt_is_maintenance": false,
        "f_pismo_source_f_pismo_allowSending": "true",
        "fsinzak_id": "https://fsinzak-money.ru/catalog/h-mansiyskiy/sizo-1-g-nizhnevartovsk/",
        "promservice_id": "promservice-112",
        "fsinpress_id": "fsinpress-Ханты-Мансийский автономный округ-СИЗО-1",
        "ariadna_normalized_ariadna_name": "ФКУ СИЗО-1 УФСИН",
        "prisonmail_key": "SIZO1Nizhnevartovsk",
        "region_iso": "RU-KHM",
        "name": "ФКУ СИЗО-1 УФСИН России по Ханты-Мансийскому автономному округу",
        "ovdInfo_ovdInfo_location_id": "recPxCadv4nx8srlG"
      }
    },
    {
      "type": "Feature",
      "id": "recyUwNN1lJSH0U3j",
      "geometry": {
        "type": "Point",
        "coordinates": [
          61.415951,
          55.17854
        ]
      },
      "properties": {
        "skladsizo_food_ordering_available": false,
        "skladsizo_payment_available": true,
        "skladsizo_product_delivery_available": false,
        "zt_is_maintenance": false,
        "fsinzak_id": "https://fsinzak-money.ru/catalog/chelyabinskaya-oblast/sizo-1-g-chelyabinsk/",
        "promservice_id": "promservice-162",
        "fsinpress_id": "fsinpress-Челябинская область-СИЗО-1",
        "region_iso": "RU-CHE",
        "name": "ФКУ СИЗО-1 УФСИН России по Челябинской области",
        "ovdInfo_ovdInfo_location_id": "recyUwNN1lJSH0U3j"
      }
    },
    {
      "type": "Feature",
      "id": "recEYyuKlHLGprCdS",
      "geometry": {
        "type": "Point",
        "coordinates": [
          45.700692,
          43.331673
        ]
      },
      "properties": {
        "skladsizo_food_ordering_available": false,
        "skladsizo_payment_available": true,
        "skladsizo_product_delivery_available": false,
        "zt_is_maintenance": false,
        "fsinzak_id": "https://fsinzak-money.ru/catalog/chechenskaya-resp/sizo-1-g-groznyy/",
        "fsinpress_id": "fsinpress-Чеченская Республика-СИЗО-1",
        "region_iso": "RU-CE",
        "name": "ФКУ СИЗО-1 УФСИН России по Чеченской Республике",
        "ovdInfo_ovdInfo_location_id": "recEYyuKlHLGprCdS"
      }
    },
    {
      "type": "Feature",
      "id": "rec5t083djbd14MBs",
      "geometry": {
        "type": "Point",
        "coordinates": [
          47.245384,
          56.152191
        ]
      },
      "properties": {
        "skladsizo_food_ordering_available": false,
        "skladsizo_payment_available": true,
        "skladsizo_product_delivery_available": false,
        "zt_is_maintenance": false,
        "fsinzak_id": "https://fsinzak-money.ru/catalog/chuvashskaya-resp/sizo-1-g-cheboksary/",
        "rodnayasvyaz_mail_connected": true,
        "fsinpress_id": "fsinpress-Чувашская Республика-СИЗО-1",
        "region_iso": "RU-CU",
        "name": "ФКУ СИЗО-1 УФСИН России по Чувашской Республике",
        "ovdInfo_ovdInfo_location_id": "rec5t083djbd14MBs"
      }
    },
    {
      "type": "Feature",
      "id": "recBF1a7RX5GSZFUg",
      "geometry": {
        "type": "Point",
        "coordinates": [
          65.796347,
          66.819129
        ]
      },
      "properties": {
        "fsinpress_id": "fsinpress-Ямало-Ненецкий автономный округ-СИЗО-1",
        "region_iso": "RU-YAN",
        "name": "ФКУ СИЗО-1 УФСИН России по Ямало-Ненецкому автономному округу",
        "ovdInfo_ovdInfo_location_id": "recBF1a7RX5GSZFUg"
      }
    },
    {
      "type": "Feature",
      "id": "recaKy3IwDcXW1PTy",
      "geometry": {
        "type": "Point",
        "coordinates": [
          37.697686,
          55.79212
        ]
      },
      "properties": {
        "f_okno_f_okno_peredacha_available": true,
        "f_okno_f_okno_svidaniye_available": false,
        "skladsizo_food_ordering_available": true,
        "skladsizo_payment_available": true,
        "skladsizo_product_delivery_available": true,
        "zt_is_maintenance": false,
        "fsinzak_id": "https://fsinzak-money.ru/catalog/moskva/sizo-1-fsin-rossii/",
        "fsinpress_id": "fsinpress-Москва-СИЗО-1",
        "prisonmail_key": "SIZO1FSIN991MatrosskajaTishina",
        "region_iso": "RU-MOW",
        "name": "ФКУ СИЗО-1 УФСИН России по Москве",
        "ovdInfo_ovdInfo_location_id": "recaKy3IwDcXW1PTy"
      }
    },
    {
      "type": "Feature",
      "id": "recJveDYzirMg8ze6",
      "geometry": {
        "type": "Point",
        "coordinates": [
          101.440885,
          56.152543
        ]
      },
      "properties": {
        "skladsizo_food_ordering_available": false,
        "skladsizo_payment_available": true,
        "skladsizo_product_delivery_available": false,
        "zt_is_maintenance": false,
        "f_pismo_source_f_pismo_allowSending": "true",
        "fsinzak_id": "https://fsinzak-money.ru/catalog/irkutskaya-oblast/sizo-2-g-bratsk/",
        "fsinpress_id": "fsinpress-Иркутская область-СИЗО-2",
        "prisonmail_key": "SIZO2Bratsk",
        "region_iso": "RU-IRK",
        "name": "ФКУ СИЗО-2 УФСИН России по Иркутской области",
        "ovdInfo_ovdInfo_location_id": "recJveDYzirMg8ze6"
      }
    },
    {
      "type": "Feature",
      "id": "recvBCG6zZs06Xq8c",
      "geometry": {
        "type": "Point",
        "coordinates": [
          87.18721,
          53.767181
        ]
      },
      "properties": {
        "skladsizo_food_ordering_available": false,
        "skladsizo_payment_available": true,
        "skladsizo_product_delivery_available": false,
        "zt_is_maintenance": false,
        "f_pismo_source_f_pismo_allowSending": "false",
        "fsinzak_id": "https://fsinzak-money.ru/catalog/kemerovskaya-oblast/sizo-2-g-novokuzneck/",
        "promservice_id": "promservice-69",
        "fsinpress_id": "fsinpress-Кемеровская область-СИЗО-2",
        "region_iso": "RU-KEM",
        "name": "ФКУ СИЗО-2 УФСИН России по Кемеровской области",
        "ovdInfo_ovdInfo_location_id": "recvBCG6zZs06Xq8c"
      }
    },
    {
      "type": "Feature",
      "id": "recyz3bMh93bYYB5a",
      "geometry": {
        "type": "Point",
        "coordinates": [
          41.144947,
          44.992301
        ]
      },
      "properties": {
        "skladsizo_food_ordering_available": false,
        "skladsizo_payment_available": true,
        "skladsizo_product_delivery_available": false,
        "zt_is_maintenance": false,
        "f_pismo_source_f_pismo_allowSending": "true",
        "fsinzak_id": "https://fsinzak-money.ru/catalog/krasnodarskiy-kray/sizo-2-g-armavir/",
        "rodnayasvyaz_mail_connected": true,
        "fsinpress_id": "fsinpress-Краснодарский край-СИЗО-2",
        "prisonmail_key": "SIZO2Armavir",
        "region_iso": "RU-KDA",
        "name": "ФКУ СИЗО-2 УФСИН России по Краснодарскому Краю",
        "ovdInfo_ovdInfo_location_id": "recyz3bMh93bYYB5a"
      }
    },
    {
      "type": "Feature",
      "id": "recRywHHYcDGQfd6Z",
      "geometry": {
        "type": "Point",
        "coordinates": [
          56.738784,
          59.629412
        ]
      },
      "properties": {
        "skladsizo_food_ordering_available": false,
        "skladsizo_payment_available": true,
        "skladsizo_product_delivery_available": false,
        "zt_is_maintenance": false,
        "fsinzak_id": "https://fsinzak-money.ru/catalog/permskiy-kray/sizo-2-g-solikamsk/",
        "rodnayasvyaz_mail_connected": true,
        "rodnayasvyaz_phone_video_connected": true,
        "promservice_id": "promservice-78",
        "fsinpress_id": "fsinpress-Пермский край-СИЗО-2",
        "region_iso": "RU-PER",
        "name": "ФКУ СИЗО-2 УФСИН России по Пермскому краю",
        "ovdInfo_ovdInfo_location_id": "recRywHHYcDGQfd6Z"
      }
    },
    {
      "type": "Feature",
      "id": "recsWpHEEtTHjcj8E",
      "geometry": {
        "type": "Point",
        "coordinates": [
          131.94516,
          43.817525
        ]
      },
      "properties": {
        "skladsizo_food_ordering_available": false,
        "skladsizo_payment_available": true,
        "skladsizo_product_delivery_available": false,
        "zt_is_maintenance": false,
        "fsinzak_id": "https://fsinzak-money.ru/catalog/primorskiy-kray/sizo-2-g-ussuriysk/",
        "ariadna_normalized_ariadna_name": "ФКУ СИЗО-2 ГУФСИН",
        "region_iso": "RU-PRI",
        "name": "ФКУ СИЗО-2 УФСИН России по Приморскому краю",
        "ovdInfo_ovdInfo_location_id": "recsWpHEEtTHjcj8E"
      }
    },
    {
      "type": "Feature",
      "id": "rec82W56rJtUmWlaL",
      "geometry": {
        "type": "Point",
        "coordinates": [
          38.907217,
          47.229175
        ]
      },
      "properties": {
        "skladsizo_food_ordering_available": false,
        "skladsizo_payment_available": true,
        "skladsizo_product_delivery_available": false,
        "zt_is_maintenance": false,
        "fsinzak_id": "https://fsinzak-money.ru/catalog/rostovskaya-oblast/sizo-2-g-taganrog/",
        "fsinpress_id": "fsinpress-Ростовская область-СИЗО-2",
        "region_iso": "RU-ROS",
        "name": "ФКУ СИЗО-2 УФСИН России по Ростовской области",
        "ovdInfo_ovdInfo_location_id": "rec82W56rJtUmWlaL"
      }
    },
    {
      "type": "Feature",
      "id": "recYHrXVfDD0UpQuy",
      "geometry": {
        "type": "Point",
        "coordinates": [
          63.054367,
          57.687964
        ]
      },
      "properties": {
        "skladsizo_food_ordering_available": false,
        "skladsizo_payment_available": true,
        "skladsizo_product_delivery_available": false,
        "zt_is_maintenance": false,
        "fsinzak_id": "https://fsinzak-money.ru/catalog/sverdlovskaya-oblast/sizo-2-g-irbit/",
        "promservice_id": "promservice-119",
        "fsinpress_id": "fsinpress-Свердловская область-СИЗО-2",
        "region_iso": "RU-SVE",
        "name": "ФКУ СИЗО-2 УФСИН России по Свердловской области",
        "ovdInfo_ovdInfo_location_id": "recYHrXVfDD0UpQuy"
      }
    },
    {
      "type": "Feature",
      "id": "recPp1XjTAI5l1vF3",
      "geometry": {
        "type": "Point",
        "coordinates": [
          59.067604,
          53.371363
        ]
      },
      "properties": {
        "skladsizo_food_ordering_available": false,
        "skladsizo_payment_available": true,
        "skladsizo_product_delivery_available": false,
        "zt_is_maintenance": false,
        "fsinzak_id": "https://fsinzak-money.ru/catalog/chelyabinskaya-oblast/sizo-2-g-magnitogorsk/",
        "promservice_id": "promservice-163",
        "fsinpress_id": "fsinpress-Челябинская область-СИЗО-2",
        "region_iso": "RU-CHE",
        "name": "ФКУ СИЗО-2 УФСИН России по Челябинской области",
        "ovdInfo_ovdInfo_location_id": "recPp1XjTAI5l1vF3"
      }
    },
    {
      "type": "Feature",
      "id": "recxa8wEhCugykoqK",
      "geometry": {
        "type": "Point",
        "coordinates": [
          85.188729,
          52.541768
        ]
      },
      "properties": {
        "skladsizo_food_ordering_available": false,
        "skladsizo_payment_available": true,
        "skladsizo_product_delivery_available": false,
        "zt_is_maintenance": false,
        "fsinzak_id": "https://fsinzak-money.ru/catalog/altayskiy-kray/sizo-2-g-biysk/",
        "promservice_id": "promservice-40",
        "fsinpress_id": "fsinpress-Алтайский край-СИЗО-2",
        "region_iso": "RU-ALT",
        "name": "ФКУ СИЗО-2 УФСИН России по Алтайскому краю",
        "ovdInfo_ovdInfo_location_id": "recxa8wEhCugykoqK"
      }
    },
    {
      "type": "Feature",
      "id": "recfwCntoVFsSAXoG",
      "geometry": {
        "type": "Point",
        "coordinates": [
          128.701607,
          50.738513
        ]
      },
      "properties": {
        "region_iso": "RU-AMU",
        "name": "ФКУ СИЗО-2 УФСИН России по Амурской области",
        "ovdInfo_ovdInfo_location_id": "recfwCntoVFsSAXoG"
      }
    },
    {
      "type": "Feature",
      "id": "rectzZKihmEfsAwYt",
      "geometry": {
        "type": "Point",
        "coordinates": [
          47.873182,
          46.661329
        ]
      },
      "properties": {
        "skladsizo_food_ordering_available": false,
        "skladsizo_payment_available": true,
        "skladsizo_product_delivery_available": false,
        "zt_is_maintenance": false,
        "f_pismo_source_f_pismo_allowSending": "false",
        "fsinzak_id": "https://fsinzak-money.ru/catalog/astrahanskaya-oblast/sizo-2-g-narimanov/",
        "rodnayasvyaz_mail_connected": true,
        "rodnayasvyaz_phone_video_connected": true,
        "fsinpress_id": "fsinpress-Астраханская область-СИЗО-2",
        "region_iso": "RU-AST",
        "name": "ФКУ СИЗО-2 УФСИН России по Астраханской области",
        "ovdInfo_ovdInfo_location_id": "rectzZKihmEfsAwYt"
      }
    },
    {
      "type": "Feature",
      "id": "recKoBZGPdIvhkegX",
      "geometry": {
        "type": "Point",
        "coordinates": [
          37.840766,
          51.293027
        ]
      },
      "properties": {
        "skladsizo_food_ordering_available": false,
        "skladsizo_payment_available": true,
        "skladsizo_product_delivery_available": false,
        "zt_is_maintenance": false,
        "fsinzak_id": "https://fsinzak-money.ru/catalog/belgorodskaya-oblast/sizo-2-g-staryy-oskol/",
        "rodnayasvyaz_mail_connected": true,
        "fsinpress_id": "fsinpress-Белгородская область-СИЗО-2",
        "region_iso": "RU-BEL",
        "name": "ФКУ СИЗО-2 УФСИН России по Белгородской области",
        "ovdInfo_ovdInfo_location_id": "recKoBZGPdIvhkegX"
      }
    },
    {
      "type": "Feature",
      "id": "recmM2meX8PT8hVmq",
      "geometry": {
        "type": "Point",
        "coordinates": [
          31.921385,
          52.540895
        ]
      },
      "properties": {
        "skladsizo_food_ordering_available": false,
        "skladsizo_payment_available": true,
        "skladsizo_product_delivery_available": false,
        "zt_is_maintenance": false,
        "fsinzak_id": "https://fsinzak-money.ru/catalog/bryanskaya-oblast/sizo-2-g-novozybkov/",
        "fsinpress_id": "fsinpress-Брянская область-СИЗО-2",
        "region_iso": "RU-BRY",
        "name": "ФКУ СИЗО-2 УФСИН России по Брянской области",
        "ovdInfo_ovdInfo_location_id": "recmM2meX8PT8hVmq"
      }
    },
    {
      "type": "Feature",
      "id": "reciUhS6aIevQterx",
      "geometry": {
        "type": "Point",
        "coordinates": [
          39.898782,
          59.235744
        ]
      },
      "properties": {
        "skladsizo_food_ordering_available": false,
        "skladsizo_payment_available": true,
        "skladsizo_product_delivery_available": false,
        "zt_is_maintenance": false,
        "fsinzak_id": "https://fsinzak-money.ru/catalog/vologodskaya-oblast/sizo-2-vologodskiy-central/",
        "promservice_id": "promservice-261",
        "fsinpress_id": "fsinpress-Вологодская область-СИЗО-2",
        "region_iso": "RU-VLG",
        "name": "ФКУ СИЗО-2 УФСИН России по Вологодской области",
        "ovdInfo_ovdInfo_location_id": "reciUhS6aIevQterx"
      }
    },
    {
      "type": "Feature",
      "id": "recm9WRIjoGjK7kuU",
      "geometry": {
        "type": "Point",
        "coordinates": [
          37.594582,
          55.785545
        ]
      },
      "properties": {
        "f_okno_f_okno_peredacha_available": true,
        "f_okno_f_okno_svidaniye_available": false,
        "zt_is_maintenance": false,
        "f_pismo_source_f_pismo_allowSending": "true",
        "fsinzak_id": "https://fsinzak-money.ru/catalog/moskva/sizo-2-butyrka/",
        "fsinpress_id": "fsinpress-Москва-СИЗО-2-Б",
        "prisonmail_key": "SIZO2Butyrka",
        "region_iso": "RU-MOW",
        "name": "ФКУ СИЗО-2 УФСИН России по Москве",
        "ovdInfo_ovdInfo_location_id": "recm9WRIjoGjK7kuU"
      }
    },
    {
      "type": "Feature",
      "id": "rec1i010IRnTT8USM",
      "geometry": {
        "type": "Point",
        "coordinates": [
          118.031445,
          50.11357
        ]
      },
      "properties": {
        "skladsizo_food_ordering_available": false,
        "skladsizo_payment_available": true,
        "skladsizo_product_delivery_available": false,
        "zt_is_maintenance": false,
        "f_pismo_source_f_pismo_allowSending": "true",
        "fsinzak_id": "https://fsinzak-money.ru/catalog/zabaykalskiy-kray/sizo-2-g-krasnokamensk/",
        "fsinpress_id": "fsinpress-Забайкальский край-СИЗО-2",
        "ariadna_normalized_ariadna_name": "ФКУ СИЗО-2",
        "prisonmail_key": "SIZO2Krasnokamensk",
        "region_iso": "RU-ZAB",
        "name": "ФКУ СИЗО-2 УФСИН России по Забайкальскому краю",
        "ovdInfo_ovdInfo_location_id": "rec1i010IRnTT8USM"
      }
    },
    {
      "type": "Feature",
      "id": "recoEmQhlAgLiDBEt",
      "geometry": {
        "type": "Point",
        "coordinates": [
          42.089063,
          57.444869
        ]
      },
      "properties": {
        "skladsizo_food_ordering_available": false,
        "skladsizo_payment_available": true,
        "skladsizo_product_delivery_available": false,
        "zt_is_maintenance": false,
        "fsinzak_id": "https://fsinzak-money.ru/catalog/ivanovskaya-oblast/sizo-2-g-kineshma/",
        "promservice_id": "promservice-210",
        "fsinpress_id": "fsinpress-Ивановская область-СИЗО-2",
        "region_iso": "RU-IVA",
        "name": "ФКУ СИЗО-2 УФСИН России по Ивановской области",
        "ovdInfo_ovdInfo_location_id": "recoEmQhlAgLiDBEt"
      }
    },
    {
      "type": "Feature",
      "id": "recZW7JsV82H0gske",
      "geometry": {
        "type": "Point",
        "coordinates": [
          21.814379,
          54.645181
        ]
      },
      "properties": {
        "zt_is_maintenance": false,
        "f_pismo_source_f_pismo_allowSending": "true",
        "fsinzak_id": "https://fsinzak-money.ru/catalog/kaliningradskaya-oblast/sizo-2-g-chernyahovsk/",
        "promservice_id": "promservice-367",
        "fsinpress_id": "fsinpress-Калининградская область-СИЗО-2",
        "ariadna_normalized_ariadna_name": "ФКУ СИЗО-2 УФСИН",
        "prisonmail_key": "SIZO2Chernjahovsk",
        "region_iso": "RU-KGD",
        "name": "ФКУ СИЗО-2 УФСИН России по Калининградской области",
        "ovdInfo_ovdInfo_location_id": "recZW7JsV82H0gske"
      }
    },
    {
      "type": "Feature",
      "id": "recNxDDh1LjWEnXC4",
      "geometry": {
        "type": "Point",
        "coordinates": [
          49.674868,
          58.577097
        ]
      },
      "properties": {
        "skladsizo_food_ordering_available": false,
        "skladsizo_payment_available": true,
        "skladsizo_product_delivery_available": false,
        "zt_is_maintenance": false,
        "fsinzak_id": "https://fsinzak-money.ru/catalog/kirovskaya-oblast/sizo-2-g-kirov/",
        "promservice_id": "promservice-303",
        "fsinpress_id": "fsinpress-Кировская область-СИЗО-2",
        "region_iso": "RU-KIR",
        "name": "ФКУ СИЗО-2 УФСИН России по Кировской области",
        "ovdInfo_ovdInfo_location_id": "recNxDDh1LjWEnXC4"
      }
    },
    {
      "type": "Feature",
      "id": "recn8YQApdFPE9jPc",
      "geometry": {
        "type": "Point",
        "coordinates": [
          63.627842,
          56.078146
        ]
      },
      "properties": {
        "skladsizo_food_ordering_available": false,
        "skladsizo_payment_available": true,
        "skladsizo_product_delivery_available": false,
        "zt_is_maintenance": false,
        "fsinzak_id": "https://fsinzak-money.ru/catalog/kurganskaya-oblast/sizo-2-g-shadrinsk/",
        "rodnayasvyaz_mail_connected": true,
        "promservice_id": "promservice-194",
        "fsinpress_id": "fsinpress-Курганская область-СИЗО-2",
        "region_iso": "RU-KGN",
        "name": "ФКУ СИЗО-2 УФСИН России по Курганской области",
        "ovdInfo_ovdInfo_location_id": "recn8YQApdFPE9jPc"
      }
    },
    {
      "type": "Feature",
      "id": "recIIEL6X31M5HqBG",
      "geometry": {
        "type": "Point",
        "coordinates": [
          35.957748,
          56.039266
        ]
      },
      "properties": {
        "zt_is_maintenance": false,
        "f_pismo_source_f_pismo_allowSending": "true",
        "fsinzak_id": "https://fsinzak-money.ru/catalog/moskovskaya-oblast/sizo-2-g-volokolamsk/",
        "fsinpress_id": "fsinpress-Московская область-СИЗО-2",
        "prisonmail_key": "SIZO2Volokolamsk",
        "sidim_connected": true,
        "region_iso": "RU-MOS",
        "name": "ФКУ СИЗО-2 УФСИН России по Московской области",
        "ovdInfo_ovdInfo_location_id": "recIIEL6X31M5HqBG"
      }
    },
    {
      "type": "Feature",
      "id": "rec527Bipl8XipIQa",
      "geometry": {
        "type": "Point",
        "coordinates": [
          33.367882,
          67.560779
        ]
      },
      "properties": {
        "f_okno_f_okno_peredacha_available": true,
        "f_okno_f_okno_svidaniye_available": true,
        "skladsizo_food_ordering_available": false,
        "skladsizo_payment_available": true,
        "skladsizo_product_delivery_available": false,
        "zt_is_maintenance": false,
        "f_pismo_source_f_pismo_allowSending": "true",
        "fsinzak_id": "https://fsinzak-money.ru/catalog/murmanskaya-oblast/sizo-2-g-apatity/",
        "fsinpress_id": "fsinpress-Мурманская область-СИЗО-2",
        "prisonmail_key": "SIZO2Apatity",
        "AO_name": "Мурманское ФКУ СИЗО-2",
        "region_iso": "RU-MUR",
        "name": "ФКУ СИЗО-2 УФСИН России по Мурманской области",
        "ovdInfo_ovdInfo_location_id": "rec527Bipl8XipIQa"
      }
    },
    {
      "type": "Feature",
      "id": "recrAzg0PdlDrAAFW",
      "geometry": {
        "type": "Point",
        "coordinates": [
          43.915236,
          56.164474
        ]
      },
      "properties": {
        "skladsizo_food_ordering_available": false,
        "skladsizo_payment_available": true,
        "skladsizo_product_delivery_available": false,
        "zt_is_maintenance": true,
        "fsinzak_id": "https://fsinzak-money.ru/catalog/nizhegorodskaya-oblast/sizo-2-p-druzhnyy/",
        "rodnayasvyaz_mail_connected": true,
        "promservice_id": "promservice-282",
        "fsinpress_id": "fsinpress-Нижегородская область-СИЗО-2",
        "region_iso": "RU-NIZ",
        "name": "ФКУ СИЗО-2 УФСИН России по Нижегородской области",
        "ovdInfo_ovdInfo_location_id": "recrAzg0PdlDrAAFW"
      }
    },
    {
      "type": "Feature",
      "id": "recf8TM4IpN3U5VlE",
      "geometry": {
        "type": "Point",
        "coordinates": [
          58.657519,
          51.202386
        ]
      },
      "properties": {
        "skladsizo_food_ordering_available": false,
        "skladsizo_payment_available": true,
        "skladsizo_product_delivery_available": false,
        "zt_is_maintenance": false,
        "fsinzak_id": "https://fsinzak-money.ru/catalog/orenburgskaya-oblast/sizo-2-g-orsk/",
        "rodnayasvyaz_mail_connected": true,
        "rodnayasvyaz_phone_video_connected": true,
        "promservice_id": "promservice-248",
        "fsinpress_id": "fsinpress-Оренбургская область-СИЗО-2",
        "region_iso": "RU-ORE",
        "name": "ФКУ СИЗО-2 УФСИН России по Оренбургской области",
        "ovdInfo_ovdInfo_location_id": "recf8TM4IpN3U5VlE"
      }
    },
    {
      "type": "Feature",
      "id": "recnONfAWw4UIZGNC",
      "geometry": {
        "type": "Point",
        "coordinates": [
          30.497258,
          56.353128
        ]
      },
      "properties": {
        "skladsizo_food_ordering_available": false,
        "skladsizo_payment_available": true,
        "skladsizo_product_delivery_available": false,
        "zt_is_maintenance": false,
        "fsinzak_id": "https://fsinzak-money.ru/catalog/pskovskaya-oblast/sizo-2-g-velikie-luki/",
        "promservice_id": "promservice-31",
        "fsinpress_id": "fsinpress-Псковская область-СИЗО-2",
        "region_iso": "RU-PSK",
        "name": "ФКУ СИЗО-2 УФСИН России по Псковской области",
        "ovdInfo_ovdInfo_location_id": "recnONfAWw4UIZGNC"
      }
    },
    {
      "type": "Feature",
      "id": "reckrq5p81HzklYqV",
      "geometry": {
        "type": "Point",
        "coordinates": [
          39.098995,
          44.98466
        ]
      },
      "properties": {
        "skladsizo_food_ordering_available": false,
        "skladsizo_payment_available": true,
        "skladsizo_product_delivery_available": false,
        "region_iso": "RU-AD",
        "name": "ФКУ СИЗО-2 УФСИН России по Республике Адыгея",
        "ovdInfo_ovdInfo_location_id": "reckrq5p81HzklYqV"
      }
    },
    {
      "type": "Feature",
      "id": "reczeEdwtE90hMBlI",
      "geometry": {
        "type": "Point",
        "coordinates": [
          58.384593,
          53.954753
        ]
      },
      "properties": {
        "skladsizo_food_ordering_available": false,
        "skladsizo_payment_available": true,
        "skladsizo_product_delivery_available": false,
        "zt_is_maintenance": false,
        "fsinzak_id": "https://fsinzak-money.ru/catalog/resp-bashkortostan/sizo-2-g-beloreck/",
        "fsinpress_id": "fsinpress-Республика Башкортостан-СИЗО-2",
        "region_iso": "RU-BA",
        "name": "ФКУ СИЗО-2 УФСИН России по Республике Башкортостан",
        "ovdInfo_ovdInfo_location_id": "reczeEdwtE90hMBlI"
      }
    },
    {
      "type": "Feature",
      "id": "rec7Tyfh0aUSbx5JD",
      "geometry": {
        "type": "Point",
        "coordinates": [
          34.289092,
          63.776096
        ]
      },
      "properties": {
        "skladsizo_food_ordering_available": false,
        "skladsizo_payment_available": true,
        "skladsizo_product_delivery_available": false,
        "zt_is_maintenance": false,
        "fsinzak_id": "https://fsinzak-money.ru/catalog/resp-kareliya/sizo-2-g-segezha/",
        "fsinpress_id": "fsinpress-Республика Карелия-СИЗО-2",
        "AO_name": "ФКУ СИЗО-2",
        "region_iso": "RU-KR",
        "name": "ФКУ СИЗО-2 УФСИН России по Республике Карелия",
        "ovdInfo_ovdInfo_location_id": "rec7Tyfh0aUSbx5JD"
      }
    },
    {
      "type": "Feature",
      "id": "recPIC7meHhN0OoNw",
      "geometry": {
        "type": "Point",
        "coordinates": [
          53.904188,
          63.5591
        ]
      },
      "properties": {
        "skladsizo_food_ordering_available": false,
        "skladsizo_payment_available": true,
        "skladsizo_product_delivery_available": false,
        "zt_is_maintenance": false,
        "f_pismo_source_f_pismo_allowSending": "false",
        "fsinzak_id": "https://fsinzak-money.ru/catalog/resp-komi/sizo-2-g-sosnogorsk/",
        "fsinpress_id": "fsinpress-Республика Коми-СИЗО-2",
        "AO_name": "Коми ФКУ СИЗО-2",
        "region_iso": "RU-KO",
        "name": "ФКУ СИЗО-2 УФСИН России по Республике Коми",
        "ovdInfo_ovdInfo_location_id": "recPIC7meHhN0OoNw"
      }
    },
    {
      "type": "Feature",
      "id": "rec6r9YeFTPqrCv17",
      "geometry": {
        "type": "Point",
        "coordinates": [
          96.712933,
          62.917018
        ]
      },
      "properties": {
        "region_iso": "UA-43",
        "name": "ФКУ СИЗО-2 УФСИН России по Республике Крым и г. Севастополю",
        "ovdInfo_ovdInfo_location_id": "rec6r9YeFTPqrCv17"
      }
    },
    {
      "type": "Feature",
      "id": "rec4a6hEsOkklYH5W",
      "geometry": {
        "type": "Point",
        "coordinates": [
          44.987766,
          54.06021
        ]
      },
      "properties": {
        "skladsizo_food_ordering_available": false,
        "skladsizo_payment_available": true,
        "skladsizo_product_delivery_available": false,
        "zt_is_maintenance": false,
        "fsinzak_id": "https://fsinzak-money.ru/catalog/resp-mordoviya/sizo-2-g-ruzaevka/",
        "rodnayasvyaz_mail_connected": true,
        "promservice_id": "promservice-185",
        "fsinpress_id": "fsinpress-Республика Мордовия-СИЗО-2",
        "region_iso": "RU-MO",
        "name": "ФКУ СИЗО-2 УФСИН России по республике Мордовия",
        "ovdInfo_ovdInfo_location_id": "rec4a6hEsOkklYH5W"
      }
    },
    {
      "type": "Feature",
      "id": "recYcNKJPUMWfiOr7",
      "geometry": {
        "type": "Point",
        "coordinates": [
          49.053899,
          55.796114
        ]
      },
      "properties": {
        "skladsizo_food_ordering_available": false,
        "skladsizo_payment_available": true,
        "skladsizo_product_delivery_available": false,
        "zt_is_maintenance": false,
        "fsinzak_id": "https://fsinzak-money.ru/catalog/resp-tatarstan/sizo-2-g-kazan/",
        "rodnayasvyaz_mail_connected": true,
        "fsinpress_id": "fsinpress-Республика Татарстан-СИЗО-2",
        "region_iso": "RU-TA",
        "name": "ФКУ СИЗО-2 УФСИН России по Республике Татарстан",
        "ovdInfo_ovdInfo_location_id": "recYcNKJPUMWfiOr7"
      }
    },
    {
      "type": "Feature",
      "id": "recSgsaefgfhjw2PH",
      "geometry": {
        "type": "Point",
        "coordinates": [
          40.06024,
          53.70261
        ]
      },
      "properties": {
        "skladsizo_food_ordering_available": false,
        "skladsizo_payment_available": true,
        "skladsizo_product_delivery_available": false,
        "zt_is_maintenance": false,
        "f_pismo_source_f_pismo_allowSending": "true",
        "fsinzak_id": "https://fsinzak-money.ru/catalog/ryazanskaya-oblast/sizo-2-g-ryazhsk/",
        "rodnayasvyaz_mail_connected": true,
        "rodnayasvyaz_phone_video_connected": true,
        "fsinpress_id": "fsinpress-Рязанская область-СИЗО-2",
        "prisonmail_key": "SIZO2Rjazhsk",
        "region_iso": "RU-RYA",
        "name": "ФКУ СИЗО-2 УФСИН России по Рязанской области",
        "ovdInfo_ovdInfo_location_id": "recSgsaefgfhjw2PH"
      }
    },
    {
      "type": "Feature",
      "id": "recGanKrccotT4wWv",
      "geometry": {
        "type": "Point",
        "coordinates": [
          48.476529,
          53.176582
        ]
      },
      "properties": {
        "skladsizo_food_ordering_available": false,
        "skladsizo_payment_available": true,
        "skladsizo_product_delivery_available": false,
        "zt_is_maintenance": false,
        "f_pismo_source_f_pismo_allowSending": "true",
        "fsinzak_id": "https://fsinzak-money.ru/catalog/samarskaya-oblast/sizo-2-syzranskiy-central/",
        "promservice_id": "promservice-277",
        "fsinpress_id": "fsinpress-Самарская область-СИЗО-2",
        "prisonmail_key": "SIZO2Syzranskijtsentral",
        "region_iso": "RU-SAM",
        "name": "ФКУ СИЗО-2 УФСИН России по Самарской области",
        "ovdInfo_ovdInfo_location_id": "recGanKrccotT4wWv"
      }
    },
    {
      "type": "Feature",
      "id": "recWmCoK3HjheCOnO",
      "geometry": {
        "type": "Point",
        "coordinates": [
          142.932016,
          53.594146
        ]
      },
      "properties": {
        "skladsizo_food_ordering_available": false,
        "skladsizo_payment_available": true,
        "skladsizo_product_delivery_available": false,
        "zt_is_maintenance": false,
        "fsinzak_id": "https://fsinzak-money.ru/catalog/sahalinskaya-oblast/sizo-2-g-oha/",
        "fsinpress_id": "fsinpress-Сахалинская область-СИЗО-2",
        "region_iso": "RU-SAK",
        "name": "ФКУ СИЗО-2 УФСИН России по Сахалинской области",
        "ovdInfo_ovdInfo_location_id": "recWmCoK3HjheCOnO"
      }
    },
    {
      "type": "Feature",
      "id": "recuijyBftCtPz1BI",
      "geometry": {
        "type": "Point",
        "coordinates": [
          43.097177,
          44.038792
        ]
      },
      "properties": {
        "skladsizo_food_ordering_available": false,
        "skladsizo_payment_available": true,
        "skladsizo_product_delivery_available": false,
        "zt_is_maintenance": false,
        "fsinpress_id": "fsinpress-Ставропольский край-СИЗО-2",
        "region_iso": "RU-STA",
        "name": "ФКУ СИЗО-2 УФСИН России по Ставропольскому краю",
        "ovdInfo_ovdInfo_location_id": "recuijyBftCtPz1BI"
      }
    },
    {
      "type": "Feature",
      "id": "recLr5loyLRvlwupb",
      "geometry": {
        "type": "Point",
        "coordinates": [
          37.608052,
          57.372339
        ]
      },
      "properties": {
        "skladsizo_food_ordering_available": false,
        "skladsizo_payment_available": true,
        "skladsizo_product_delivery_available": false,
        "zt_is_maintenance": false,
        "f_pismo_source_f_pismo_allowSending": "true",
        "fsinzak_id": "https://fsinzak-money.ru/catalog/tverskaya-oblast/sizo-2-g-kashin/",
        "fsinpress_id": "fsinpress-Тверская область-СИЗО-2",
        "prisonmail_key": "SIZO2Kashin",
        "region_iso": "RU-TVE",
        "name": "ФКУ СИЗО-2 УФСИН России по Тверской области",
        "ovdInfo_ovdInfo_location_id": "recLr5loyLRvlwupb"
      }
    },
    {
      "type": "Feature",
      "id": "recm1VeTHN0ZsnXwX",
      "geometry": {
        "type": "Point",
        "coordinates": [
          66.595436,
          56.494527
        ]
      },
      "properties": {
        "skladsizo_food_ordering_available": false,
        "skladsizo_payment_available": true,
        "skladsizo_product_delivery_available": false,
        "zt_is_maintenance": false,
        "fsinzak_id": "https://fsinzak-money.ru/catalog/tyumenskaya-oblast/sizo-2-g-zavodoukovsk/",
        "rodnayasvyaz_mail_connected": true,
        "promservice_id": "promservice-113",
        "fsinpress_id": "fsinpress-Тюменская область-СИЗО-2",
        "region_iso": "RU-TYU",
        "name": "ФКУ СИЗО-2 УФСИН России по Тюменской области",
        "ovdInfo_ovdInfo_location_id": "recm1VeTHN0ZsnXwX"
      }
    },
    {
      "type": "Feature",
      "id": "recQ6A9jFOUZahTvj",
      "geometry": {
        "type": "Point",
        "coordinates": [
          52.664959,
          58.136948
        ]
      },
      "properties": {
        "skladsizo_food_ordering_available": false,
        "skladsizo_payment_available": true,
        "skladsizo_product_delivery_available": false,
        "zt_is_maintenance": false,
        "fsinzak_id": "https://fsinzak-money.ru/catalog/udmurtskaya-resp/sizo-2-g-glazov/",
        "rodnayasvyaz_mail_connected": true,
        "rodnayasvyaz_phone_video_connected": true,
        "fsinpress_id": "fsinpress-Удмуртская Республика-СИЗО-2",
        "region_iso": "RU-UD",
        "name": "ФКУ СИЗО-2 УФСИН России по Удмуртской Республике",
        "ovdInfo_ovdInfo_location_id": "recQ6A9jFOUZahTvj"
      }
    },
    {
      "type": "Feature",
      "id": "recEFf0IsC1wLHGZl",
      "geometry": {
        "type": "Point",
        "coordinates": [
          137.026004,
          50.541576
        ]
      },
      "properties": {
        "skladsizo_food_ordering_available": false,
        "skladsizo_payment_available": true,
        "skladsizo_product_delivery_available": false,
        "zt_is_maintenance": false,
        "fsinzak_id": "https://fsinzak-money.ru/catalog/habarovskiy-kray/sizo-2-g-komsomolsk-na-amure/",
        "fsinpress_id": "fsinpress-Хабаровский край-СИЗО-2",
        "ariadna_normalized_ariadna_name": "ФКУ СИЗО-2",
        "region_iso": "RU-KHA",
        "name": "ФКУ СИЗО-2 УФСИН России по Хабаровскому краю",
        "ovdInfo_ovdInfo_location_id": "recEFf0IsC1wLHGZl"
      }
    },
    {
      "type": "Feature",
      "id": "recilr1E6T1f7gdzD",
      "geometry": {
        "type": "Point",
        "coordinates": [
          45.360028,
          43.670906
        ]
      },
      "properties": {
        "skladsizo_food_ordering_available": false,
        "skladsizo_payment_available": true,
        "skladsizo_product_delivery_available": false,
        "zt_is_maintenance": false,
        "fsinzak_id": "https://fsinzak-money.ru/catalog/chechenskaya-resp/sizo-2-s-chernokozovo/",
        "fsinpress_id": "fsinpress-Чеченская Республика-СИЗО-2",
        "region_iso": "RU-CE",
        "name": "ФКУ СИЗО-2 УФСИН России по Чеченской Республике",
        "ovdInfo_ovdInfo_location_id": "recilr1E6T1f7gdzD"
      }
    },
    {
      "type": "Feature",
      "id": "recnCArpYgbN0zWbK",
      "geometry": {
        "type": "Point",
        "coordinates": [
          47.479842,
          55.866405
        ]
      },
      "properties": {
        "skladsizo_food_ordering_available": false,
        "skladsizo_payment_available": true,
        "skladsizo_product_delivery_available": false,
        "zt_is_maintenance": false,
        "fsinzak_id": "https://fsinzak-money.ru/catalog/chuvashskaya-resp/sizo-2-g-civilsk/",
        "rodnayasvyaz_mail_connected": true,
        "fsinpress_id": "fsinpress-Чувашская Республика-СИЗО-2",
        "region_iso": "RU-CU",
        "name": "ФКУ СИЗО-2 УФСИН России по Чувашской Республике",
        "ovdInfo_ovdInfo_location_id": "recnCArpYgbN0zWbK"
      }
    },
    {
      "type": "Feature",
      "id": "recw9BrhrN7lC51Do",
      "geometry": {
        "type": "Point",
        "coordinates": [
          38.832078,
          58.029136
        ]
      },
      "properties": {
        "skladsizo_food_ordering_available": false,
        "skladsizo_payment_available": true,
        "skladsizo_product_delivery_available": false,
        "zt_is_maintenance": false,
        "f_pismo_source_f_pismo_allowSending": "true",
        "fsinzak_id": "https://fsinzak-money.ru/catalog/yaroslavskaya-oblast/sizo-2-g-rybinsk/",
        "rodnayasvyaz_mail_connected": true,
        "promservice_id": "promservice-230",
        "fsinpress_id": "fsinpress-Ярославская область-СИЗО-2",
        "prisonmail_key": "SIZO2Rybinsk",
        "region_iso": "RU-YAR",
        "name": "ФКУ СИЗО-2 УФСИН России по Ярославской области",
        "ovdInfo_ovdInfo_location_id": "recw9BrhrN7lC51Do"
      }
    },
    {
      "type": "Feature",
      "id": "recrQ1PvTcFR4p3tV",
      "geometry": {
        "type": "Point",
        "coordinates": [
          37.594582,
          55.785545
        ]
      },
      "properties": {
        "f_okno_f_okno_peredacha_available": true,
        "f_okno_f_okno_svidaniye_available": false,
        "zt_is_maintenance": false,
        "fsinzak_id": "https://fsinzak-money.ru/catalog/moskva/sizo-2-butyrka/",
        "fsinpress_id": "fsinpress-Москва-СИЗО-2-Б",
        "prisonmail_key": "SIZO2Butyrka",
        "sidim_connected": true,
        "region_iso": "RU-MOW",
        "name": "СИЗО-2 УФСИН России по Москве",
        "ovdInfo_ovdInfo_location_id": "recrQ1PvTcFR4p3tV"
      }
    },
    {
      "type": "Feature",
      "id": "recRRKBvJ9LYgzOsL",
      "geometry": {
        "type": "Point",
        "coordinates": [
          87.728362,
          56.216468
        ]
      },
      "properties": {
        "skladsizo_food_ordering_available": false,
        "skladsizo_payment_available": true,
        "skladsizo_product_delivery_available": false,
        "zt_is_maintenance": false,
        "f_pismo_source_f_pismo_allowSending": "false",
        "fsinzak_id": "https://fsinzak-money.ru/catalog/kemerovskaya-oblast/sizo-3-g-mariinsk/",
        "promservice_id": "promservice-65",
        "fsinpress_id": "fsinpress-Кемеровская область-СИЗО-3",
        "region_iso": "RU-KEM",
        "name": "ФКУ СИЗО-3 УФСИН России по Кемеровской области",
        "ovdInfo_ovdInfo_location_id": "recRRKBvJ9LYgzOsL"
      }
    },
    {
      "type": "Feature",
      "id": "rec62Iqmt69pCIxp1",
      "geometry": {
        "type": "Point",
        "coordinates": [
          90.501898,
          56.283981
        ]
      },
      "properties": {
        "skladsizo_food_ordering_available": false,
        "skladsizo_payment_available": true,
        "skladsizo_product_delivery_available": false,
        "zt_is_maintenance": false,
        "fsinzak_id": "https://fsinzak-money.ru/catalog/krasnoyarskiy-kray/sizo-3-g-achinsk/",
        "fsinpress_id": "fsinpress-Красноярский край-СИЗО-3",
        "region_iso": "RU-KYA",
        "name": "ФКУ СИЗО-3 УФСИН России по Красноярскому краю",
        "ovdInfo_ovdInfo_location_id": "rec62Iqmt69pCIxp1"
      }
    },
    {
      "type": "Feature",
      "id": "reclPQop5Hgwx3fOo",
      "geometry": {
        "type": "Point",
        "coordinates": [
          44.374359,
          55.4632
        ]
      },
      "properties": {
        "skladsizo_food_ordering_available": false,
        "skladsizo_payment_available": true,
        "skladsizo_product_delivery_available": false,
        "zt_is_maintenance": false,
        "fsinzak_id": "https://fsinzak-money.ru/catalog/nizhegorodskaya-oblast/sizo-3-p-annenkovskiy-karer/",
        "rodnayasvyaz_mail_connected": true,
        "promservice_id": "promservice-283",
        "fsinpress_id": "fsinpress-Нижегородская область-СИЗО-3",
        "region_iso": "RU-NIZ",
        "name": "ФКУ СИЗО-3 УФСИН России по Нижегородской области",
        "ovdInfo_ovdInfo_location_id": "reclPQop5Hgwx3fOo"
      }
    },
    {
      "type": "Feature",
      "id": "recfWPnfbXAQLsqAC",
      "geometry": {
        "type": "Point",
        "coordinates": [
          57.682447,
          59.054354
        ]
      },
      "properties": {
        "skladsizo_food_ordering_available": false,
        "skladsizo_payment_available": true,
        "skladsizo_product_delivery_available": false,
        "zt_is_maintenance": false,
        "fsinzak_id": "https://fsinzak-money.ru/catalog/permskiy-kray/sizo-3-g-kizel/",
        "rodnayasvyaz_mail_connected": true,
        "rodnayasvyaz_phone_video_connected": true,
        "promservice_id": "promservice-91",
        "fsinpress_id": "fsinpress-Пермский край-СИЗО-3",
        "region_iso": "RU-PER",
        "name": "ФКУ СИЗО-3 УФСИН России по Пермскому краю",
        "ovdInfo_ovdInfo_location_id": "recfWPnfbXAQLsqAC"
      }
    },
    {
      "type": "Feature",
      "id": "reca5ARM2ADN351Uh",
      "geometry": {
        "type": "Point",
        "coordinates": [
          131.905691,
          43.812373
        ]
      },
      "properties": {
        "skladsizo_food_ordering_available": false,
        "skladsizo_payment_available": true,
        "skladsizo_product_delivery_available": false,
        "zt_is_maintenance": false,
        "fsinzak_id": "https://fsinzak-money.ru/catalog/primorskiy-kray/sizo-3-g-ussuriysk/",
        "ariadna_normalized_ariadna_name": "ФКУ СИЗО-3 ГУФСИН",
        "region_iso": "RU-PRI",
        "name": "ФКУ СИЗО-3 УФСИН России по Приморскому краю",
        "ovdInfo_ovdInfo_location_id": "reca5ARM2ADN351Uh"
      }
    },
    {
      "type": "Feature",
      "id": "recxN0OyZwxCo0fXQ",
      "geometry": {
        "type": "Point",
        "coordinates": [
          42.117197,
          61.082987
        ]
      },
      "properties": {
        "skladsizo_food_ordering_available": false,
        "skladsizo_payment_available": true,
        "skladsizo_product_delivery_available": false,
        "zt_is_maintenance": false,
        "f_pismo_source_f_pismo_allowSending": "true",
        "fsinzak_id": "https://fsinzak-money.ru/catalog/arhangelskaya-oblast/sizo-3-g-velsk/",
        "rodnayasvyaz_mail_connected": true,
        "rodnayasvyaz_phone_video_connected": true,
        "fsinpress_id": "fsinpress-Архангельская область-СИЗО-3",
        "prisonmail_key": "SIZO3Velsk",
        "AO_name": "Архангельское ФКУ СИЗО-3",
        "region_iso": "RU-ARK",
        "name": "ФКУ СИЗО-3 УФСИН России по Архангельской области",
        "ovdInfo_ovdInfo_location_id": "recxN0OyZwxCo0fXQ"
      }
    },
    {
      "type": "Feature",
      "id": "recy00OI5moHTBt65",
      "geometry": {
        "type": "Point",
        "coordinates": [
          36.661516,
          50.601933
        ]
      },
      "properties": {
        "skladsizo_food_ordering_available": false,
        "skladsizo_payment_available": true,
        "skladsizo_product_delivery_available": false,
        "zt_is_maintenance": false,
        "f_pismo_source_f_pismo_allowSending": "true",
        "fsinzak_id": "https://fsinzak-money.ru/catalog/belgorodskaya-oblast/sizo-3-g-belgorod/",
        "rodnayasvyaz_mail_connected": true,
        "rodnayasvyaz_phone_video_connected": true,
        "fsinpress_id": "fsinpress-Белгородская область-СИЗО-3",
        "prisonmail_key": "SIZO3Belgorod",
        "region_iso": "RU-BEL",
        "name": "ФКУ СИЗО-3 УФСИН России по Белгородской области",
        "ovdInfo_ovdInfo_location_id": "recy00OI5moHTBt65"
      }
    },
    {
      "type": "Feature",
      "id": "recuFbb494A6cXe4p",
      "geometry": {
        "type": "Point",
        "coordinates": [
          39.396865,
          56.297021
        ]
      },
      "properties": {
        "skladsizo_food_ordering_available": false,
        "skladsizo_payment_available": true,
        "skladsizo_product_delivery_available": false,
        "zt_is_maintenance": false,
        "fsinzak_id": "https://fsinzak-money.ru/catalog/vladimirskaya-oblast/sizo-3-g-kolchugino/",
        "rodnayasvyaz_mail_connected": true,
        "promservice_id": "promservice-197",
        "fsinpress_id": "fsinpress-Владимирская область-СИЗО-3",
        "region_iso": "RU-VLA",
        "name": "ФКУ СИЗО-3 УФСИН России по Владимирской области",
        "ovdInfo_ovdInfo_location_id": "recuFbb494A6cXe4p"
      }
    },
    {
      "type": "Feature",
      "id": "receNnF4IjJkGfi9s",
      "geometry": {
        "type": "Point",
        "coordinates": [
          43.687917,
          49.78036
        ]
      },
      "properties": {
        "skladsizo_food_ordering_available": false,
        "skladsizo_payment_available": true,
        "skladsizo_product_delivery_available": false,
        "zt_is_maintenance": true,
        "fsinzak_id": "https://fsinzak-money.ru/catalog/volgogradskaya-oblast/sizo-3-g-frolovo/",
        "fsinpress_id": "fsinpress-Волгоградская область-СИЗО-3",
        "region_iso": "RU-VGG",
        "name": "ФКУ СИЗО-3 УФСИН России по Волгоградской области",
        "ovdInfo_ovdInfo_location_id": "receNnF4IjJkGfi9s"
      }
    },
    {
      "type": "Feature",
      "id": "recYNnZhyDxVE8TVf",
      "geometry": {
        "type": "Point",
        "coordinates": [
          37.796702,
          59.15565
        ]
      },
      "properties": {
        "skladsizo_food_ordering_available": false,
        "skladsizo_payment_available": true,
        "skladsizo_product_delivery_available": false,
        "fsinzak_id": "https://fsinzak-money.ru/catalog/vologodskaya-oblast/sizo-3-g-cherepovec/",
        "promservice_id": "promservice-262",
        "fsinpress_id": "fsinpress-Вологодская область-СИЗО-3",
        "region_iso": "RU-VLG",
        "name": "ФКУ СИЗО-3 УФСИН России по Вологодской области",
        "ovdInfo_ovdInfo_location_id": "recYNnZhyDxVE8TVf"
      }
    },
    {
      "type": "Feature",
      "id": "rec1y87ODf8fB8anN",
      "geometry": {
        "type": "Point",
        "coordinates": [
          39.126847,
          51.662357
        ]
      },
      "properties": {
        "skladsizo_food_ordering_available": false,
        "skladsizo_payment_available": true,
        "skladsizo_product_delivery_available": false,
        "zt_is_maintenance": false,
        "f_pismo_source_f_pismo_allowSending": "true",
        "fsinzak_id": "https://fsinzak-money.ru/catalog/voronezhskaya-oblast/sizo-3-g-voronezh/",
        "fsinpress_id": "fsinpress-Воронежская область-СИЗО-3",
        "ariadna_normalized_ariadna_name": "ФКУ СИЗО-3 УФСИН",
        "prisonmail_key": "SIZO3Voronezh",
        "region_iso": "RU-VOR",
        "name": "ФКУ СИЗО-3 УФСИН России по Воронежской области",
        "ovdInfo_ovdInfo_location_id": "rec1y87ODf8fB8anN"
      }
    },
    {
      "type": "Feature",
      "id": "recNbSDKe7HebSOwZ",
      "geometry": {
        "type": "Point",
        "coordinates": [
          37.51396,
          55.765942
        ]
      },
      "properties": {
        "f_okno_f_okno_peredacha_available": true,
        "f_okno_f_okno_svidaniye_available": false,
        "zt_is_maintenance": false,
        "f_pismo_source_f_pismo_allowSending": "true",
        "fsinzak_id": "https://fsinzak-money.ru/catalog/moskva/sizo-3-presnya/",
        "fsinpress_id": "fsinpress-Москва-СИЗО-3",
        "prisonmail_key": "SIZO3Presnja",
        "sidim_connected": true,
        "region_iso": "RU-MOW",
        "name": "ФКУ СИЗО-3 УФСИН России по Москве",
        "ovdInfo_ovdInfo_location_id": "recNbSDKe7HebSOwZ"
      }
    },
    {
      "type": "Feature",
      "id": "rec1ydkts2FFzER4N",
      "geometry": {
        "type": "Point",
        "coordinates": [
          37.778568,
          44.707914
        ]
      },
      "properties": {
        "skladsizo_food_ordering_available": false,
        "skladsizo_payment_available": true,
        "skladsizo_product_delivery_available": false,
        "zt_is_maintenance": false,
        "f_pismo_source_f_pismo_allowSending": "true",
        "fsinzak_id": "https://fsinzak-money.ru/catalog/krasnodarskiy-kray/sizo-3-g-novorossiysk/",
        "rodnayasvyaz_mail_connected": true,
        "fsinpress_id": "fsinpress-Краснодарский край-СИЗО-3",
        "prisonmail_key": "SIZO3Novorossijsk",
        "region_iso": "RU-KDA",
        "name": "ФКУ СИЗО-3 УФСИН России по Краснодарскому Краю",
        "ovdInfo_ovdInfo_location_id": "rec1ydkts2FFzER4N"
      }
    },
    {
      "type": "Feature",
      "id": "recxRLZQBFzXZtn6b",
      "geometry": {
        "type": "Point",
        "coordinates": [
          37.415582,
          54.911088
        ]
      },
      "properties": {
        "zt_is_maintenance": false,
        "f_pismo_source_f_pismo_allowSending": "true",
        "fsinzak_id": "https://fsinzak-money.ru/catalog/moskovskaya-oblast/sizo-3-g-serpuhov/",
        "fsinpress_id": "fsinpress-Московская область-СИЗО-3",
        "prisonmail_key": "SIZO3Serpuhov",
        "sidim_connected": true,
        "region_iso": "RU-MOS",
        "name": "ФКУ СИЗО-3 УФСИН России по Московской области",
        "ovdInfo_ovdInfo_location_id": "recxRLZQBFzXZtn6b"
      }
    },
    {
      "type": "Feature",
      "id": "recMPskcdaYEKVwDS",
      "geometry": {
        "type": "Point",
        "coordinates": [
          55.086844,
          51.82054
        ]
      },
      "properties": {
        "skladsizo_food_ordering_available": false,
        "skladsizo_payment_available": true,
        "skladsizo_product_delivery_available": false,
        "zt_is_maintenance": false,
        "fsinzak_id": "https://fsinzak-money.ru/catalog/orenburgskaya-oblast/sizo-3-g-orenburg/",
        "rodnayasvyaz_mail_connected": true,
        "rodnayasvyaz_phone_video_connected": true,
        "promservice_id": "promservice-249",
        "fsinpress_id": "fsinpress-Оренбургская область-СИЗО-3",
        "region_iso": "RU-ORE",
        "name": "ФКУ СИЗО-3 УФСИН России по Оренбургской области",
        "ovdInfo_ovdInfo_location_id": "recMPskcdaYEKVwDS"
      }
    },
    {
      "type": "Feature",
      "id": "rec7c6Lfs1isr74Ny",
      "geometry": {
        "type": "Point",
        "coordinates": [
          55.95832,
          53.613844
        ]
      },
      "properties": {
        "skladsizo_food_ordering_available": false,
        "skladsizo_payment_available": true,
        "skladsizo_product_delivery_available": false,
        "zt_is_maintenance": false,
        "fsinzak_id": "https://fsinzak-money.ru/catalog/resp-bashkortostan/sizo-3-g-sterlitamak/",
        "rodnayasvyaz_mail_connected": true,
        "fsinpress_id": "fsinpress-Республика Башкортостан-СИЗО-3",
        "region_iso": "RU-BA",
        "name": "ФКУ СИЗО-3 УФСИН России по Республике Башкортостан",
        "ovdInfo_ovdInfo_location_id": "rec7c6Lfs1isr74Ny"
      }
    },
    {
      "type": "Feature",
      "id": "rectxzxZGgsBsdk3E",
      "geometry": {
        "type": "Point",
        "coordinates": [
          46.596118,
          43.263573
        ]
      },
      "properties": {
        "skladsizo_food_ordering_available": false,
        "skladsizo_payment_available": true,
        "skladsizo_product_delivery_available": false,
        "zt_is_maintenance": false,
        "fsinzak_id": "https://fsinzak-money.ru/catalog/resp-dagestan/sizo-3-g-hasavyurt/",
        "fsinpress_id": "fsinpress-Республика Дагестан-СИЗО-3",
        "region_iso": "RU-DA",
        "name": "ФКУ СИЗО-3 УФСИН России по Республике Дагестан",
        "ovdInfo_ovdInfo_location_id": "rectxzxZGgsBsdk3E"
      }
    },
    {
      "type": "Feature",
      "id": "recScsxZOnlm2aqC9",
      "geometry": {
        "type": "Point",
        "coordinates": [
          64.078035,
          67.491533
        ]
      },
      "properties": {
        "skladsizo_food_ordering_available": false,
        "skladsizo_payment_available": true,
        "skladsizo_product_delivery_available": false,
        "zt_is_maintenance": true,
        "f_pismo_source_f_pismo_allowSending": "true",
        "fsinzak_id": "https://fsinzak-money.ru/catalog/resp-komi/sizo-3-g-vorkuta/",
        "fsinpress_id": "fsinpress-Республика Коми-СИЗО-3",
        "prisonmail_key": "SIZO3Vorkuta",
        "AO_name": "Коми ФКУ СИЗО-3",
        "region_iso": "RU-KO",
        "name": "ФКУ СИЗО-3 УФСИН России по Республике Коми",
        "ovdInfo_ovdInfo_location_id": "recScsxZOnlm2aqC9"
      }
    },
    {
      "type": "Feature",
      "id": "recnHyaHDKKr4uXg1",
      "geometry": {
        "type": "Point",
        "coordinates": [
          52.787349,
          54.550394
        ]
      },
      "properties": {
        "skladsizo_food_ordering_available": false,
        "skladsizo_payment_available": true,
        "skladsizo_product_delivery_available": false,
        "zt_is_maintenance": false,
        "fsinzak_id": "https://fsinzak-money.ru/catalog/resp-tatarstan/sizo-3-g-bugulma/",
        "rodnayasvyaz_mail_connected": true,
        "fsinpress_id": "fsinpress-Республика Татарстан-СИЗО-3",
        "region_iso": "RU-TA",
        "name": "ФКУ СИЗО-3 УФСИН России по Республике Татарстан",
        "ovdInfo_ovdInfo_location_id": "recnHyaHDKKr4uXg1"
      }
    },
    {
      "type": "Feature",
      "id": "recHdkqeNecHTf9yQ",
      "geometry": {
        "type": "Point",
        "coordinates": [
          40.075974,
          47.396675
        ]
      },
      "properties": {
        "skladsizo_food_ordering_available": false,
        "skladsizo_payment_available": true,
        "skladsizo_product_delivery_available": false,
        "zt_is_maintenance": false,
        "fsinzak_id": "https://fsinzak-money.ru/catalog/rostovskaya-oblast/sizo-3-g-novocherkassk/",
        "fsinpress_id": "fsinpress-Ростовская область-СИЗО-3",
        "region_iso": "RU-ROS",
        "name": "ФКУ СИЗО-3 УФСИН России по Ростовской области",
        "ovdInfo_ovdInfo_location_id": "recHdkqeNecHTf9yQ"
      }
    },
    {
      "type": "Feature",
      "id": "rec0l4aF5utGzoS02",
      "geometry": {
        "type": "Point",
        "coordinates": [
          28.766198,
          60.715004
        ]
      },
      "properties": {
        "skladsizo_food_ordering_available": false,
        "skladsizo_payment_available": true,
        "skladsizo_product_delivery_available": false,
        "f_pismo_source_f_pismo_allowSending": "true",
        "fsinzak_id": "https://fsinzak-money.ru/catalog/sankt-peterburg/sizo-3-vyborg/",
        "promservice_id": "promservice-374",
        "fsinpress_id": "fsinpress-Ленинградская область-СИЗО-3",
        "prisonmail_key": "SIZO3Vyborg",
        "region_iso": "RU-LEN",
        "name": "ФКУ СИЗО-3 УФСИН России по Санкт-Петербургу и Ленинградской области",
        "ovdInfo_ovdInfo_location_id": "rec0l4aF5utGzoS02"
      }
    },
    {
      "type": "Feature",
      "id": "recwWg5pU29R6zJVq",
      "geometry": {
        "type": "Point",
        "coordinates": [
          40.446733,
          52.904405
        ]
      },
      "properties": {
        "skladsizo_food_ordering_available": false,
        "skladsizo_payment_available": true,
        "skladsizo_product_delivery_available": false,
        "zt_is_maintenance": false,
        "f_pismo_source_f_pismo_allowSending": "true",
        "fsinzak_id": "https://fsinzak-money.ru/catalog/tambovskaya-oblast/sizo-3-p-zelenyy-gay/",
        "promservice_id": "promservice-331",
        "fsinpress_id": "fsinpress-Тамбовская область-СИЗО-3",
        "prisonmail_key": "SIZO3pZelenyjGaj",
        "region_iso": "RU-TAM",
        "name": "ФКУ СИЗО-3 УФСИН России по Тамбовской области",
        "ovdInfo_ovdInfo_location_id": "recwWg5pU29R6zJVq"
      }
    },
    {
      "type": "Feature",
      "id": "recmF7BNGijYW3Plw",
      "geometry": {
        "type": "Point",
        "coordinates": [
          34.336427,
          56.245866
        ]
      },
      "properties": {
        "skladsizo_food_ordering_available": false,
        "skladsizo_payment_available": true,
        "skladsizo_product_delivery_available": false,
        "zt_is_maintenance": false,
        "f_pismo_source_f_pismo_allowSending": "true",
        "fsinzak_id": "https://fsinzak-money.ru/catalog/tverskaya-oblast/sizo-3-g-rzhev/",
        "fsinpress_id": "fsinpress-Тверская область-СИЗО-3",
        "prisonmail_key": "SIZO3Rzhev",
        "region_iso": "RU-TVE",
        "name": "ФКУ СИЗО-3 УФСИН России по Тверской области",
        "ovdInfo_ovdInfo_location_id": "recmF7BNGijYW3Plw"
      }
    },
    {
      "type": "Feature",
      "id": "recJGfCG8qDeNsGZA",
      "geometry": {
        "type": "Point",
        "coordinates": [
          61.426355,
          55.179669
        ]
      },
      "properties": {
        "skladsizo_food_ordering_available": false,
        "skladsizo_payment_available": true,
        "skladsizo_product_delivery_available": false,
        "zt_is_maintenance": false,
        "fsinzak_id": "https://fsinzak-money.ru/catalog/chelyabinskaya-oblast/sizo-3-g-chelyabinsk/",
        "promservice_id": "promservice-164",
        "fsinpress_id": "fsinpress-Челябинская область-СИЗО-3",
        "region_iso": "RU-CHE",
        "name": "ФКУ СИЗО-3 УФСИН России по Челябинской области",
        "ovdInfo_ovdInfo_location_id": "recJGfCG8qDeNsGZA"
      }
    },
    {
      "type": "Feature",
      "id": "recYwQF2qrWmSj4tL",
      "geometry": {
        "type": "Point",
        "coordinates": [
          96.712933,
          62.917018
        ]
      },
      "properties": {
        "region_iso": "RU-SPE",
        "name": "ФКУ СИЗО-3 ФСИН",
        "ovdInfo_ovdInfo_location_id": "recYwQF2qrWmSj4tL"
      }
    },
    {
      "type": "Feature",
      "id": "recqlM7UmSo3dwMa5",
      "geometry": {
        "type": "Point",
        "coordinates": [
          86.076132,
          56.092995
        ]
      },
      "properties": {
        "skladsizo_food_ordering_available": false,
        "skladsizo_payment_available": true,
        "skladsizo_product_delivery_available": false,
        "zt_is_maintenance": false,
        "f_pismo_source_f_pismo_allowSending": "false",
        "fsinzak_id": "https://fsinzak-money.ru/catalog/kemerovskaya-oblast/sizo-4-g-anzhero-sudzhensk/",
        "promservice_id": "promservice-59",
        "fsinpress_id": "fsinpress-Кемеровская область-СИЗО-4",
        "region_iso": "RU-KEM",
        "name": "ФКУ СИЗО-4 УФСИН России по Кемеровской области",
        "ovdInfo_ovdInfo_location_id": "recqlM7UmSo3dwMa5"
      }
    },
    {
      "type": "Feature",
      "id": "recbZUQktdvAxeWV8",
      "geometry": {
        "type": "Point",
        "coordinates": [
          88.203821,
          69.319366
        ]
      },
      "properties": {
        "skladsizo_food_ordering_available": false,
        "skladsizo_payment_available": true,
        "skladsizo_product_delivery_available": false,
        "zt_is_maintenance": false,
        "f_pismo_source_f_pismo_allowSending": "true",
        "fsinzak_id": "https://fsinzak-money.ru/catalog/krasnoyarskiy-kray/sizo-4-g-norilsk/",
        "fsinpress_id": "fsinpress-Красноярский край-СИЗО-4",
        "ariadna_normalized_ariadna_name": "ФКУ СИЗО-4",
        "prisonmail_key": "SIZO4Norilsk",
        "region_iso": "RU-KYA",
        "name": "ФКУ СИЗО-4 УФСИН России по Красноярскому краю",
        "ovdInfo_ovdInfo_location_id": "recbZUQktdvAxeWV8"
      }
    },
    {
      "type": "Feature",
      "id": "recfWdAWBxXi6qoTd",
      "geometry": {
        "type": "Point",
        "coordinates": [
          54.651468,
          59.024168
        ]
      },
      "properties": {
        "skladsizo_food_ordering_available": false,
        "skladsizo_payment_available": true,
        "skladsizo_product_delivery_available": false,
        "zt_is_maintenance": false,
        "fsinzak_id": "https://fsinzak-money.ru/catalog/permskiy-kray/sizo-4-g-kudymkar/",
        "rodnayasvyaz_mail_connected": true,
        "rodnayasvyaz_phone_video_connected": true,
        "promservice_id": "promservice-84",
        "fsinpress_id": "fsinpress-Пермский край-СИЗО-4",
        "region_iso": "RU-PER",
        "name": "ФКУ СИЗО-4 УФСИН России по Пермскому краю",
        "ovdInfo_ovdInfo_location_id": "recfWdAWBxXi6qoTd"
      }
    },
    {
      "type": "Feature",
      "id": "recGWWhKiOw6W6mUr",
      "geometry": {
        "type": "Point",
        "coordinates": [
          132.751518,
          44.552883
        ]
      },
      "properties": {
        "skladsizo_food_ordering_available": false,
        "skladsizo_payment_available": true,
        "skladsizo_product_delivery_available": false,
        "zt_is_maintenance": false,
        "fsinzak_id": "https://fsinzak-money.ru/catalog/primorskiy-kray/sizo-4-st-staryy-klyuch/",
        "ariadna_normalized_ariadna_name": "ФКУ СИЗО-4 ГУФСИН",
        "region_iso": "RU-PRI",
        "name": "ФКУ СИЗО-4 УФСИН России по Приморскому краю",
        "ovdInfo_ovdInfo_location_id": "recGWWhKiOw6W6mUr"
      }
    },
    {
      "type": "Feature",
      "id": "recsR6DNa0jbtH9P2",
      "geometry": {
        "type": "Point",
        "coordinates": [
          62.700847,
          56.848875
        ]
      },
      "properties": {
        "skladsizo_food_ordering_available": false,
        "skladsizo_payment_available": true,
        "skladsizo_product_delivery_available": false,
        "zt_is_maintenance": false,
        "fsinzak_id": "https://fsinzak-money.ru/catalog/sverdlovskaya-oblast/sizo-4-g-kamyshlov/",
        "promservice_id": "promservice-121",
        "fsinpress_id": "fsinpress-Свердловская область-СИЗО-4",
        "region_iso": "RU-SVE",
        "name": "ФКУ СИЗО-4 УФСИН России по Свердловской области",
        "ovdInfo_ovdInfo_location_id": "recsR6DNa0jbtH9P2"
      }
    },
    {
      "type": "Feature",
      "id": "rec3sBgz8NneI9InU",
      "geometry": {
        "type": "Point",
        "coordinates": [
          59.730182,
          55.203779
        ]
      },
      "properties": {
        "skladsizo_food_ordering_available": false,
        "skladsizo_payment_available": true,
        "skladsizo_product_delivery_available": false,
        "zt_is_maintenance": false,
        "fsinzak_id": "https://fsinzak-money.ru/catalog/chelyabinskaya-oblast/sizo-4-g-zlatoust/",
        "promservice_id": "promservice-165",
        "fsinpress_id": "fsinpress-Челябинская область-СИЗО-4",
        "region_iso": "RU-CHE",
        "name": "ФКУ СИЗО-4 УФСИН России по Челябинской области",
        "ovdInfo_ovdInfo_location_id": "rec3sBgz8NneI9InU"
      }
    },
    {
      "type": "Feature",
      "id": "recdYpj7HQRhAT8cC",
      "geometry": {
        "type": "Point",
        "coordinates": [
          85.171608,
          52.539135
        ]
      },
      "properties": {
        "skladsizo_food_ordering_available": false,
        "skladsizo_payment_available": true,
        "skladsizo_product_delivery_available": false,
        "region_iso": "RU-ALT",
        "name": "ФКУ СИЗО-4 УФСИН России по Алтайскому краю",
        "ovdInfo_ovdInfo_location_id": "recdYpj7HQRhAT8cC"
      }
    },
    {
      "type": "Feature",
      "id": "recwNHeD9WODXfSYO",
      "geometry": {
        "type": "Point",
        "coordinates": [
          40.764626,
          64.487523
        ]
      },
      "properties": {
        "skladsizo_food_ordering_available": false,
        "skladsizo_payment_available": true,
        "skladsizo_product_delivery_available": false,
        "zt_is_maintenance": false,
        "f_pismo_source_f_pismo_allowSending": "true",
        "fsinzak_id": "https://fsinzak-money.ru/catalog/arhangelskaya-oblast/sizo-4-belaya-gora/",
        "fsinpress_id": "fsinpress-Архангельская область-СИЗО-4",
        "prisonmail_key": "SIZO4Belajagora",
        "AO_name": "Архангельское ФКУ СИЗО-4",
        "region_iso": "RU-ARK",
        "name": "ФКУ СИЗО-4 УФСИН России по Архангельской области",
        "ovdInfo_ovdInfo_location_id": "recwNHeD9WODXfSYO"
      }
    },
    {
      "type": "Feature",
      "id": "recv7tWnyVRz2QOAl",
      "geometry": {
        "type": "Point",
        "coordinates": [
          44.591285,
          48.485406
        ]
      },
      "properties": {
        "skladsizo_food_ordering_available": false,
        "skladsizo_payment_available": true,
        "skladsizo_product_delivery_available": false,
        "zt_is_maintenance": false,
        "fsinzak_id": "https://fsinzak-money.ru/catalog/volgogradskaya-oblast/sizo-4-g-volgograd/",
        "fsinpress_id": "fsinpress-Волгоградская область-СИЗО-4",
        "region_iso": "RU-VGG",
        "name": "ФКУ СИЗО-4 УФСИН России по Волгоградской области",
        "ovdInfo_ovdInfo_location_id": "recv7tWnyVRz2QOAl"
      }
    },
    {
      "type": "Feature",
      "id": "recKu7zDiYytJ7Gpn",
      "geometry": {
        "type": "Point",
        "coordinates": [
          37.630974,
          55.882003
        ]
      },
      "properties": {
        "f_okno_f_okno_peredacha_available": true,
        "f_okno_f_okno_svidaniye_available": false,
        "zt_is_maintenance": false,
        "f_pismo_source_f_pismo_allowSending": "true",
        "fsinzak_id": "https://fsinzak-money.ru/catalog/moskva/sizo-4-medved/",
        "fsinpress_id": "fsinpress-Москва-СИЗО-4",
        "prisonmail_key": "SIZO4Medved",
        "sidim_connected": true,
        "region_iso": "RU-MOW",
        "name": "ФКУ СИЗО-4 УФСИН России по Москве",
        "ovdInfo_ovdInfo_location_id": "recKu7zDiYytJ7Gpn"
      }
    },
    {
      "type": "Feature",
      "id": "recTSWStzrcg3ykZj",
      "geometry": {
        "type": "Point",
        "coordinates": [
          30.372595,
          59.961246
        ]
      },
      "properties": {
        "fsinzak_id": "https://fsinzak-money.ru/catalog/sankt-peterburg/sizo-4-lebedeva/",
        "fsinpress_id": "fsinpress-Ленинградская область-СИЗО-4",
        "ariadna_normalized_ariadna_name": "ФКУ Колпинская ВК",
        "region_iso": "RU-LEN",
        "name": "ФКУ СИЗО-4 УФСИН России по Санкт-Петербургу и Ленинградской области",
        "ovdInfo_ovdInfo_location_id": "recTSWStzrcg3ykZj"
      }
    },
    {
      "type": "Feature",
      "id": "recX1nNBnQBDzdfr1",
      "geometry": {
        "type": "Point",
        "coordinates": [
          36.017373,
          55.509367
        ]
      },
      "properties": {
        "zt_is_maintenance": false,
        "f_pismo_source_f_pismo_allowSending": "true",
        "fsinzak_id": "https://fsinzak-money.ru/catalog/moskovskaya-oblast/sizo-4-g-mozhaysk/",
        "fsinpress_id": "fsinpress-Московская область-СИЗО-4",
        "prisonmail_key": "SIZO4Mozhajsk",
        "sidim_connected": true,
        "region_iso": "RU-MOS",
        "name": "ФКУ СИЗО-4 УФСИН России по Московской области",
        "ovdInfo_ovdInfo_location_id": "recX1nNBnQBDzdfr1"
      }
    },
    {
      "type": "Feature",
      "id": "recFAHTXrYNgEisLL",
      "geometry": {
        "type": "Point",
        "coordinates": [
          96.712933,
          62.917018
        ]
      },
      "properties": {
        "skladsizo_food_ordering_available": false,
        "skladsizo_payment_available": true,
        "skladsizo_product_delivery_available": false,
        "region_iso": "RU-BA",
        "name": "ФКУ СИЗО-4 УФСИН России по Республике Башкортостан",
        "ovdInfo_ovdInfo_location_id": "recFAHTXrYNgEisLL"
      }
    },
    {
      "type": "Feature",
      "id": "recUa5UJcQ8huEJDk",
      "geometry": {
        "type": "Point",
        "coordinates": [
          53.096554,
          55.728095
        ]
      },
      "properties": {
        "skladsizo_food_ordering_available": false,
        "skladsizo_payment_available": true,
        "skladsizo_product_delivery_available": false,
        "zt_is_maintenance": false,
        "fsinzak_id": "https://fsinzak-money.ru/catalog/resp-tatarstan/sizo-4-g-menzelinsk/",
        "rodnayasvyaz_mail_connected": true,
        "fsinpress_id": "fsinpress-Республика Татарстан-СИЗО-4",
        "region_iso": "RU-TA",
        "name": "ФКУ СИЗО-4 УФСИН России по Республике Татарстан",
        "ovdInfo_ovdInfo_location_id": "recUa5UJcQ8huEJDk"
      }
    },
    {
      "type": "Feature",
      "id": "reczK9QpEii4ImBl4",
      "geometry": {
        "type": "Point",
        "coordinates": [
          40.197988,
          47.750809
        ]
      },
      "properties": {
        "skladsizo_food_ordering_available": false,
        "skladsizo_payment_available": true,
        "skladsizo_product_delivery_available": false,
        "zt_is_maintenance": false,
        "fsinzak_id": "https://fsinzak-money.ru/catalog/rostovskaya-oblast/sizo-4-g-shahty/",
        "fsinpress_id": "fsinpress-Ростовская область-СИЗО-4",
        "region_iso": "RU-ROS",
        "name": "ФКУ СИЗО-4 УФСИН России по Ростовской области",
        "ovdInfo_ovdInfo_location_id": "reczK9QpEii4ImBl4"
      }
    },
    {
      "type": "Feature",
      "id": "recsxuh1cMm8KeLGJ",
      "geometry": {
        "type": "Point",
        "coordinates": [
          49.343011,
          53.574964
        ]
      },
      "properties": {
        "skladsizo_food_ordering_available": false,
        "skladsizo_payment_available": true,
        "skladsizo_product_delivery_available": false,
        "zt_is_maintenance": false,
        "fsinzak_id": "https://fsinzak-money.ru/catalog/samarskaya-oblast/sizo-4-g-tolyatti/",
        "promservice_id": "promservice-278",
        "fsinpress_id": "fsinpress-Самарская область-СИЗО-4",
        "region_iso": "RU-SAM",
        "name": "ФКУ СИЗО-4 УФСИН России по Самарской области",
        "ovdInfo_ovdInfo_location_id": "recsxuh1cMm8KeLGJ"
      }
    },
    {
      "type": "Feature",
      "id": "recYJQPyIkBe3x69J",
      "geometry": {
        "type": "Point",
        "coordinates": [
          65.785899,
          56.975278
        ]
      },
      "properties": {
        "skladsizo_food_ordering_available": false,
        "skladsizo_payment_available": true,
        "skladsizo_product_delivery_available": false,
        "zt_is_maintenance": false,
        "fsinzak_id": "https://fsinzak-money.ru/catalog/tyumenskaya-oblast/sizo-4-p-vinzili/",
        "rodnayasvyaz_mail_connected": true,
        "promservice_id": "promservice-114",
        "fsinpress_id": "fsinpress-Тюменская область-СИЗО-4",
        "region_iso": "RU-TYU",
        "name": "ФКУ СИЗО-4 УФСИН России по Тюменской области",
        "ovdInfo_ovdInfo_location_id": "recYJQPyIkBe3x69J"
      }
    },
    {
      "type": "Feature",
      "id": "rec99HyDpeXi9tL0s",
      "geometry": {
        "type": "Point",
        "coordinates": [
          136.506629,
          50.104427
        ]
      },
      "properties": {
        "skladsizo_food_ordering_available": false,
        "skladsizo_payment_available": true,
        "skladsizo_product_delivery_available": false,
        "fsinpress_id": "fsinpress-Хабаровский край-СИЗО-4",
        "ariadna_normalized_ariadna_name": "ФКУ СИЗО-4",
        "region_iso": "RU-KHA",
        "name": "ФКУ СИЗО-4 УФСИН России по Хабаровскому краю",
        "ovdInfo_ovdInfo_location_id": "rec99HyDpeXi9tL0s"
      }
    },
    {
      "type": "Feature",
      "id": "recoziq9SegXD3CoT",
      "geometry": {
        "type": "Point",
        "coordinates": [
          39.703997,
          47.219566
        ]
      },
      "properties": {
        "zt_is_maintenance": false,
        "fsinzak_id": "https://fsinzak-money.ru/catalog/rostovskaya-oblast/sizo-4-fsin-rossii-g-rostov-na-donu/",
        "region_iso": "RU-ROS",
        "name": "ФКУ СИЗО-4 ФСИН",
        "ovdInfo_ovdInfo_location_id": "recoziq9SegXD3CoT"
      }
    },
    {
      "type": "Feature",
      "id": "recdkbpiiS5GOKt29",
      "geometry": {
        "type": "Point",
        "coordinates": [
          100.574244,
          54.572486
        ]
      },
      "properties": {
        "skladsizo_food_ordering_available": false,
        "skladsizo_payment_available": true,
        "skladsizo_product_delivery_available": false,
        "zt_is_maintenance": false,
        "fsinzak_id": "https://fsinzak-money.ru/catalog/irkutskaya-oblast/sizo-5-tulunskaya-krytka/",
        "fsinpress_id": "fsinpress-Иркутская область-СИЗО-5",
        "region_iso": "RU-IRK",
        "name": "ФКУ СИЗО-5 УФСИН России по Иркутской области",
        "ovdInfo_ovdInfo_location_id": "recdkbpiiS5GOKt29"
      }
    },
    {
      "type": "Feature",
      "id": "recnsoljQXXDdFRSZ",
      "geometry": {
        "type": "Point",
        "coordinates": [
          95.689105,
          56.21387
        ]
      },
      "properties": {
        "skladsizo_food_ordering_available": false,
        "skladsizo_payment_available": true,
        "skladsizo_product_delivery_available": false,
        "zt_is_maintenance": false,
        "f_pismo_source_f_pismo_allowSending": "true",
        "fsinzak_id": "https://fsinzak-money.ru/catalog/krasnoyarskiy-kray/sizo-5-g-kansk/",
        "prisonmail_key": "SIZO5Kansk",
        "region_iso": "RU-KYA",
        "name": "ФКУ СИЗО-5 УФСИН России по Красноярскому краю",
        "ovdInfo_ovdInfo_location_id": "recnsoljQXXDdFRSZ"
      }
    },
    {
      "type": "Feature",
      "id": "recKL9FdMULmFZamn",
      "geometry": {
        "type": "Point",
        "coordinates": [
          56.355837,
          58.070177
        ]
      },
      "properties": {
        "skladsizo_food_ordering_available": false,
        "skladsizo_payment_available": true,
        "skladsizo_product_delivery_available": false,
        "zt_is_maintenance": false,
        "fsinzak_id": "https://fsinzak-money.ru/catalog/permskiy-kray/sizo-5-g-perm/",
        "rodnayasvyaz_mail_connected": true,
        "rodnayasvyaz_phone_video_connected": true,
        "promservice_id": "promservice-95",
        "fsinpress_id": "fsinpress-Пермский край-СИЗО-5",
        "region_iso": "RU-PER",
        "name": "ФКУ СИЗО-5 УФСИН России по Пермскому краю",
        "ovdInfo_ovdInfo_location_id": "recKL9FdMULmFZamn"
      }
    },
    {
      "type": "Feature",
      "id": "recJHZBYQajn3bOKV",
      "geometry": {
        "type": "Point",
        "coordinates": [
          54.820576,
          55.499047
        ]
      },
      "properties": {
        "skladsizo_food_ordering_available": false,
        "skladsizo_payment_available": true,
        "skladsizo_product_delivery_available": false,
        "zt_is_maintenance": false,
        "f_pismo_source_f_pismo_allowSending": "true",
        "fsinzak_id": "https://fsinzak-money.ru/catalog/resp-bashkortostan/sizo-5-dyurtyuli-s-ivaneevo/",
        "rodnayasvyaz_mail_connected": true,
        "fsinpress_id": "fsinpress-Республика Башкортостан-СИЗО-5",
        "prisonmail_key": "SIZO5Djurtjuli",
        "region_iso": "RU-BA",
        "name": "ФКУ СИЗО-5 УФСИН России по Республике Башкортостан",
        "ovdInfo_ovdInfo_location_id": "recJHZBYQajn3bOKV"
      }
    },
    {
      "type": "Feature",
      "id": "recbS8uqdJ5H8Ly9E",
      "geometry": {
        "type": "Point",
        "coordinates": [
          39.686249,
          47.256515
        ]
      },
      "properties": {
        "skladsizo_food_ordering_available": false,
        "skladsizo_payment_available": true,
        "skladsizo_product_delivery_available": false,
        "zt_is_maintenance": false,
        "fsinzak_id": "https://fsinzak-money.ru/catalog/rostovskaya-oblast/sizo-5-g-rostov-na-donu/",
        "fsinpress_id": "fsinpress-Ростовская область-СИЗО-5",
        "region_iso": "RU-ROS",
        "name": "ФКУ СИЗО-5 УФСИН России по Ростовской области",
        "ovdInfo_ovdInfo_location_id": "recbS8uqdJ5H8Ly9E"
      }
    },
    {
      "type": "Feature",
      "id": "rec4sYLJqdfnVwniF",
      "geometry": {
        "type": "Point",
        "coordinates": [
          60.626298,
          56.764626
        ]
      },
      "properties": {
        "skladsizo_food_ordering_available": false,
        "skladsizo_payment_available": true,
        "skladsizo_product_delivery_available": false,
        "zt_is_maintenance": false,
        "fsinzak_id": "https://fsinzak-money.ru/catalog/sverdlovskaya-oblast/sizo-5-g-ekaterinburg/",
        "promservice_id": "promservice-122",
        "fsinpress_id": "fsinpress-Свердловская область-СИЗО-5",
        "region_iso": "RU-SVE",
        "name": "ФКУ СИЗО-5 УФСИН России по Свердловской области",
        "ovdInfo_ovdInfo_location_id": "rec4sYLJqdfnVwniF"
      }
    },
    {
      "type": "Feature",
      "id": "recjF2OAOOKQc0V4F",
      "geometry": {
        "type": "Point",
        "coordinates": [
          45.207431,
          48.729509
        ]
      },
      "properties": {
        "skladsizo_food_ordering_available": false,
        "skladsizo_payment_available": true,
        "skladsizo_product_delivery_available": false,
        "zt_is_maintenance": false,
        "fsinzak_id": "https://fsinzak-money.ru/catalog/volgogradskaya-oblast/sizo-5-g-leninsk/",
        "fsinpress_id": "fsinpress-Волгоградская область-СИЗО-5",
        "region_iso": "RU-VGG",
        "name": "ФКУ СИЗО-5 УФСИН России по Волгоградской области",
        "ovdInfo_ovdInfo_location_id": "recjF2OAOOKQc0V4F"
      }
    },
    {
      "type": "Feature",
      "id": "recgUwWhwRritMPDv",
      "geometry": {
        "type": "Point",
        "coordinates": [
          37.498462,
          55.83447
        ]
      },
      "properties": {
        "f_okno_f_okno_peredacha_available": true,
        "f_okno_f_okno_svidaniye_available": false,
        "zt_is_maintenance": false,
        "f_pismo_source_f_pismo_allowSending": "true",
        "fsinzak_id": "https://fsinzak-money.ru/catalog/moskva/sizo-5-vodnik/",
        "rodnayasvyaz_mail_connected": true,
        "fsinpress_id": "fsinpress-Москва-СИЗО-5",
        "prisonmail_key": "SIZO5Vodnik",
        "sidim_connected": true,
        "region_iso": "RU-MOW",
        "name": "ФКУ СИЗО-5 УФСИН России по Москве",
        "ovdInfo_ovdInfo_location_id": "recgUwWhwRritMPDv"
      }
    },
    {
      "type": "Feature",
      "id": "rec4OGv912bfhV3kw",
      "geometry": {
        "type": "Point",
        "coordinates": [
          30.372595,
          59.961246
        ]
      },
      "properties": {
        "f_pismo_source_f_pismo_allowSending": "true",
        "fsinzak_id": "https://fsinzak-money.ru/catalog/sankt-peterburg/sizo-5-arsenalka/",
        "fsinpress_id": "fsinpress-Ленинградская область-СИЗО-5",
        "prisonmail_key": "SIZO5Arsenalka",
        "region_iso": "RU-LEN",
        "name": "ФКУ СИЗО-5 УФСИН России по Санкт-Петербургу и Ленинградской области",
        "ovdInfo_ovdInfo_location_id": "rec4OGv912bfhV3kw"
      }
    },
    {
      "type": "Feature",
      "id": "recY21wFGmGuXrFL6",
      "geometry": {
        "type": "Point",
        "coordinates": [
          38.150282,
          54.832506
        ]
      },
      "properties": {
        "zt_is_maintenance": false,
        "f_pismo_source_f_pismo_allowSending": "true",
        "fsinzak_id": "https://fsinzak-money.ru/catalog/moskovskaya-oblast/sizo-5-g-kashira/",
        "fsinpress_id": "fsinpress-Московская область-СИЗО-5",
        "prisonmail_key": "SIZO5Kashira",
        "sidim_connected": true,
        "region_iso": "RU-MOS",
        "name": "ФКУ СИЗО-5 УФСИН России по Московской области",
        "ovdInfo_ovdInfo_location_id": "recY21wFGmGuXrFL6"
      }
    },
    {
      "type": "Feature",
      "id": "recebdSiMgUPM0NZp",
      "geometry": {
        "type": "Point",
        "coordinates": [
          50.652919,
          55.364992
        ]
      },
      "properties": {
        "skladsizo_food_ordering_available": false,
        "skladsizo_payment_available": true,
        "skladsizo_product_delivery_available": false,
        "zt_is_maintenance": false,
        "fsinzak_id": "https://fsinzak-money.ru/catalog/resp-tatarstan/sizo-5-g-chistopol/",
        "fsinpress_id": "fsinpress-Республика Татарстан-СИЗО-5",
        "region_iso": "RU-TA",
        "name": "ФКУ СИЗО-5 УФСИН России по Республике Татарстан",
        "ovdInfo_ovdInfo_location_id": "recebdSiMgUPM0NZp"
      }
    },
    {
      "type": "Feature",
      "id": "recRtYASbEol1pafT",
      "geometry": {
        "type": "Point",
        "coordinates": [
          38.971362,
          45.020027
        ]
      },
      "properties": {
        "zt_is_maintenance": false,
        "fsinzak_id": "https://fsinzak-money.ru/catalog/krasnodarskiy-kray/sizo-5-fsin-rossii-g-krasnodar/",
        "fsinpress_id": "fsinpress-Краснодарский край-СИЗО-5",
        "region_iso": "RU-KDA",
        "name": "ФКУ СИЗО-5 ФСИН",
        "ovdInfo_ovdInfo_location_id": "recRtYASbEol1pafT"
      }
    },
    {
      "type": "Feature",
      "id": "recRiuDvuHExYQ6u9",
      "geometry": {
        "type": "Point",
        "coordinates": [
          103.948871,
          52.560135
        ]
      },
      "properties": {
        "skladsizo_food_ordering_available": false,
        "skladsizo_payment_available": true,
        "skladsizo_product_delivery_available": false,
        "zt_is_maintenance": false,
        "f_pismo_source_f_pismo_allowSending": "true",
        "fsinzak_id": "https://fsinzak-money.ru/catalog/irkutskaya-oblast/sizo-6-g-angarsk/",
        "fsinpress_id": "fsinpress-Иркутская область-СИЗО-6",
        "ariadna_normalized_ariadna_name": "ФКУ СИЗО-6",
        "prisonmail_key": "SIZO6Angarsk",
        "region_iso": "RU-IRK",
        "name": "ФКУ СИЗО-6 УФСИН России по Иркутской области",
        "ovdInfo_ovdInfo_location_id": "recRiuDvuHExYQ6u9"
      }
    },
    {
      "type": "Feature",
      "id": "recRtXB4jJJy3LgOi",
      "geometry": {
        "type": "Point",
        "coordinates": [
          93.35716,
          56.150128
        ]
      },
      "properties": {
        "zt_is_maintenance": false,
        "f_pismo_source_f_pismo_allowSending": "true",
        "fsinzak_id": "https://fsinzak-money.ru/catalog/krasnoyarskiy-kray/sizo-6-g-sosnovoborsk/",
        "prisonmail_key": "SIZO6Sosnovoborsk",
        "region_iso": "RU-KYA",
        "name": "ФКУ СИЗО-6 УФСИН России по Красноярскому краю",
        "ovdInfo_ovdInfo_location_id": "recRtXB4jJJy3LgOi"
      }
    },
    {
      "type": "Feature",
      "id": "recLb2eRmtR9JV99s",
      "geometry": {
        "type": "Point",
        "coordinates": [
          56.083207,
          57.876031
        ]
      },
      "properties": {
        "skladsizo_food_ordering_available": false,
        "skladsizo_payment_available": true,
        "skladsizo_product_delivery_available": false,
        "zt_is_maintenance": false,
        "fsinzak_id": "https://fsinzak-money.ru/catalog/permskiy-kray/sizo-6-s-gamovo/",
        "rodnayasvyaz_mail_connected": true,
        "rodnayasvyaz_phone_video_connected": true,
        "promservice_id": "promservice-94",
        "fsinpress_id": "fsinpress-Пермский край-СИЗО-6",
        "region_iso": "RU-PER",
        "name": "ФКУ СИЗО-6 УФСИН России по Пермскому краю",
        "ovdInfo_ovdInfo_location_id": "recLb2eRmtR9JV99s"
      }
    },
    {
      "type": "Feature",
      "id": "rec4aPak7N9ZxMcZT",
      "geometry": {
        "type": "Point",
        "coordinates": [
          60.041007,
          57.435001
        ]
      },
      "properties": {
        "skladsizo_food_ordering_available": false,
        "skladsizo_payment_available": true,
        "skladsizo_product_delivery_available": false,
        "zt_is_maintenance": false,
        "fsinzak_id": "https://fsinzak-money.ru/catalog/sverdlovskaya-oblast/sizo-6-g-kirovgrad/",
        "promservice_id": "promservice-123",
        "fsinpress_id": "fsinpress-Свердловская область-СИЗО-6",
        "region_iso": "RU-SVE",
        "name": "ФКУ СИЗО-6 УФСИН России по Свердловской области",
        "ovdInfo_ovdInfo_location_id": "rec4aPak7N9ZxMcZT"
      }
    },
    {
      "type": "Feature",
      "id": "recMoDDOB3QwXVpby",
      "geometry": {
        "type": "Point",
        "coordinates": [
          37.71891,
          55.665455
        ]
      },
      "properties": {
        "f_okno_f_okno_peredacha_available": true,
        "f_okno_f_okno_svidaniye_available": false,
        "zt_is_maintenance": false,
        "f_pismo_source_f_pismo_allowSending": "true",
        "rodnayasvyaz_mail_connected": true,
        "fsinpress_id": "fsinpress-Москва-СИЗО-6",
        "prisonmail_key": "SIZO6Pechatniki",
        "sidim_connected": true,
        "region_iso": "RU-MOW",
        "name": "ФКУ СИЗО-6 УФСИН России по Москве",
        "ovdInfo_ovdInfo_location_id": "recMoDDOB3QwXVpby"
      }
    },
    {
      "type": "Feature",
      "id": "recWuphGlorYoFvRa",
      "geometry": {
        "type": "Point",
        "coordinates": [
          30.163669,
          59.76808
        ]
      },
      "properties": {
        "skladsizo_food_ordering_available": false,
        "skladsizo_payment_available": true,
        "skladsizo_product_delivery_available": false,
        "f_pismo_source_f_pismo_allowSending": "true",
        "fsinzak_id": "https://fsinzak-money.ru/catalog/sankt-peterburg/sizo-6-gorelovo/",
        "promservice_id": "promservice-375",
        "fsinpress_id": "fsinpress-Ленинградская область-СИЗО-6",
        "region_iso": "RU-LEN",
        "name": "ФКУ СИЗО-6 УФСИН России по Санкт-Петербургу и Ленинградской области",
        "ovdInfo_ovdInfo_location_id": "recWuphGlorYoFvRa"
      }
    },
    {
      "type": "Feature",
      "id": "reckxUcRKn3Rtk8wd",
      "geometry": {
        "type": "Point",
        "coordinates": [
          38.748436,
          55.102928
        ]
      },
      "properties": {
        "f_okno_f_okno_peredacha_available": true,
        "f_okno_f_okno_svidaniye_available": false,
        "zt_is_maintenance": false,
        "f_pismo_source_f_pismo_allowSending": "true",
        "fsinzak_id": "https://fsinzak-money.ru/catalog/moskovskaya-oblast/sizo-6-g-kolomna/",
        "fsinpress_id": "fsinpress-Московская область-СИЗО-6",
        "prisonmail_key": "SIZO6Kolomna",
        "sidim_connected": true,
        "region_iso": "RU-MOS",
        "name": "ФКУ СИЗО-6 УФСИН России по Московской области",
        "ovdInfo_ovdInfo_location_id": "reckxUcRKn3Rtk8wd"
      }
    },
    {
      "type": "Feature",
      "id": "recFCGmN75fWbI6fe",
      "geometry": {
        "type": "Point",
        "coordinates": [
          44.682153,
          43.024018
        ]
      },
      "properties": {
        "zt_is_maintenance": false,
        "fsinzak_id": "https://fsinzak-money.ru/catalog/resp-severnaya-o-alaniya/sizo-6-fsin-rossii-g-vladikavkaz/",
        "fsinpress_id": "fsinpress-Республика Северная Осетия-СИЗО-6",
        "region_iso": "RU-SE",
        "name": "ФКУ СИЗО-6 ФСИН",
        "ovdInfo_ovdInfo_location_id": "recFCGmN75fWbI6fe"
      }
    },
    {
      "type": "Feature",
      "id": "rec7bd6K8YX1gUklX",
      "geometry": {
        "type": "Point",
        "coordinates": [
          37.803687,
          55.660848
        ]
      },
      "properties": {
        "f_okno_f_okno_peredacha_available": true,
        "f_okno_f_okno_svidaniye_available": false,
        "zt_is_maintenance": false,
        "f_pismo_source_f_pismo_allowSending": "true",
        "fsinzak_id": "https://fsinzak-money.ru/catalog/moskva/sizo-7-kapotnya/",
        "fsinpress_id": "fsinpress-Москва-СИЗО-7",
        "prisonmail_key": "SIZO7Kapotnja",
        "sidim_connected": true,
        "region_iso": "RU-MOW",
        "name": "ФКУ СИЗО-7 УФСИН России по Москве",
        "ovdInfo_ovdInfo_location_id": "rec7bd6K8YX1gUklX"
      }
    },
    {
      "type": "Feature",
      "id": "recY9cxA99vAJTaL6",
      "geometry": {
        "type": "Point",
        "coordinates": [
          39.031747,
          55.383283
        ]
      },
      "properties": {
        "zt_is_maintenance": true,
        "f_pismo_source_f_pismo_allowSending": "false",
        "fsinzak_id": "https://fsinzak-money.ru/catalog/moskovskaya-oblast/sizo-7-g-egorevsk/",
        "fsinpress_id": "fsinpress-Московская область-СИЗО-7",
        "region_iso": "RU-MOS",
        "name": "ФКУ СИЗО-7 УФСИН России по Московской области",
        "ovdInfo_ovdInfo_location_id": "recY9cxA99vAJTaL6"
      }
    },
    {
      "type": "Feature",
      "id": "recvsBTbWwxPNxn5S",
      "geometry": {
        "type": "Point",
        "coordinates": [
          61.395518,
          55.163086
        ]
      },
      "properties": {
        "region_iso": "RU-CHE",
        "name": "ФКУ СИЗО-7 ФСИН России по Челябинской области",
        "ovdInfo_ovdInfo_location_id": "recvsBTbWwxPNxn5S"
      }
    },
    {
      "type": "Feature",
      "id": "recNRRXKrYZIPDaGR",
      "geometry": {
        "type": "Point",
        "coordinates": [
          38.129447,
          56.299375
        ]
      },
      "properties": {
        "zt_is_maintenance": false,
        "f_pismo_source_f_pismo_allowSending": "true",
        "fsinzak_id": "https://fsinzak-money.ru/catalog/moskovskaya-oblast/sizo-8-g-sergiev-posad/",
        "fsinpress_id": "fsinpress-Московская область-СИЗО-8",
        "prisonmail_key": "SIZO8SergievPosad",
        "region_iso": "RU-MOS",
        "name": "ФКУ СИЗО-8 УФСИН России по Московской области",
        "ovdInfo_ovdInfo_location_id": "recNRRXKrYZIPDaGR"
      }
    },
    {
      "type": "Feature",
      "id": "recTVwkrn49gX5eXm",
      "geometry": {
        "type": "Point",
        "coordinates": [
          36.066989,
          55.506472
        ]
      },
      "properties": {
        "zt_is_maintenance": false,
        "f_pismo_source_f_pismo_allowSending": "true",
        "fsinzak_id": "https://fsinzak-money.ru/catalog/moskovskaya-oblast/sizo-10-g-mozhaysk/",
        "fsinpress_id": "fsinpress-Московская область-СИЗО-10",
        "prisonmail_key": "SIZO10Mozhajsk",
        "sidim_connected": true,
        "region_iso": "RU-MOS",
        "name": "ФКУ СИЗО-10 УФСИН России по Московской области",
        "ovdInfo_ovdInfo_location_id": "recTVwkrn49gX5eXm"
      }
    },
    {
      "type": "Feature",
      "id": "recRwNrZqWF6tKDQV",
      "geometry": {
        "type": "Point",
        "coordinates": [
          38.474357,
          55.863319
        ]
      },
      "properties": {
        "f_okno_f_okno_peredacha_available": true,
        "f_okno_f_okno_svidaniye_available": false,
        "zt_is_maintenance": false,
        "f_pismo_source_f_pismo_allowSending": "true",
        "fsinzak_id": "https://fsinzak-money.ru/catalog/moskovskaya-oblast/sizo-11-g-noginsk/",
        "fsinpress_id": "fsinpress-Московская область-СИЗО-11",
        "prisonmail_key": "SIZO11Noginsk",
        "sidim_connected": true,
        "region_iso": "RU-MOS",
        "name": "ФКУ СИЗО-11 УФСИН России по Московской области",
        "ovdInfo_ovdInfo_location_id": "recRwNrZqWF6tKDQV"
      }
    },
    {
      "type": "Feature",
      "id": "recyKXNOxP8GEkS91",
      "geometry": {
        "type": "Point",
        "coordinates": [
          37.168808,
          55.985978
        ]
      },
      "properties": {
        "f_okno_f_okno_peredacha_available": true,
        "f_okno_f_okno_svidaniye_available": false,
        "zt_is_maintenance": false,
        "f_pismo_source_f_pismo_allowSending": "true",
        "fsinpress_id": "fsinpress-Москва-СИЗО-12",
        "sidim_connected": true,
        "region_iso": "RU-MOW",
        "name": "ФКУ СИЗО-12 УФСИН России по Москве",
        "ovdInfo_ovdInfo_location_id": "recyKXNOxP8GEkS91"
      }
    },
    {
      "type": "Feature",
      "id": "recRgtrTi5GQjPBA2",
      "geometry": {
        "type": "Point",
        "coordinates": [
          20.312492,
          54.800119
        ]
      },
      "properties": {
        "region_iso": "RU-KGD",
        "name": "ИК-4 УФСИН России по Калининградской области",
        "ovdInfo_ovdInfo_location_id": "recRgtrTi5GQjPBA2"
      }
    },
    {
      "type": "Feature",
      "id": "recgKyiW2kLRlhVPb",
      "geometry": {
        "type": "Point",
        "coordinates": [
          38.748436,
          55.102928
        ]
      },
      "properties": {
        "region_iso": "RU-MOS",
        "name": "ПФРСИ при ИК-6 УФСИН России по Московской области",
        "ovdInfo_ovdInfo_location_id": "recgKyiW2kLRlhVPb"
      }
    },
    {
      "type": "Feature",
      "id": "recsP2YFosYhbdVrO",
      "geometry": {
        "type": "Point",
        "coordinates": [
          34.45187,
          61.724154
        ]
      },
      "properties": {
        "region_iso": "RU-KR",
        "name": "ПФРСИ при ФКУ ИК-9 УФСИН России по Республике Карелия",
        "ovdInfo_ovdInfo_location_id": "recsP2YFosYhbdVrO"
      }
    },
    {
      "type": "Feature",
      "id": "rec3zLbYSYjoLgYwJ",
      "geometry": {
        "type": "Point",
        "coordinates": [
          50.103332,
          53.131131
        ]
      },
      "properties": {
        "region_iso": "RU-SAM",
        "name": "ПФРСИ при ФКУ ИК-15 УФСИН России по Самарской области ",
        "ovdInfo_ovdInfo_location_id": "rec3zLbYSYjoLgYwJ"
      }
    },
    {
      "type": "Feature",
      "id": "recrn2U80SqKEi3cZ",
      "geometry": {
        "type": "Point",
        "coordinates": [
          91.35863,
          53.730591
        ]
      },
      "properties": {
        "skladsizo_food_ordering_available": false,
        "skladsizo_payment_available": true,
        "skladsizo_product_delivery_available": false,
        "fsinpress_id": "fsinpress-Республика Хакасия-СИЗО-2",
        "region_iso": "RU-KK",
        "name": "ФКУ СИЗО-2 УФСИН России по Республике Хакасия",
        "ovdInfo_ovdInfo_location_id": "recrn2U80SqKEi3cZ"
      }
    },
    {
      "type": "Feature",
      "id": "recVjoU3aU5DWs0Y8",
      "geometry": {
        "type": "Point",
        "coordinates": [
          37.645158,
          56.195528
        ]
      },
      "properties": {
        "region_iso": "RU-MOS",
        "name": "ПФРСИ при ФКУ ИК-1 УФСИН России по Московской области",
        "ovdInfo_ovdInfo_location_id": "recVjoU3aU5DWs0Y8"
      }
    },
    {
      "type": "Feature",
      "id": "rec2xfi9TIVuU66lT",
      "geometry": {
        "type": "Point",
        "coordinates": [
          96.712933,
          62.917018
        ]
      },
      "properties": {
        "name": "ИВС МВД России по Бахчисарайскому району",
        "ovdInfo_ovdInfo_location_id": "rec2xfi9TIVuU66lT"
      }
    },
    {
      "type": "Feature",
      "id": "rec6zexoqDbxYkboa",
      "geometry": {
        "type": "Point",
        "coordinates": [
          60.015296,
          57.901071
        ]
      },
      "properties": {
        "region_iso": "RU-SVE",
        "name": "ПФРСИ при ФКУ ИК-13 УФСИН России по Свердловской области",
        "ovdInfo_ovdInfo_location_id": "rec6zexoqDbxYkboa"
      }
    },
    {
      "type": "Feature",
      "id": "recy877kJ2SwcgPZ7",
      "geometry": {
        "type": "Point",
        "coordinates": [
          96.712933,
          62.917018
        ]
      },
      "properties": {
        "name": "ФКУ СИЗО-1 УФСИН России по Донецкой Народной Республике",
        "ovdInfo_ovdInfo_location_id": "recy877kJ2SwcgPZ7"
      }
    },
    {
      "type": "Feature",
      "id": "rec2lV4LlkmKLq88K",
      "geometry": {
        "type": "Point",
        "coordinates": [
          96.712933,
          62.917018
        ]
      },
      "properties": {
        "name": "ФКУ СИЗО-1 УФСИН России по Херсонской области",
        "ovdInfo_ovdInfo_location_id": "rec2lV4LlkmKLq88K"
      }
    },
    {
      "type": "Feature",
      "id": "recbwDmYOdkL9Rrbg",
      "geometry": {
        "type": "Point",
        "coordinates": [
          39.528084,
          44.409407
        ]
      },
      "properties": {
        "region_iso": "RU-KDA",
        "name": "ПФРСИ при ИК-9 УФСИН России по Краснодарскому краю",
        "ovdInfo_ovdInfo_location_id": "recbwDmYOdkL9Rrbg"
      }
    },
    {
      "type": "Feature",
      "id": "recc1YSgv0FnkrbKF",
      "geometry": {
        "type": "Point",
        "coordinates": [
          49.105394,
          55.748483
        ]
      },
      "properties": {
        "region_iso": "RU-TA",
        "name": "ПФРСИ при ФКУ ИК-19 УФСИН России по Республике Татарстан",
        "ovdInfo_ovdInfo_location_id": "recc1YSgv0FnkrbKF"
      }
    },
    {
      "type": "Feature",
      "id": "recK8krV9taSJEVxC",
      "geometry": {
        "type": "Point",
        "coordinates": [
          44.558948,
          48.837323
        ]
      },
      "properties": {
        "region_iso": "RU-VGG",
        "name": "ПФРСИ при ИК-9 УФСИН России по Волгоградской области",
        "ovdInfo_ovdInfo_location_id": "recK8krV9taSJEVxC"
      }
    },
    {
      "type": "Feature",
      "id": "recYVcmifDyXjuGCx",
      "geometry": {
        "type": "Point",
        "coordinates": [
          38.324395,
          53.91959
        ]
      },
      "properties": {
        "region_iso": "RU-TUL",
        "name": "ПФРСИ при ИК-5 УФСИН России по Тульской области",
        "ovdInfo_ovdInfo_location_id": "recYVcmifDyXjuGCx"
      }
    },
    {
      "type": "Feature",
      "id": "rec7EO3e5ZFwvQW4h",
      "geometry": {
        "type": "Point",
        "coordinates": [
          92.1545,
          58.447431
        ]
      },
      "properties": {
        "ariadna_normalized_ariadna_name": "ФКУ ТЮРЬМА-2",
        "region_iso": "RU-KYA",
        "name": "ПФРСИ при ФКУ Т-2 ГУФСИН России по Красноярскому краю ",
        "ovdInfo_ovdInfo_location_id": "rec7EO3e5ZFwvQW4h"
      }
    },
    {
      "type": "Feature",
      "id": "rec2QVbfFbSSTmIYd",
      "geometry": {
        "type": "Point",
        "coordinates": [
          96.712933,
          62.917018
        ]
      },
      "properties": {
        "region_iso": "RU-MOW",
        "name": "Спецприемник-2 МВД России по Москве",
        "ovdInfo_ovdInfo_location_id": "rec2QVbfFbSSTmIYd"
      }
    },
    {
      "type": "Feature",
      "id": "recww7C19tvMrvO45",
      "geometry": {
        "type": "Point",
        "coordinates": [
          96.712933,
          62.917018
        ]
      },
      "properties": {
        "region_iso": "RU-MOW",
        "name": "Центр временного содержания иностранных граждан (Сахарово)",
        "ovdInfo_ovdInfo_location_id": "recww7C19tvMrvO45"
      }
    },
    {
      "type": "Feature",
      "id": "recpS2omZk1kQxZXx",
      "geometry": {
        "type": "Point",
        "coordinates": [
          96.712933,
          62.917018
        ]
      },
      "properties": {
        "ariadna_normalized_ariadna_name": "ФКУ ИК-9 УФСИН",
        "region_iso": "RU-KGD",
        "name": "Спецприемник МВД России по Калининградской области",
        "ovdInfo_ovdInfo_location_id": "recpS2omZk1kQxZXx"
      }
    },
    {
      "type": "Feature",
      "id": "rechpB92nDtf0HsqQ",
      "geometry": {
        "type": "Point",
        "coordinates": [
          83.037275,
          54.983586
        ]
      },
      "properties": {
        "skladsizo_food_ordering_available": false,
        "skladsizo_payment_available": true,
        "skladsizo_product_delivery_available": false,
        "zt_is_maintenance": false,
        "fsinzak_id": "https://fsinzak-money.ru/catalog/novosibirskaya-oblast/ik-18-g-novosibirsk/",
        "fsinpress_id": "fsinpress-Новосибирская область-ИК-18",
        "region_iso": "RU-NVS",
        "name": "ФКУ ИК-18 УФСИН России по Новосибирской области",
        "ovdInfo_ovdInfo_location_id": "rechpB92nDtf0HsqQ"
      }
    },
    {
      "type": "Feature",
      "id": "recOY5mEWykw4izzv",
      "geometry": {
        "type": "Point",
        "coordinates": [
          56.995482,
          57.365816
        ]
      },
      "properties": {
        "skladsizo_food_ordering_available": false,
        "skladsizo_payment_available": true,
        "skladsizo_product_delivery_available": false,
        "fsinzak_id": "https://fsinzak-money.ru/catalog/permskiy-kray/ik-18-p-dalniy/",
        "promservice_id": "promservice-96",
        "fsinpress_id": "fsinpress-Пермский край-ИК-18",
        "region_iso": "RU-PER",
        "name": "ФКУ ИК-18 УФСИН России по Пермскому краю",
        "ovdInfo_ovdInfo_location_id": "recOY5mEWykw4izzv"
      }
    },
    {
      "type": "Feature",
      "id": "reccqbJHoS5ckrLsn",
      "geometry": {
        "type": "Point",
        "coordinates": [
          59.064066,
          53.373227
        ]
      },
      "properties": {
        "skladsizo_food_ordering_available": false,
        "skladsizo_payment_available": true,
        "skladsizo_product_delivery_available": false,
        "zt_is_maintenance": false,
        "fsinzak_id": "https://fsinzak-money.ru/catalog/chelyabinskaya-oblast/ik-18-g-magnitogorsk/",
        "rodnayasvyaz_mail_connected": true,
        "rodnayasvyaz_phone_video_connected": true,
        "promservice_id": "promservice-381",
        "fsinpress_id": "fsinpress-Челябинская область-ИК-18",
        "region_iso": "RU-CHE",
        "name": "ФКУ ИК-18 УФСИН России по Челябинской области",
        "ovdInfo_ovdInfo_location_id": "reccqbJHoS5ckrLsn"
      }
    },
    {
      "type": "Feature",
      "id": "rec2lflsN1Scw6Yy5",
      "geometry": {
        "type": "Point",
        "coordinates": [
          32.780381,
          68.808734
        ]
      },
      "properties": {
        "f_okno_f_okno_peredacha_available": true,
        "f_okno_f_okno_svidaniye_available": true,
        "skladsizo_food_ordering_available": false,
        "skladsizo_payment_available": true,
        "skladsizo_product_delivery_available": false,
        "zt_is_maintenance": false,
        "f_pismo_source_f_pismo_allowSending": "true",
        "fsinzak_id": "https://fsinzak-money.ru/catalog/murmanskaya-oblast/ik-18-p-murmashi/",
        "fsinpress_id": "fsinpress-Мурманская область-ИК-18",
        "prisonmail_key": "IK18Murmashi",
        "AO_name": "Мурманское ФКУ ИК-18",
        "region_iso": "RU-MUR",
        "name": "ФКУ ИК-18 УФСИН России по Мурманской области",
        "ovdInfo_ovdInfo_location_id": "rec2lflsN1Scw6Yy5"
      }
    },
    {
      "type": "Feature",
      "id": "recdVzIIjhWGFjt5e",
      "geometry": {
        "type": "Point",
        "coordinates": [
          42.907786,
          54.122236
        ]
      },
      "properties": {
        "skladsizo_food_ordering_available": false,
        "skladsizo_payment_available": true,
        "skladsizo_product_delivery_available": false,
        "zt_is_maintenance": false,
        "fsinzak_id": "https://fsinzak-money.ru/catalog/resp-mordoviya/ik-18-p-potma/",
        "rodnayasvyaz_mail_connected": true,
        "rodnayasvyaz_phone_video_connected": true,
        "promservice_id": "promservice-180",
        "fsinpress_id": "fsinpress-Республика Мордовия-ИК-18",
        "region_iso": "RU-MO",
        "name": "ФКУ ИК-18 УФСИН России по республике Мордовия",
        "ovdInfo_ovdInfo_location_id": "recdVzIIjhWGFjt5e"
      }
    },
    {
      "type": "Feature",
      "id": "recg9D55YZXgbi0zG",
      "geometry": {
        "type": "Point",
        "coordinates": [
          104.195162,
          52.238705
        ]
      },
      "properties": {
        "skladsizo_food_ordering_available": false,
        "skladsizo_payment_available": true,
        "skladsizo_product_delivery_available": false,
        "zt_is_maintenance": false,
        "fsinzak_id": "https://fsinzak-money.ru/catalog/irkutskaya-oblast/ik-19-p-markovo/",
        "fsinpress_id": "fsinpress-Иркутская область-ИК-19",
        "region_iso": "RU-IRK",
        "name": "ФКУ ИК-19 УФСИН России по Иркутской области",
        "ovdInfo_ovdInfo_location_id": "recg9D55YZXgbi0zG"
      }
    },
    {
      "type": "Feature",
      "id": "recV4c4YCitZLfqbk",
      "geometry": {
        "type": "Point",
        "coordinates": [
          53.75002,
          63.595329
        ]
      },
      "properties": {
        "skladsizo_food_ordering_available": false,
        "skladsizo_payment_available": true,
        "skladsizo_product_delivery_available": false,
        "zt_is_maintenance": false,
        "fsinzak_id": "https://fsinzak-money.ru/catalog/resp-komi/ik-19-g-uhta/",
        "rodnayasvyaz_phone_video_connected": true,
        "fsinpress_id": "fsinpress-Республика Коми-ИК-19",
        "AO_name": "Коми ФКУ ИК-19",
        "region_iso": "RU-KO",
        "name": "ФКУ ИК-19 УФСИН России по Республике Коми",
        "ovdInfo_ovdInfo_location_id": "recV4c4YCitZLfqbk"
      }
    },
    {
      "type": "Feature",
      "id": "recgZTgxtS9kyO5mK",
      "geometry": {
        "type": "Point",
        "coordinates": [
          49.105394,
          55.748483
        ]
      },
      "properties": {
        "skladsizo_food_ordering_available": false,
        "skladsizo_payment_available": true,
        "skladsizo_product_delivery_available": false,
        "zt_is_maintenance": false,
        "fsinzak_id": "https://fsinzak-money.ru/catalog/resp-tatarstan/ik-19-g-kazan/",
        "rodnayasvyaz_mail_connected": true,
        "fsinpress_id": "fsinpress-Республика Татарстан-ИК-19",
        "ariadna_normalized_ariadna_name": "ФКУ ИК-19",
        "region_iso": "RU-TA",
        "name": "ФКУ ИК-19 УФСИН России по Республике Татарстан",
        "ovdInfo_ovdInfo_location_id": "recgZTgxtS9kyO5mK"
      }
    },
    {
      "type": "Feature",
      "id": "recELRtRxc3kq5uLr",
      "geometry": {
        "type": "Point",
        "coordinates": [
          44.426753,
          55.040083
        ]
      },
      "properties": {
        "skladsizo_food_ordering_available": false,
        "skladsizo_payment_available": true,
        "skladsizo_product_delivery_available": false,
        "zt_is_maintenance": false,
        "fsinzak_id": "https://fsinzak-money.ru/catalog/nizhegorodskaya-oblast/ik-20-g-lukoyanov/",
        "rodnayasvyaz_mail_connected": true,
        "promservice_id": "promservice-298",
        "fsinpress_id": "fsinpress-Нижегородская область-ИК-20",
        "region_iso": "RU-NIZ",
        "name": "ФКУ ИК-20 УФСИН России по Нижегородской области",
        "ovdInfo_ovdInfo_location_id": "recELRtRxc3kq5uLr"
      }
    },
    {
      "type": "Feature",
      "id": "recLhRBdTVhPPNnL6",
      "geometry": {
        "type": "Point",
        "coordinates": [
          36.454927,
          58.840834
        ]
      },
      "properties": {
        "skladsizo_food_ordering_available": false,
        "skladsizo_payment_available": true,
        "skladsizo_product_delivery_available": false,
        "zt_is_maintenance": false,
        "fsinzak_id": "https://fsinzak-money.ru/catalog/vologodskaya-oblast/ik-20-g-ustyuzhna/",
        "rodnayasvyaz_mail_connected": true,
        "rodnayasvyaz_phone_video_connected": true,
        "promservice_id": "promservice-260",
        "fsinpress_id": "fsinpress-Вологодская область-ИК-20",
        "region_iso": "RU-VLG",
        "name": "ФКУ ИК-20 УФСИН России по Вологодской области",
        "ovdInfo_ovdInfo_location_id": "recLhRBdTVhPPNnL6"
      }
    },
    {
      "type": "Feature",
      "id": "recGJ3ypwwf1MwJiA",
      "geometry": {
        "type": "Point",
        "coordinates": [
          39.803075,
          62.596561
        ]
      },
      "properties": {
        "zt_is_maintenance": false,
        "fsinzak_id": "https://fsinzak-money.ru/catalog/arhangelskaya-oblast/ik-21-p-iksa/",
        "fsinpress_id": "fsinpress-Архангельская область-ИК-21",
        "AO_name": "Архангельское ФКУ ИК-21",
        "region_iso": "RU-ARK",
        "name": "ФКУ ИК-21 УФСИН России по Архангельской области",
        "ovdInfo_ovdInfo_location_id": "recGJ3ypwwf1MwJiA"
      }
    },
    {
      "type": "Feature",
      "id": "rec0qLDyJBq1o8P20",
      "geometry": {
        "type": "Point",
        "coordinates": [
          85.914088,
          55.429256
        ]
      },
      "properties": {
        "skladsizo_food_ordering_available": false,
        "skladsizo_payment_available": true,
        "skladsizo_product_delivery_available": false,
        "fsinzak_id": "https://fsinzak-money.ru/catalog/kemerovskaya-oblast/ik-22-p-mozzhuha/",
        "promservice_id": "promservice-55",
        "fsinpress_id": "fsinpress-Кемеровская область-ИК-22",
        "region_iso": "RU-KEM",
        "name": "ФКУ ИК-22 УФСИН России по Кемеровской области",
        "ovdInfo_ovdInfo_location_id": "rec0qLDyJBq1o8P20"
      }
    },
    {
      "type": "Feature",
      "id": "reckMVR9wfx1JavgU",
      "geometry": {
        "type": "Point",
        "coordinates": [
          92.872619,
          55.975701
        ]
      },
      "properties": {
        "skladsizo_food_ordering_available": false,
        "skladsizo_payment_available": true,
        "skladsizo_product_delivery_available": false,
        "zt_is_maintenance": false,
        "fsinzak_id": "https://fsinzak-money.ru/catalog/krasnoyarskiy-kray/ik-22-g-krasnoyarsk/",
        "fsinpress_id": "fsinpress-Красноярский край-ИК-22",
        "ariadna_normalized_ariadna_name": "ФКУ ИК-22",
        "region_iso": "RU-KYA",
        "name": "ФКУ ИК-22 УФСИН России по Красноярскому краю",
        "ovdInfo_ovdInfo_location_id": "reckMVR9wfx1JavgU"
      }
    },
    {
      "type": "Feature",
      "id": "recOLK5WJwHDM2Hme",
      "geometry": {
        "type": "Point",
        "coordinates": [
          96.712933,
          62.917018
        ]
      },
      "properties": {
        "skladsizo_food_ordering_available": false,
        "skladsizo_payment_available": true,
        "skladsizo_product_delivery_available": false,
        "fsinpress_id": "fsinpress-Республика Мордовия-ИК-22",
        "region_iso": "RU-MO",
        "name": "ФКУ ИК-22 УФСИН России по республике Мордовия",
        "ovdInfo_ovdInfo_location_id": "recOLK5WJwHDM2Hme"
      }
    },
    {
      "type": "Feature",
      "id": "recHsFe8vpzdi1UVa",
      "geometry": {
        "type": "Point",
        "coordinates": [
          45.473077,
          50.897728
        ]
      },
      "properties": {
        "skladsizo_food_ordering_available": false,
        "skladsizo_payment_available": true,
        "skladsizo_product_delivery_available": false,
        "zt_is_maintenance": false,
        "fsinzak_id": "https://fsinzak-money.ru/catalog/saratovskaya-oblast/ik-23-p-kamenskiy/",
        "promservice_id": "promservice-347",
        "fsinpress_id": "fsinpress-Саратовская область-ИК-23",
        "region_iso": "RU-SAR",
        "name": "ФКУ ИК-23 УФСИН России по Саратовской области",
        "ovdInfo_ovdInfo_location_id": "recHsFe8vpzdi1UVa"
      }
    },
    {
      "type": "Feature",
      "id": "reclCj8CC5tNoxR7r",
      "geometry": {
        "type": "Point",
        "coordinates": [
          65.260645,
          58.096947
        ]
      },
      "properties": {
        "skladsizo_food_ordering_available": false,
        "skladsizo_payment_available": true,
        "skladsizo_product_delivery_available": false,
        "zt_is_maintenance": false,
        "fsinzak_id": "https://fsinzak-money.ru/catalog/sverdlovskaya-oblast/ik-26-g-tavda/",
        "promservice_id": "promservice-130",
        "fsinpress_id": "fsinpress-Свердловская область-ИК-26",
        "region_iso": "RU-SVE",
        "name": "ФКУ ИК-26 УФСИН России по Свердловской области",
        "ovdInfo_ovdInfo_location_id": "reclCj8CC5tNoxR7r"
      }
    },
    {
      "type": "Feature",
      "id": "recO5pzOQCeu1DeV9",
      "geometry": {
        "type": "Point",
        "coordinates": [
          50.633465,
          53.110978
        ]
      },
      "properties": {
        "skladsizo_food_ordering_available": false,
        "skladsizo_payment_available": true,
        "skladsizo_product_delivery_available": false,
        "zt_is_maintenance": false,
        "fsinzak_id": "https://fsinzak-money.ru/catalog/samarskaya-oblast/ik-26-s-spiridonovka/",
        "promservice_id": "promservice-270",
        "fsinpress_id": "fsinpress-Самарская область-ИК-26",
        "region_iso": "RU-SAM",
        "name": "ФКУ ИК-26 УФСИН России по Самарской области",
        "ovdInfo_ovdInfo_location_id": "recO5pzOQCeu1DeV9"
      }
    },
    {
      "type": "Feature",
      "id": "recEvDL9QSeNkW3Y6",
      "geometry": {
        "type": "Point",
        "coordinates": [
          132.770934,
          42.916589
        ]
      },
      "properties": {
        "skladsizo_food_ordering_available": false,
        "skladsizo_payment_available": true,
        "skladsizo_product_delivery_available": false,
        "zt_is_maintenance": false,
        "fsinzak_id": "https://fsinzak-money.ru/catalog/primorskiy-kray/ik-27-p-volchanec/",
        "ariadna_normalized_ariadna_name": "ФКУ ИК-27 ГУФСИН",
        "region_iso": "RU-PRI",
        "name": "ФКУ ИК-27 УФСИН России по Приморскому краю",
        "ovdInfo_ovdInfo_location_id": "recEvDL9QSeNkW3Y6"
      }
    },
    {
      "type": "Feature",
      "id": "recjU4rqPtWHLtTZu",
      "geometry": {
        "type": "Point",
        "coordinates": [
          56.811191,
          59.438815
        ]
      },
      "properties": {
        "skladsizo_food_ordering_available": false,
        "skladsizo_payment_available": true,
        "skladsizo_product_delivery_available": false,
        "zt_is_maintenance": false,
        "fsinzak_id": "https://fsinzak-money.ru/catalog/permskiy-kray/ik-28-g-berezniki/",
        "rodnayasvyaz_mail_connected": true,
        "rodnayasvyaz_phone_video_connected": true,
        "promservice_id": "promservice-90",
        "fsinpress_id": "fsinpress-Пермский край-ИК-28",
        "region_iso": "RU-PER",
        "name": "ФКУ ИК-28 УФСИН России по Пермскому краю",
        "ovdInfo_ovdInfo_location_id": "recjU4rqPtWHLtTZu"
      }
    },
    {
      "type": "Feature",
      "id": "recdrMTB794BII7o1",
      "geometry": {
        "type": "Point",
        "coordinates": [
          40.081616,
          60.803168
        ]
      },
      "properties": {
        "fsinpress_id": "fsinpress-Архангельская область-ИК-28",
        "region_iso": "RU-ARK",
        "name": "ФКУ ИК-28 УФСИН России по Архангельской области",
        "ovdInfo_ovdInfo_location_id": "recdrMTB794BII7o1"
      }
    },
    {
      "type": "Feature",
      "id": "recR3J0vFTMsNZQAg",
      "geometry": {
        "type": "Point",
        "coordinates": [
          91.382362,
          53.866428
        ]
      },
      "properties": {
        "skladsizo_food_ordering_available": false,
        "skladsizo_payment_available": true,
        "skladsizo_product_delivery_available": false,
        "f_pismo_source_f_pismo_allowSending": "true",
        "fsinzak_id": "https://fsinzak-money.ru/catalog/resp-hakasiya/ik-28-pgt-ust-abakan/",
        "fsinpress_id": "fsinpress-Республика Хакасия-ИК-28",
        "prisonmail_key": "IK28UstAbakan",
        "region_iso": "RU-KK",
        "name": "ФКУ ИК-28 УФСИН России по Республике Хакасия",
        "ovdInfo_ovdInfo_location_id": "recR3J0vFTMsNZQAg"
      }
    },
    {
      "type": "Feature",
      "id": "rec0Pc0pNtS6FKI1e",
      "geometry": {
        "type": "Point",
        "coordinates": [
          50.021267,
          53.255734
        ]
      },
      "properties": {
        "skladsizo_food_ordering_available": false,
        "skladsizo_payment_available": true,
        "skladsizo_product_delivery_available": false,
        "zt_is_maintenance": false,
        "fsinzak_id": "https://fsinzak-money.ru/catalog/samarskaya-oblast/ik-28-rozhdestveno/",
        "promservice_id": "promservice-271",
        "fsinpress_id": "fsinpress-Самарская область-ИК-28",
        "region_iso": "RU-SAM",
        "name": "ФКУ ИК-28 УФСИН России по Самарской области",
        "ovdInfo_ovdInfo_location_id": "rec0Pc0pNtS6FKI1e"
      }
    },
    {
      "type": "Feature",
      "id": "recnj6LTCxhWwJcis",
      "geometry": {
        "type": "Point",
        "coordinates": [
          96.712933,
          62.917018
        ]
      },
      "properties": {
        "skladsizo_food_ordering_available": false,
        "skladsizo_payment_available": true,
        "skladsizo_product_delivery_available": false,
        "fsinzak_id": "https://fsinzak-money.ru/catalog/primorskiy-kray/ik-29-g-bolshoy-kamen/",
        "ariadna_normalized_ariadna_name": "ФКУ ИК-29 ГУФСИН",
        "region_iso": "RU-PRI",
        "name": "ФКУ ИК-29 УФСИН России по Приморскому краю",
        "ovdInfo_ovdInfo_location_id": "recnj6LTCxhWwJcis"
      }
    },
    {
      "type": "Feature",
      "id": "rec4LUN68fsMghBR1",
      "geometry": {
        "type": "Point",
        "coordinates": [
          86.04187,
          55.41591
        ]
      },
      "properties": {
        "skladsizo_food_ordering_available": false,
        "skladsizo_payment_available": true,
        "skladsizo_product_delivery_available": false,
        "zt_is_maintenance": false,
        "fsinzak_id": "https://fsinzak-money.ru/catalog/kemerovskaya-oblast/ik-29-g-kemerovo/",
        "promservice_id": "promservice-56",
        "fsinpress_id": "fsinpress-Кемеровская область-ИК-29",
        "region_iso": "RU-KEM",
        "name": "ФКУ ИК-29 УФСИН России по Кемеровской области",
        "ovdInfo_ovdInfo_location_id": "rec4LUN68fsMghBR1"
      }
    },
    {
      "type": "Feature",
      "id": "recvbPHZ2OA6hsYhb",
      "geometry": {
        "type": "Point",
        "coordinates": [
          56.351103,
          58.071645
        ]
      },
      "properties": {
        "skladsizo_food_ordering_available": false,
        "skladsizo_payment_available": true,
        "skladsizo_product_delivery_available": false,
        "zt_is_maintenance": false,
        "fsinzak_id": "https://fsinzak-money.ru/catalog/permskiy-kray/ik-29-g-perm/",
        "rodnayasvyaz_mail_connected": true,
        "rodnayasvyaz_phone_video_connected": true,
        "promservice_id": "promservice-82",
        "fsinpress_id": "fsinpress-Пермский край-ИК-29",
        "region_iso": "RU-PER",
        "name": "ФКУ ИК-29 УФСИН России по Пермскому краю",
        "ovdInfo_ovdInfo_location_id": "recvbPHZ2OA6hsYhb"
      }
    },
    {
      "type": "Feature",
      "id": "rec1fJd9XQ7ZqwAEo",
      "geometry": {
        "type": "Point",
        "coordinates": [
          49.346766,
          53.57397
        ]
      },
      "properties": {
        "skladsizo_food_ordering_available": false,
        "skladsizo_payment_available": true,
        "skladsizo_product_delivery_available": false,
        "zt_is_maintenance": false,
        "fsinzak_id": "https://fsinzak-money.ru/catalog/samarskaya-oblast/ik-29-g-tolyatti/",
        "rodnayasvyaz_mail_connected": true,
        "promservice_id": "promservice-272",
        "fsinpress_id": "fsinpress-Самарская область-ИК-29",
        "region_iso": "RU-SAM",
        "name": "ФКУ ИК-29 УФСИН России по Самарской области",
        "ovdInfo_ovdInfo_location_id": "rec1fJd9XQ7ZqwAEo"
      }
    },
    {
      "type": "Feature",
      "id": "rec5hBWjerleyEct0",
      "geometry": {
        "type": "Point",
        "coordinates": [
          133.841272,
          44.207896
        ]
      },
      "properties": {
        "skladsizo_food_ordering_available": false,
        "skladsizo_payment_available": true,
        "skladsizo_product_delivery_available": false,
        "zt_is_maintenance": false,
        "fsinzak_id": "https://fsinzak-money.ru/catalog/primorskiy-kray/ik-31-s-chuguevka/",
        "ariadna_normalized_ariadna_name": "ФКУ ИК-31 ГУФСИН",
        "region_iso": "RU-PRI",
        "name": "ФКУ ИК-31 УФСИН России по Приморскому краю",
        "ovdInfo_ovdInfo_location_id": "rec5hBWjerleyEct0"
      }
    },
    {
      "type": "Feature",
      "id": "rec9dC0PvsfppHUVf",
      "geometry": {
        "type": "Point",
        "coordinates": [
          93.043578,
          56.110174
        ]
      },
      "properties": {
        "skladsizo_food_ordering_available": false,
        "skladsizo_payment_available": true,
        "skladsizo_product_delivery_available": false,
        "zt_is_maintenance": false,
        "fsinzak_id": "https://fsinzak-money.ru/catalog/krasnoyarskiy-kray/ik-31-g-krasnoyarsk/",
        "fsinpress_id": "fsinpress-Красноярский край-ИК-31",
        "region_iso": "RU-KYA",
        "name": "ФКУ ИК-31 УФСИН России по Красноярскому краю",
        "ovdInfo_ovdInfo_location_id": "rec9dC0PvsfppHUVf"
      }
    },
    {
      "type": "Feature",
      "id": "rec1HE5LVYfveNZxM",
      "geometry": {
        "type": "Point",
        "coordinates": [
          50.063201,
          62.374449
        ]
      },
      "properties": {
        "skladsizo_food_ordering_available": false,
        "skladsizo_payment_available": true,
        "skladsizo_product_delivery_available": false,
        "zt_is_maintenance": false,
        "fsinzak_id": "https://fsinzak-money.ru/catalog/resp-komi/ik-31-g-mikun/",
        "rodnayasvyaz_phone_video_connected": true,
        "fsinpress_id": "fsinpress-Республика Коми-ИК-31",
        "AO_name": "Коми ФКУ ИК-31",
        "region_iso": "RU-KO",
        "name": "ФКУ ИК-31 УФСИН России по Республике Коми",
        "ovdInfo_ovdInfo_location_id": "rec1HE5LVYfveNZxM"
      }
    },
    {
      "type": "Feature",
      "id": "rec72J7okrFBbbRHZ",
      "geometry": {
        "type": "Point",
        "coordinates": [
          56.13941,
          58.044387
        ]
      },
      "properties": {
        "skladsizo_food_ordering_available": false,
        "skladsizo_payment_available": true,
        "skladsizo_product_delivery_available": false,
        "zt_is_maintenance": false,
        "fsinzak_id": "https://fsinzak-money.ru/catalog/permskiy-kray/ik-32-g-perm/",
        "rodnayasvyaz_mail_connected": true,
        "rodnayasvyaz_phone_video_connected": true,
        "promservice_id": "promservice-99",
        "fsinpress_id": "fsinpress-Пермский край-ИК-32",
        "region_iso": "RU-PER",
        "name": "ФКУ ИК-32 УФСИН России по Пермскому краю",
        "ovdInfo_ovdInfo_location_id": "rec72J7okrFBbbRHZ"
      }
    },
    {
      "type": "Feature",
      "id": "recLwnfs2jbYaK23M",
      "geometry": {
        "type": "Point",
        "coordinates": [
          48.284848,
          58.320461
        ]
      },
      "properties": {
        "skladsizo_food_ordering_available": false,
        "skladsizo_payment_available": true,
        "skladsizo_product_delivery_available": false,
        "zt_is_maintenance": false,
        "fsinzak_id": "https://fsinzak-money.ru/catalog/kirovskaya-oblast/ik-33-g-kotelnich/",
        "rodnayasvyaz_mail_connected": true,
        "rodnayasvyaz_phone_video_connected": true,
        "promservice_id": "promservice-313",
        "fsinpress_id": "fsinpress-Кировская область-ИК-33",
        "region_iso": "RU-KIR",
        "name": "ФКУ ИК-33 УФСИН России по Кировской области",
        "ovdInfo_ovdInfo_location_id": "recLwnfs2jbYaK23M"
      }
    },
    {
      "type": "Feature",
      "id": "recPOst44yoq6m7S3",
      "geometry": {
        "type": "Point",
        "coordinates": [
          91.347531,
          53.733377
        ]
      },
      "properties": {
        "skladsizo_food_ordering_available": false,
        "skladsizo_payment_available": true,
        "skladsizo_product_delivery_available": false,
        "zt_is_maintenance": false,
        "f_pismo_source_f_pismo_allowSending": "true",
        "fsinzak_id": "https://fsinzak-money.ru/catalog/resp-hakasiya/ik-33-g-abakan/",
        "fsinpress_id": "fsinpress-Республика Хакасия-ИК-33",
        "prisonmail_key": "IK33Abakan",
        "region_iso": "RU-KK",
        "name": "ФКУ ИК-33 УФСИН России по Республике Хакасия",
        "ovdInfo_ovdInfo_location_id": "recPOst44yoq6m7S3"
      }
    },
    {
      "type": "Feature",
      "id": "rec2ocMqURbODg8dZ",
      "geometry": {
        "type": "Point",
        "coordinates": [
          45.868231,
          51.600823
        ]
      },
      "properties": {
        "skladsizo_food_ordering_available": false,
        "skladsizo_payment_available": true,
        "skladsizo_product_delivery_available": false,
        "zt_is_maintenance": false,
        "fsinzak_id": "https://fsinzak-money.ru/catalog/saratovskaya-oblast/ik-33-p-elshanka/",
        "promservice_id": "promservice-343",
        "fsinpress_id": "fsinpress-Саратовская область-ИК-33",
        "region_iso": "RU-SAR",
        "name": "ФКУ ИК-33 УФСИН России по Саратовской области",
        "ovdInfo_ovdInfo_location_id": "rec2ocMqURbODg8dZ"
      }
    },
    {
      "type": "Feature",
      "id": "recAJPv14EzIS8Arp",
      "geometry": {
        "type": "Point",
        "coordinates": [
          91.366795,
          53.725031
        ]
      },
      "properties": {
        "skladsizo_food_ordering_available": false,
        "skladsizo_payment_available": true,
        "skladsizo_product_delivery_available": false,
        "zt_is_maintenance": false,
        "f_pismo_source_f_pismo_allowSending": "true",
        "fsinzak_id": "https://fsinzak-money.ru/catalog/resp-hakasiya/ik-35-g-abakan/",
        "fsinpress_id": "fsinpress-Республика Хакасия-ИК-35",
        "prisonmail_key": "IK35Abakan",
        "region_iso": "RU-KK",
        "name": "ФКУ ИК-35 УФСИН России по Республике Хакасия",
        "ovdInfo_ovdInfo_location_id": "recAJPv14EzIS8Arp"
      }
    },
    {
      "type": "Feature",
      "id": "reczCG8zWKQEUiWj5",
      "geometry": {
        "type": "Point",
        "coordinates": [
          86.173534,
          55.322055
        ]
      },
      "properties": {
        "skladsizo_food_ordering_available": false,
        "skladsizo_payment_available": true,
        "skladsizo_product_delivery_available": false,
        "zt_is_maintenance": false,
        "f_pismo_source_f_pismo_allowSending": "true",
        "fsinzak_id": "https://fsinzak-money.ru/catalog/kemerovskaya-oblast/ik-40-g-kemerovo/",
        "promservice_id": "promservice-52",
        "fsinpress_id": "fsinpress-Кемеровская область-ИК-40",
        "region_iso": "RU-KEM",
        "name": "ФКУ ИК-40 УФСИН России по Кемеровской области",
        "ovdInfo_ovdInfo_location_id": "reczCG8zWKQEUiWj5"
      }
    },
    {
      "type": "Feature",
      "id": "rec3tjFjTXLBIzfzD",
      "geometry": {
        "type": "Point",
        "coordinates": [
          84.872668,
          55.741064
        ]
      },
      "properties": {
        "skladsizo_food_ordering_available": false,
        "skladsizo_payment_available": true,
        "skladsizo_product_delivery_available": false,
        "zt_is_maintenance": false,
        "fsinzak_id": "https://fsinzak-money.ru/catalog/kemerovskaya-oblast/ik-41-g-yurga/",
        "promservice_id": "promservice-73",
        "fsinpress_id": "fsinpress-Кемеровская область-ИК-41",
        "region_iso": "RU-KEM",
        "name": "ФКУ ИК-41 УФСИН России по Кемеровской области",
        "ovdInfo_ovdInfo_location_id": "rec3tjFjTXLBIzfzD"
      }
    },
    {
      "type": "Feature",
      "id": "recxZx7T8a4wKzDyc",
      "geometry": {
        "type": "Point",
        "coordinates": [
          96.712933,
          62.917018
        ]
      },
      "properties": {
        "skladsizo_food_ordering_available": false,
        "skladsizo_payment_available": true,
        "skladsizo_product_delivery_available": false,
        "fsinzak_id": "https://fsinzak-money.ru/catalog/kemerovskaya-oblast/ik-44-g-belovo/",
        "promservice_id": "promservice-71",
        "fsinpress_id": "fsinpress-Кемеровская область-ИК-44",
        "region_iso": "RU-KEM",
        "name": "ФКУ ИК-44 УФСИН России по Кемеровской области",
        "ovdInfo_ovdInfo_location_id": "recxZx7T8a4wKzDyc"
      }
    },
    {
      "type": "Feature",
      "id": "reccrPdyUofkXQPh5",
      "geometry": {
        "type": "Point",
        "coordinates": [
          60.193502,
          57.483818
        ]
      },
      "properties": {
        "skladsizo_food_ordering_available": false,
        "skladsizo_payment_available": true,
        "skladsizo_product_delivery_available": false,
        "zt_is_maintenance": false,
        "fsinzak_id": "https://fsinzak-money.ru/catalog/sverdlovskaya-oblast/ik-46-g-nevyansk/",
        "rodnayasvyaz_mail_connected": true,
        "rodnayasvyaz_phone_video_connected": true,
        "promservice_id": "promservice-132",
        "fsinpress_id": "fsinpress-Свердловская область-ИК-46",
        "region_iso": "RU-SVE",
        "name": "ФКУ ИК-46 УФСИН России по Свердловской области",
        "ovdInfo_ovdInfo_location_id": "reccrPdyUofkXQPh5"
      }
    },
    {
      "type": "Feature",
      "id": "recUkoSRNyo5O3DVP",
      "geometry": {
        "type": "Point",
        "coordinates": [
          84.930239,
          55.739808
        ]
      },
      "properties": {
        "skladsizo_food_ordering_available": false,
        "skladsizo_payment_available": true,
        "skladsizo_product_delivery_available": false,
        "zt_is_maintenance": false,
        "fsinzak_id": "https://fsinzak-money.ru/catalog/kemerovskaya-oblast/ik-50-g-yurga/",
        "promservice_id": "promservice-74",
        "fsinpress_id": "fsinpress-Кемеровская область-ИК-50",
        "region_iso": "RU-KEM",
        "name": "ФКУ ИК-50 УФСИН России по Кемеровской области",
        "ovdInfo_ovdInfo_location_id": "recUkoSRNyo5O3DVP"
      }
    },
    {
      "type": "Feature",
      "id": "rec5YJB9EZ9m9MdK0",
      "geometry": {
        "type": "Point",
        "coordinates": [
          60.742947,
          58.893445
        ]
      },
      "properties": {
        "skladsizo_food_ordering_available": false,
        "skladsizo_payment_available": true,
        "skladsizo_product_delivery_available": false,
        "zt_is_maintenance": false,
        "fsinzak_id": "https://fsinzak-money.ru/catalog/sverdlovskaya-oblast/ik-53-verhoture/",
        "rodnayasvyaz_mail_connected": true,
        "rodnayasvyaz_phone_video_connected": true,
        "fsinpress_id": "fsinpress-Свердловская область-ИК-53",
        "region_iso": "RU-SVE",
        "name": "ФКУ ИК-53 УФСИН России по Свердловской области",
        "ovdInfo_ovdInfo_location_id": "rec5YJB9EZ9m9MdK0"
      }
    },
    {
      "type": "Feature",
      "id": "reclaoNzsacCmH74I",
      "geometry": {
        "type": "Point",
        "coordinates": [
          96.712933,
          62.917018
        ]
      },
      "properties": {
        "skladsizo_food_ordering_available": false,
        "skladsizo_payment_available": true,
        "skladsizo_product_delivery_available": false,
        "fsinzak_id": "https://fsinzak-money.ru/catalog/sverdlovskaya-oblast/ik-54-g-novaya-lyalya/",
        "promservice_id": "promservice-137",
        "fsinpress_id": "fsinpress-Свердловская область-ИК-54",
        "region_iso": "RU-SVE",
        "name": "ФКУ ИК-54 УФСИН России по Свердловской области",
        "ovdInfo_ovdInfo_location_id": "reclaoNzsacCmH74I"
      }
    },
    {
      "type": "Feature",
      "id": "rec8vTQiHDy1ifUb8",
      "geometry": {
        "type": "Point",
        "coordinates": [
          40.214969,
          48.268767
        ]
      },
      "properties": {
        "skladsizo_food_ordering_available": false,
        "skladsizo_payment_available": true,
        "skladsizo_product_delivery_available": false,
        "zt_is_maintenance": false,
        "fsinzak_id": "https://fsinzak-money.ru/catalog/rostovskaya-oblast/ik-12-g-kamensk-shahtinskiy/",
        "fsinpress_id": "fsinpress-Ростовская область-ИК-12",
        "region_iso": "RU-ROS",
        "name": "ФКУ ИК-12 УФСИН России по Ростовской области",
        "ovdInfo_ovdInfo_location_id": "rec8vTQiHDy1ifUb8"
      }
    },
    {
      "type": "Feature",
      "id": "rec6tDwcQJUzkUP6X",
      "geometry": {
        "type": "Point",
        "coordinates": [
          56.766894,
          59.671457
        ]
      },
      "properties": {
        "skladsizo_food_ordering_available": false,
        "skladsizo_payment_available": true,
        "skladsizo_product_delivery_available": false,
        "zt_is_maintenance": false,
        "fsinzak_id": "https://fsinzak-money.ru/catalog/permskiy-kray/ik-1-g-solikamsk/",
        "rodnayasvyaz_mail_connected": true,
        "rodnayasvyaz_phone_video_connected": true,
        "promservice_id": "promservice-83",
        "fsinpress_id": "fsinpress-Пермский край-ИК-1",
        "region_iso": "RU-PER",
        "name": "ФКУ ИК-1 УФСИН России по Пермскому краю",
        "ovdInfo_ovdInfo_location_id": "rec6tDwcQJUzkUP6X"
      }
    },
    {
      "type": "Feature",
      "id": "rec8WkSYXqjUFM7em",
      "geometry": {
        "type": "Point",
        "coordinates": [
          56.766669,
          59.671186
        ]
      },
      "properties": {
        "skladsizo_food_ordering_available": false,
        "skladsizo_payment_available": true,
        "skladsizo_product_delivery_available": false,
        "zt_is_maintenance": false,
        "fsinzak_id": "https://fsinzak-money.ru/catalog/permskiy-kray/ik-2-belyy-lebed/",
        "rodnayasvyaz_mail_connected": true,
        "rodnayasvyaz_phone_video_connected": true,
        "fsinpress_id": "fsinpress-Пермский край-ИК-2",
        "region_iso": "RU-PER",
        "name": "ФКУ ИК-2 УФСИН России по Пермскому краю",
        "ovdInfo_ovdInfo_location_id": "rec8WkSYXqjUFM7em"
      }
    },
    {
      "type": "Feature",
      "id": "recWcRyREY44TUhwD",
      "geometry": {
        "type": "Point",
        "coordinates": [
          95.687045,
          56.213906
        ]
      },
      "properties": {
        "skladsizo_food_ordering_available": false,
        "skladsizo_payment_available": true,
        "skladsizo_product_delivery_available": false,
        "zt_is_maintenance": false,
        "fsinzak_id": "https://fsinzak-money.ru/catalog/krasnoyarskiy-kray/kanskaya-v-k/",
        "fsinpress_id": "fsinpress-Красноярский край-Канская ВК",
        "region_iso": "RU-KYA",
        "name": "ФКУ ВК УФСИН России по Красноярскому краю",
        "ovdInfo_ovdInfo_location_id": "recWcRyREY44TUhwD"
      }
    },
    {
      "type": "Feature",
      "id": "recu9YLnMvaO8Wk66",
      "geometry": {
        "type": "Point",
        "coordinates": [
          96.712933,
          62.917018
        ]
      },
      "properties": {
        "region_iso": "UA-43",
        "name": "ФКУ КП-1 УФСИН России по Республике Крым и г. Севастополю",
        "ovdInfo_ovdInfo_location_id": "recu9YLnMvaO8Wk66"
      }
    },
    {
      "type": "Feature",
      "id": "recZoxbYSOE6fDEDy",
      "geometry": {
        "type": "Point",
        "coordinates": [
          49.418204,
          53.518926
        ]
      },
      "properties": {
        "skladsizo_food_ordering_available": false,
        "skladsizo_payment_available": true,
        "skladsizo_product_delivery_available": false,
        "zt_is_maintenance": false,
        "fsinzak_id": "https://fsinzak-money.ru/catalog/samarskaya-oblast/kp-1-g-tolyatti/",
        "rodnayasvyaz_mail_connected": true,
        "promservice_id": "promservice-279",
        "fsinpress_id": "fsinpress-Самарская область-КП-1",
        "region_iso": "RU-SAM",
        "name": "ФКУ КП-1 УФСИН России по Самарской области",
        "ovdInfo_ovdInfo_location_id": "recZoxbYSOE6fDEDy"
      }
    },
    {
      "type": "Feature",
      "id": "recLe2L1xukO7VvYa",
      "geometry": {
        "type": "Point",
        "coordinates": [
          37.166536,
          55.988263
        ]
      },
      "properties": {
        "f_okno_f_okno_peredacha_available": true,
        "f_okno_f_okno_svidaniye_available": false,
        "zt_is_maintenance": false,
        "f_pismo_source_f_pismo_allowSending": "true",
        "fsinpress_id": "fsinpress-Москва-КП-2",
        "region_iso": "RU-MOW",
        "name": "ФКУ КП-2 УФСИН России по Москве",
        "ovdInfo_ovdInfo_location_id": "recLe2L1xukO7VvYa"
      }
    },
    {
      "type": "Feature",
      "id": "recKw9UkMKwLpaIR2",
      "geometry": {
        "type": "Point",
        "coordinates": [
          150.583827,
          59.865828
        ]
      },
      "properties": {
        "skladsizo_food_ordering_available": false,
        "skladsizo_payment_available": true,
        "skladsizo_product_delivery_available": false,
        "zt_is_maintenance": false,
        "fsinzak_id": "https://fsinzak-money.ru/catalog/magadanskaya-oblast/kp-2-s-splavnaya/",
        "fsinpress_id": "fsinpress-Магаданская область-КП-2",
        "ariadna_normalized_ariadna_name": "ФКУ КП-2 УФСИН",
        "region_iso": "RU-MAG",
        "name": "ФКУ КП-2 УФСИН России по Магаданской области",
        "ovdInfo_ovdInfo_location_id": "recKw9UkMKwLpaIR2"
      }
    },
    {
      "type": "Feature",
      "id": "recAhkU3toqLJe2bh",
      "geometry": {
        "type": "Point",
        "coordinates": [
          42.391144,
          52.796489
        ]
      },
      "properties": {
        "skladsizo_food_ordering_available": false,
        "skladsizo_payment_available": true,
        "skladsizo_product_delivery_available": false,
        "zt_is_maintenance": false,
        "f_pismo_source_f_pismo_allowSending": "true",
        "fsinzak_id": "https://fsinzak-money.ru/catalog/tambovskaya-oblast/kp-2-p-sadovyy/",
        "promservice_id": "promservice-337",
        "fsinpress_id": "fsinpress-Тамбовская область-КП-2",
        "prisonmail_key": "KP2Sadovyj",
        "region_iso": "RU-TAM",
        "name": "ФКУ КП-2 УФСИН России по Тамбовской области",
        "ovdInfo_ovdInfo_location_id": "recAhkU3toqLJe2bh"
      }
    },
    {
      "type": "Feature",
      "id": "reccDYa2zFaP3IBlm",
      "geometry": {
        "type": "Point",
        "coordinates": [
          32.409507,
          53.001853
        ]
      },
      "properties": {
        "skladsizo_food_ordering_available": false,
        "skladsizo_payment_available": true,
        "skladsizo_product_delivery_available": false,
        "zt_is_maintenance": false,
        "fsinzak_id": "https://fsinzak-money.ru/catalog/bryanskaya-oblast/kp-3-g-surazh/",
        "fsinpress_id": "fsinpress-Брянская область-КП-3",
        "region_iso": "RU-BRY",
        "name": "ФКУ КП-3 УФСИН России по Брянской области",
        "ovdInfo_ovdInfo_location_id": "reccDYa2zFaP3IBlm"
      }
    },
    {
      "type": "Feature",
      "id": "recF1ih9D4RkYYPxD",
      "geometry": {
        "type": "Point",
        "coordinates": [
          38.451226,
          55.758726
        ]
      },
      "properties": {
        "zt_is_maintenance": false,
        "fsinzak_id": "https://fsinzak-money.ru/catalog/moskovskaya-oblast/kp-3-g-elektrostal/",
        "fsinpress_id": "fsinpress-Московская область-КП-3",
        "sidim_connected": true,
        "region_iso": "RU-MOS",
        "name": "ФКУ КП-3 УФСИН России по Московской области",
        "ovdInfo_ovdInfo_location_id": "recF1ih9D4RkYYPxD"
      }
    },
    {
      "type": "Feature",
      "id": "recVt0Tgl9eeEWKMJ",
      "geometry": {
        "type": "Point",
        "coordinates": [
          40.634246,
          64.613175
        ]
      },
      "properties": {
        "zt_is_maintenance": false,
        "fsinzak_id": "https://fsinzak-money.ru/catalog/arhangelskaya-oblast/kp-3-p-talagi/",
        "rodnayasvyaz_mail_connected": true,
        "fsinpress_id": "fsinpress-Архангельская область-КП-3",
        "AO_name": "Архангельское КП-3",
        "region_iso": "RU-ARK",
        "name": "ФКУ КП-3 УФСИН России по Архангельской области",
        "ovdInfo_ovdInfo_location_id": "recVt0Tgl9eeEWKMJ"
      }
    },
    {
      "type": "Feature",
      "id": "recIEPq3wP7VC2wC9",
      "geometry": {
        "type": "Point",
        "coordinates": [
          35.904704,
          52.758931
        ]
      },
      "properties": {
        "zt_is_maintenance": false,
        "f_pismo_source_f_pismo_allowSending": "true",
        "fsinzak_id": "https://fsinzak-money.ru/catalog/orlovskaya-oblast/kp-3-p-shahovo/",
        "fsinpress_id": "fsinpress-Орловская область-КП-3",
        "prisonmail_key": "KP3Shahovo",
        "region_iso": "RU-ORL",
        "name": "ФКУ КП-3 УФСИН России по Орловской области",
        "ovdInfo_ovdInfo_location_id": "recIEPq3wP7VC2wC9"
      }
    },
    {
      "type": "Feature",
      "id": "recNdCTwK4P3XZdSK",
      "geometry": {
        "type": "Point",
        "coordinates": [
          52.385479,
          56.983582
        ]
      },
      "properties": {
        "zt_is_maintenance": false,
        "fsinzak_id": "https://fsinzak-money.ru/catalog/udmurtskaya-resp/ik-3-st-karkalay/",
        "fsinpress_id": "fsinpress-Удмуртская Республика-КП-3",
        "region_iso": "RU-UD",
        "name": "ФКУ КП-3 УФСИН России по Удмуртской Республике",
        "ovdInfo_ovdInfo_location_id": "recNdCTwK4P3XZdSK"
      }
    },
    {
      "type": "Feature",
      "id": "reccWqioTJSe4A05M",
      "geometry": {
        "type": "Point",
        "coordinates": [
          45.866493,
          43.278361
        ]
      },
      "properties": {
        "skladsizo_food_ordering_available": false,
        "skladsizo_payment_available": true,
        "skladsizo_product_delivery_available": false,
        "zt_is_maintenance": false,
        "fsinzak_id": "https://fsinzak-money.ru/catalog/chechenskaya-resp/ik-2-s-chernokozovo/",
        "fsinpress_id": "fsinpress-Чеченская Республика-КП-3",
        "region_iso": "RU-CE",
        "name": "ФКУ КП-3 УФСИН России по Чеченской Республике",
        "ovdInfo_ovdInfo_location_id": "reccWqioTJSe4A05M"
      }
    },
    {
      "type": "Feature",
      "id": "reclv5YbUKoWa6tUD",
      "geometry": {
        "type": "Point",
        "coordinates": [
          96.712933,
          62.917018
        ]
      },
      "properties": {
        "fsinzak_id": "https://fsinzak-money.ru/catalog/ryazanskaya-oblast/kp-4-p-komsomolskiy/",
        "fsinpress_id": "fsinpress-Рязанская область-КП-4",
        "region_iso": "RU-RYA",
        "name": "ФКУ КП-4 УФСИН России по Рязанской области",
        "ovdInfo_ovdInfo_location_id": "reclv5YbUKoWa6tUD"
      }
    },
    {
      "type": "Feature",
      "id": "recKwZbWvv9zFlm8E",
      "geometry": {
        "type": "Point",
        "coordinates": [
          96.712933,
          62.917018
        ]
      },
      "properties": {
        "skladsizo_food_ordering_available": false,
        "skladsizo_payment_available": true,
        "skladsizo_product_delivery_available": false,
        "fsinzak_id": "https://fsinzak-money.ru/catalog/kurganskaya-oblast/kp-5-g-kurgan/",
        "fsinpress_id": "fsinpress-Курганская область-КП-5",
        "region_iso": "RU-KGN",
        "name": "ФКУ КП-5 УФСИН России по Курганской области",
        "ovdInfo_ovdInfo_location_id": "recKwZbWvv9zFlm8E"
      }
    },
    {
      "type": "Feature",
      "id": "reckbvxRSWDRiuPMY",
      "geometry": {
        "type": "Point",
        "coordinates": [
          96.712933,
          62.917018
        ]
      },
      "properties": {
        "skladsizo_food_ordering_available": false,
        "skladsizo_payment_available": true,
        "skladsizo_product_delivery_available": false,
        "zt_is_maintenance": false,
        "fsinzak_id": "https://fsinzak-money.ru/catalog/kaluzhskaya-oblast/kp-6-g-kaluga/",
        "fsinpress_id": "fsinpress-Калужская область-КП-6",
        "region_iso": "RU-KLU",
        "name": "ФКУ КП-6 УФСИН России по Калужской области",
        "ovdInfo_ovdInfo_location_id": "reckbvxRSWDRiuPMY"
      }
    },
    {
      "type": "Feature",
      "id": "recA77NAUKQA9Qj9C",
      "geometry": {
        "type": "Point",
        "coordinates": [
          33.485899,
          58.545171
        ]
      },
      "properties": {
        "skladsizo_food_ordering_available": false,
        "skladsizo_payment_available": true,
        "skladsizo_product_delivery_available": false,
        "zt_is_maintenance": false,
        "fsinzak_id": "https://fsinzak-money.ru/catalog/novgorodskaya-oblast/kp-6-p-toporok/",
        "fsinpress_id": "fsinpress-Новгородская область-КП-6",
        "region_iso": "RU-NGR",
        "name": "ФКУ КП-6 УФСИН России по Новгородской области",
        "ovdInfo_ovdInfo_location_id": "recA77NAUKQA9Qj9C"
      }
    },
    {
      "type": "Feature",
      "id": "recKS4Aa68xKkcm6i",
      "geometry": {
        "type": "Point",
        "coordinates": [
          37.570911,
          59.152363
        ]
      },
      "properties": {
        "skladsizo_food_ordering_available": false,
        "skladsizo_payment_available": true,
        "skladsizo_product_delivery_available": false,
        "zt_is_maintenance": false,
        "fsinzak_id": "https://fsinzak-money.ru/catalog/vologodskaya-oblast/kp-7-p-suda/",
        "promservice_id": "promservice-256",
        "fsinpress_id": "fsinpress-Вологодская область-КП-7",
        "region_iso": "RU-VLG",
        "name": "ФКУ КП-7 УФСИН России по Вологодской области",
        "ovdInfo_ovdInfo_location_id": "recKS4Aa68xKkcm6i"
      }
    },
    {
      "type": "Feature",
      "id": "recs9JW18PPpuQT61",
      "geometry": {
        "type": "Point",
        "coordinates": [
          96.712933,
          62.917018
        ]
      },
      "properties": {
        "zt_is_maintenance": false,
        "promservice_id": "promservice-357",
        "fsinpress_id": "fsinpress-Санкт-Петербург-КП-8",
        "region_iso": "RU-SPE",
        "name": "ФКУ КП-8 УФСИН России по Санкт-Петербургу",
        "ovdInfo_ovdInfo_location_id": "recs9JW18PPpuQT61"
      }
    },
    {
      "type": "Feature",
      "id": "recs5GT7jGd3FPYh3",
      "geometry": {
        "type": "Point",
        "coordinates": [
          46.444903,
          54.775672
        ]
      },
      "properties": {
        "skladsizo_food_ordering_available": false,
        "skladsizo_payment_available": true,
        "skladsizo_product_delivery_available": false,
        "zt_is_maintenance": false,
        "fsinzak_id": "https://fsinzak-money.ru/catalog/chuvashskaya-resp/kp-8-p-kalinino/",
        "rodnayasvyaz_mail_connected": true,
        "fsinpress_id": "fsinpress-Чувашская Республика-КП-8",
        "region_iso": "RU-CU",
        "name": "ФКУ КП-8 УФСИН России по Чувашской Республике",
        "ovdInfo_ovdInfo_location_id": "recs5GT7jGd3FPYh3"
      }
    },
    {
      "type": "Feature",
      "id": "rectqhRSZNl8piNBM",
      "geometry": {
        "type": "Point",
        "coordinates": [
          42.069402,
          56.240968
        ]
      },
      "properties": {
        "skladsizo_food_ordering_available": false,
        "skladsizo_payment_available": true,
        "skladsizo_product_delivery_available": false,
        "zt_is_maintenance": false,
        "fsinzak_id": "https://fsinzak-money.ru/catalog/vladimirskaya-oblast/kp-9-d-chudinovo/",
        "rodnayasvyaz_mail_connected": true,
        "rodnayasvyaz_phone_video_connected": true,
        "fsinpress_id": "fsinpress-Владимирская область-КП-9",
        "region_iso": "RU-VLA",
        "name": "ФКУ КП-9 УФСИН России по Владимирской области",
        "ovdInfo_ovdInfo_location_id": "rectqhRSZNl8piNBM"
      }
    },
    {
      "type": "Feature",
      "id": "reclHxDVVCRZGiwiI",
      "geometry": {
        "type": "Point",
        "coordinates": [
          46.880636,
          43.212065
        ]
      },
      "properties": {
        "skladsizo_food_ordering_available": false,
        "skladsizo_payment_available": true,
        "skladsizo_product_delivery_available": false,
        "zt_is_maintenance": false,
        "fsinzak_id": "https://fsinzak-money.ru/catalog/resp-dagestan/kp-9-g-kizilyurt/",
        "fsinpress_id": "fsinpress-Республика Дагестан-КП-9",
        "region_iso": "RU-DA",
        "name": "ФКУ КП-9 УФСИН России по Республике Дагестан",
        "ovdInfo_ovdInfo_location_id": "reclHxDVVCRZGiwiI"
      }
    },
    {
      "type": "Feature",
      "id": "recYtXcyTOPz1T2cS",
      "geometry": {
        "type": "Point",
        "coordinates": [
          40.148528,
          51.733248
        ]
      },
      "properties": {
        "skladsizo_food_ordering_available": false,
        "skladsizo_payment_available": true,
        "skladsizo_product_delivery_available": false,
        "zt_is_maintenance": false,
        "fsinzak_id": "https://fsinzak-money.ru/catalog/voronezhskaya-oblast/kp-10-p-pereleshino/",
        "fsinpress_id": "fsinpress-Воронежская область-КП-10",
        "ariadna_normalized_ariadna_name": "ФКУ КП-10 УФСИН",
        "region_iso": "RU-VOR",
        "name": "ФКУ КП-10 УФСИН России по Воронежской области",
        "ovdInfo_ovdInfo_location_id": "recYtXcyTOPz1T2cS"
      }
    },
    {
      "type": "Feature",
      "id": "recvmCUpY6oeBFiyH",
      "geometry": {
        "type": "Point",
        "coordinates": [
          37.812873,
          44.731249
        ]
      },
      "properties": {
        "skladsizo_food_ordering_available": false,
        "skladsizo_payment_available": true,
        "skladsizo_product_delivery_available": false,
        "zt_is_maintenance": false,
        "fsinzak_id": "https://fsinzak-money.ru/catalog/krasnodarskiy-kray/kp-10-g-novorossiysk/",
        "rodnayasvyaz_mail_connected": true,
        "fsinpress_id": "fsinpress-Краснодарский край-КП-10",
        "region_iso": "RU-KDA",
        "name": "ФКУ КП-10 УФСИН России по Краснодарскому Краю",
        "ovdInfo_ovdInfo_location_id": "recvmCUpY6oeBFiyH"
      }
    },
    {
      "type": "Feature",
      "id": "rec9VR4btWhPOUcAG",
      "geometry": {
        "type": "Point",
        "coordinates": [
          45.54584,
          50.974501
        ]
      },
      "properties": {
        "skladsizo_food_ordering_available": false,
        "skladsizo_payment_available": true,
        "skladsizo_product_delivery_available": false,
        "zt_is_maintenance": false,
        "fsinzak_id": "https://fsinzak-money.ru/catalog/saratovskaya-oblast/kp-11-s-ust-zoliha/",
        "promservice_id": "promservice-351",
        "fsinpress_id": "fsinpress-Саратовская область-КП-11",
        "region_iso": "RU-SAR",
        "name": "ФКУ КП-11 УФСИН России по Саратовской области",
        "ovdInfo_ovdInfo_location_id": "rec9VR4btWhPOUcAG"
      }
    },
    {
      "type": "Feature",
      "id": "recB6I04Ywh577I26",
      "geometry": {
        "type": "Point",
        "coordinates": [
          42.568218,
          57.18494
        ]
      },
      "properties": {
        "skladsizo_food_ordering_available": false,
        "skladsizo_payment_available": true,
        "skladsizo_product_delivery_available": false,
        "zt_is_maintenance": false,
        "fsinzak_id": "https://fsinzak-money.ru/catalog/ivanovskaya-oblast/kp-12-s-shileksha/",
        "rodnayasvyaz_mail_connected": true,
        "promservice_id": "promservice-218",
        "fsinpress_id": "fsinpress-Ивановская область-КП-12",
        "region_iso": "RU-IVA",
        "name": "ФКУ КП-12 УФСИН России по Ивановской области",
        "ovdInfo_ovdInfo_location_id": "recB6I04Ywh577I26"
      }
    },
    {
      "type": "Feature",
      "id": "recIXpk70WG8RlnCY",
      "geometry": {
        "type": "Point",
        "coordinates": [
          51.038983,
          55.58612
        ]
      },
      "properties": {
        "skladsizo_food_ordering_available": false,
        "skladsizo_payment_available": true,
        "skladsizo_product_delivery_available": false,
        "zt_is_maintenance": false,
        "fsinzak_id": "https://fsinzak-money.ru/catalog/resp-tatarstan/kp-17-s-digitli/",
        "rodnayasvyaz_mail_connected": true,
        "fsinpress_id": "fsinpress-Республика Татарстан-КП-17",
        "region_iso": "RU-TA",
        "name": "ФКУ КП-17 УФСИН России по Республике Татарстан",
        "ovdInfo_ovdInfo_location_id": "recIXpk70WG8RlnCY"
      }
    },
    {
      "type": "Feature",
      "id": "recvD1iOWlMUt6GbF",
      "geometry": {
        "type": "Point",
        "coordinates": [
          96.712933,
          62.917018
        ]
      },
      "properties": {
        "fsinzak_id": "https://fsinzak-money.ru/catalog/murmanskaya-oblast/kp-20-p-zelenoborskiy/",
        "fsinpress_id": "fsinpress-Мурманская область-КП-20",
        "region_iso": "RU-MUR",
        "name": "ФКУ КП-20 УФСИН России по Мурманской области",
        "ovdInfo_ovdInfo_location_id": "recvD1iOWlMUt6GbF"
      }
    },
    {
      "type": "Feature",
      "id": "recUVkaDN3nA1WNHj",
      "geometry": {
        "type": "Point",
        "coordinates": [
          49.970579,
          58.534243
        ]
      },
      "properties": {
        "skladsizo_food_ordering_available": false,
        "skladsizo_payment_available": true,
        "skladsizo_product_delivery_available": false,
        "zt_is_maintenance": false,
        "fsinzak_id": "https://fsinzak-money.ru/catalog/kirovskaya-oblast/kp-21-g-kirovo-chepeck/",
        "promservice_id": "promservice-318",
        "fsinpress_id": "fsinpress-Кировская область-КП-21",
        "region_iso": "RU-KIR",
        "name": "ФКУ КП-21 УФСИН России по Кировской области",
        "ovdInfo_ovdInfo_location_id": "recUVkaDN3nA1WNHj"
      }
    },
    {
      "type": "Feature",
      "id": "recGuCuFkVC5zdSOj",
      "geometry": {
        "type": "Point",
        "coordinates": [
          135.229983,
          48.602006
        ]
      },
      "properties": {
        "skladsizo_food_ordering_available": false,
        "skladsizo_payment_available": true,
        "skladsizo_product_delivery_available": false,
        "zt_is_maintenance": false,
        "fsinzak_id": "https://fsinzak-money.ru/catalog/habarovskiy-kray/kp-22-s-zaozernoe/",
        "fsinpress_id": "fsinpress-Хабаровский край-КП-22",
        "ariadna_normalized_ariadna_name": "ФКУ КП-22 УФСИН",
        "pochtaRTS_connected": true,
        "region_iso": "RU-KHA",
        "name": "ФКУ КП-22 УФСИН России по Хабаровскому краю",
        "ovdInfo_ovdInfo_location_id": "recGuCuFkVC5zdSOj"
      }
    },
    {
      "type": "Feature",
      "id": "rec2in1MZSxpXkPcb",
      "geometry": {
        "type": "Point",
        "coordinates": [
          33.291458,
          68.120103
        ]
      },
      "properties": {
        "f_okno_f_okno_peredacha_available": true,
        "f_okno_f_okno_svidaniye_available": true,
        "skladsizo_food_ordering_available": false,
        "skladsizo_payment_available": true,
        "skladsizo_product_delivery_available": false,
        "zt_is_maintenance": false,
        "f_pismo_source_f_pismo_allowSending": "true",
        "fsinzak_id": "https://fsinzak-money.ru/catalog/murmanskaya-oblast/kp-24-g-olenegorsk/",
        "fsinpress_id": "fsinpress-Мурманская область-КП-24",
        "prisonmail_key": "KP24Olenegorsk",
        "AO_name": "Мурманское ФКУ КП-24",
        "region_iso": "RU-MUR",
        "name": "ФКУ КП-24 УФСИН России по Мурманской области",
        "ovdInfo_ovdInfo_location_id": "rec2in1MZSxpXkPcb"
      }
    },
    {
      "type": "Feature",
      "id": "recWjYT0kewzywvUv",
      "geometry": {
        "type": "Point",
        "coordinates": [
          131.591996,
          43.091394
        ]
      },
      "properties": {
        "zt_is_maintenance": false,
        "fsinzak_id": "https://fsinzak-money.ru/catalog/primorskiy-kray/kp-26-pgt-primorskiy/",
        "ariadna_normalized_ariadna_name": "ФКУ КП-26 ГУФСИН",
        "region_iso": "RU-PRI",
        "name": "ФКУ КП-26 УФСИН России по Приморскому краю",
        "ovdInfo_ovdInfo_location_id": "recWjYT0kewzywvUv"
      }
    },
    {
      "type": "Feature",
      "id": "recRdwuAP8E9QfR1p",
      "geometry": {
        "type": "Point",
        "coordinates": [
          131.94973,
          43.146255
        ]
      },
      "properties": {
        "skladsizo_food_ordering_available": false,
        "skladsizo_payment_available": true,
        "skladsizo_product_delivery_available": false,
        "zt_is_maintenance": false,
        "fsinzak_id": "https://fsinzak-money.ru/catalog/primorskiy-kray/kp-49-g-vladivostok/",
        "ariadna_normalized_ariadna_name": "ФКУ КП-49 ГУФСИН",
        "region_iso": "RU-PRI",
        "name": "ФКУ КП-49 УФСИН России по Приморскому краю",
        "ovdInfo_ovdInfo_location_id": "recRdwuAP8E9QfR1p"
      }
    },
    {
      "type": "Feature",
      "id": "rec1XwegMbFOtQTyU",
      "geometry": {
        "type": "Point",
        "coordinates": [
          104.49131,
          52.347688
        ]
      },
      "properties": {
        "skladsizo_food_ordering_available": false,
        "skladsizo_payment_available": true,
        "skladsizo_product_delivery_available": false,
        "zt_is_maintenance": false,
        "fsinzak_id": "https://fsinzak-money.ru/catalog/irkutskaya-oblast/kp-51-p-plishkino/",
        "fsinpress_id": "fsinpress-Иркутская область-КП-51",
        "region_iso": "RU-IRK",
        "name": "ФКУ КП-51 УФСИН России по Иркутской области",
        "ovdInfo_ovdInfo_location_id": "rec1XwegMbFOtQTyU"
      }
    },
    {
      "type": "Feature",
      "id": "recwHoR5vw8LyxLbx",
      "geometry": {
        "type": "Point",
        "coordinates": [
          60.24044,
          56.855982
        ]
      },
      "properties": {
        "zt_is_maintenance": false,
        "fsinzak_id": "https://fsinzak-money.ru/catalog/sverdlovskaya-oblast/kp-66-reshety/",
        "fsinpress_id": "fsinpress-Свердловская область-КП-66",
        "region_iso": "RU-SVE",
        "name": "ФКУ КП-66 УФСИН России по Свердловской области",
        "ovdInfo_ovdInfo_location_id": "recwHoR5vw8LyxLbx"
      }
    },
    {
      "type": "Feature",
      "id": "recwDqUficiq6YHX4",
      "geometry": {
        "type": "Point",
        "coordinates": [
          40.985806,
          47.28805
        ]
      },
      "properties": {
        "skladsizo_food_ordering_available": false,
        "skladsizo_payment_available": true,
        "skladsizo_product_delivery_available": false,
        "zt_is_maintenance": false,
        "fsinzak_id": "https://fsinzak-money.ru/catalog/rostovskaya-oblast/kp-8-p-sadki/",
        "fsinpress_id": "fsinpress-Ростовская область-КП-8",
        "region_iso": "RU-ROS",
        "name": "ФКУ КП-8 УФСИН России по Ростовской области",
        "ovdInfo_ovdInfo_location_id": "recwDqUficiq6YHX4"
      }
    },
    {
      "type": "Feature",
      "id": "recFAFDEVqGCewkwJ",
      "geometry": {
        "type": "Point",
        "coordinates": [
          83.704689,
          53.395538
        ]
      },
      "properties": {
        "skladsizo_food_ordering_available": false,
        "skladsizo_payment_available": true,
        "skladsizo_product_delivery_available": false,
        "zt_is_maintenance": false,
        "fsinzak_id": "https://fsinzak-money.ru/catalog/altayskiy-kray/liu-1-g-barnaul/",
        "fsinpress_id": "fsinpress-Алтайский край-ЛИУ-1",
        "region_iso": "RU-ALT",
        "name": "ФКУ ЛИУ-1 УФСИН России по Алтайскому краю",
        "ovdInfo_ovdInfo_location_id": "recFAFDEVqGCewkwJ"
      }
    },
    {
      "type": "Feature",
      "id": "recssdNLk5pK86x19",
      "geometry": {
        "type": "Point",
        "coordinates": [
          65.25542,
          55.439739
        ]
      },
      "properties": {
        "skladsizo_food_ordering_available": false,
        "skladsizo_payment_available": true,
        "skladsizo_product_delivery_available": false,
        "zt_is_maintenance": false,
        "fsinzak_id": "https://fsinzak-money.ru/catalog/kurganskaya-oblast/liu-3-g-kurgan/",
        "rodnayasvyaz_mail_connected": true,
        "rodnayasvyaz_phone_video_connected": true,
        "promservice_id": "promservice-188",
        "fsinpress_id": "fsinpress-Курганская область-ЛИУ-3",
        "region_iso": "RU-KGN",
        "name": "ФКУ ЛИУ-3 УФСИН России по Курганской области",
        "ovdInfo_ovdInfo_location_id": "recssdNLk5pK86x19"
      }
    },
    {
      "type": "Feature",
      "id": "recoIfn4Wuz2OHkMr",
      "geometry": {
        "type": "Point",
        "coordinates": [
          42.872429,
          54.527949
        ]
      },
      "properties": {
        "skladsizo_food_ordering_available": false,
        "skladsizo_payment_available": true,
        "skladsizo_product_delivery_available": false,
        "zt_is_maintenance": false,
        "fsinzak_id": "https://fsinzak-money.ru/catalog/resp-mordoviya/liu-3-p-barashevo/",
        "promservice_id": "promservice-168",
        "fsinpress_id": "fsinpress-Республика Мордовия-ЛИУ-3",
        "region_iso": "RU-MO",
        "name": "ФКУ ЛИУ-3 УФСИН России по республике Мордовия",
        "ovdInfo_ovdInfo_location_id": "recoIfn4Wuz2OHkMr"
      }
    },
    {
      "type": "Feature",
      "id": "reckNGm2cl3hmIUpW",
      "geometry": {
        "type": "Point",
        "coordinates": [
          43.222929,
          51.543539
        ]
      },
      "properties": {
        "skladsizo_food_ordering_available": false,
        "skladsizo_payment_available": true,
        "skladsizo_product_delivery_available": false,
        "zt_is_maintenance": false,
        "fsinzak_id": "https://fsinzak-money.ru/catalog/saratovskaya-oblast/liu-3-g-balashov/",
        "promservice_id": "promservice-339",
        "fsinpress_id": "fsinpress-Саратовская область-ЛИУ-3",
        "prisonmail_key": "LIU3Balashov",
        "region_iso": "RU-SAR",
        "name": "ФКУ ЛИУ-3 УФСИН России по Саратовской области",
        "ovdInfo_ovdInfo_location_id": "reckNGm2cl3hmIUpW"
      }
    },
    {
      "type": "Feature",
      "id": "recTNwsR40ZIhxhdS",
      "geometry": {
        "type": "Point",
        "coordinates": [
          50.216044,
          53.181331
        ]
      },
      "properties": {
        "skladsizo_food_ordering_available": false,
        "skladsizo_payment_available": true,
        "skladsizo_product_delivery_available": false,
        "zt_is_maintenance": false,
        "fsinzak_id": "https://fsinzak-money.ru/catalog/samarskaya-oblast/liu-4-g-samara/",
        "promservice_id": "promservice-275",
        "fsinpress_id": "fsinpress-Самарская область-ЛИУ-4",
        "region_iso": "RU-SAM",
        "name": "ФКУ ЛИУ-4 УФСИН России по Самарской области",
        "ovdInfo_ovdInfo_location_id": "recTNwsR40ZIhxhdS"
      }
    },
    {
      "type": "Feature",
      "id": "recbekeQuPz141Li3",
      "geometry": {
        "type": "Point",
        "coordinates": [
          42.487403,
          52.816166
        ]
      },
      "properties": {
        "skladsizo_food_ordering_available": false,
        "skladsizo_payment_available": true,
        "skladsizo_product_delivery_available": false,
        "zt_is_maintenance": false,
        "f_pismo_source_f_pismo_allowSending": "true",
        "fsinzak_id": "https://fsinzak-money.ru/catalog/tambovskaya-oblast/liu-7-p-polevoy/",
        "promservice_id": "promservice-329",
        "fsinpress_id": "fsinpress-Тамбовская область-ЛИУ-7",
        "region_iso": "RU-TAM",
        "name": "ФКУ ЛИУ-7 УФСИН России по Тамбовской области",
        "ovdInfo_ovdInfo_location_id": "recbekeQuPz141Li3"
      }
    },
    {
      "type": "Feature",
      "id": "rec3DCs0gD0aBh26y",
      "geometry": {
        "type": "Point",
        "coordinates": [
          49.964211,
          58.534292
        ]
      },
      "properties": {
        "skladsizo_food_ordering_available": false,
        "skladsizo_payment_available": true,
        "skladsizo_product_delivery_available": false,
        "zt_is_maintenance": false,
        "fsinzak_id": "https://fsinzak-money.ru/catalog/kirovskaya-oblast/liu-12-g-kirovo-chepeck/",
        "promservice_id": "promservice-301",
        "fsinpress_id": "fsinpress-Кировская область-ЛИУ-12",
        "prisonmail_key": "LIU12KirovoChepezk",
        "region_iso": "RU-KIR",
        "name": "ФКУ ЛИУ-12 УФСИН России по Кировской области",
        "ovdInfo_ovdInfo_location_id": "rec3DCs0gD0aBh26y"
      }
    },
    {
      "type": "Feature",
      "id": "recPBGLFunh5Dgj5Y",
      "geometry": {
        "type": "Point",
        "coordinates": [
          86.159066,
          54.72392
        ]
      },
      "properties": {
        "skladsizo_food_ordering_available": false,
        "skladsizo_payment_available": true,
        "skladsizo_product_delivery_available": false,
        "zt_is_maintenance": false,
        "fsinzak_id": "https://fsinzak-money.ru/catalog/kemerovskaya-oblast/liu-42-g-leninsk-kuzneckiy/",
        "promservice_id": "promservice-72",
        "fsinpress_id": "fsinpress-Кемеровская область-ЛИУ-42",
        "region_iso": "RU-KEM",
        "name": "ФКУ ЛИУ-42 УФСИН России по Кемеровской области",
        "ovdInfo_ovdInfo_location_id": "recPBGLFunh5Dgj5Y"
      }
    },
    {
      "type": "Feature",
      "id": "recKDTaaHAMgLUj70",
      "geometry": {
        "type": "Point",
        "coordinates": [
          96.712933,
          62.917018
        ]
      },
      "properties": {
        "zt_is_maintenance": false,
        "fsinzak_id": "https://fsinzak-money.ru/catalog/chelyabinskaya-oblast/lpu-3-g-chelyabinsk/",
        "rodnayasvyaz_mail_connected": true,
        "rodnayasvyaz_phone_video_connected": true,
        "region_iso": "RU-CHE",
        "name": "ФКУ ЛПУ-3 УФСИН России по Челябинской области",
        "ovdInfo_ovdInfo_location_id": "recKDTaaHAMgLUj70"
      }
    },
    {
      "type": "Feature",
      "id": "recboLYZyJ6KAMPJy",
      "geometry": {
        "type": "Point",
        "coordinates": [
          40.551717,
          64.51484
        ]
      },
      "properties": {
        "skladsizo_food_ordering_available": false,
        "skladsizo_payment_available": true,
        "skladsizo_product_delivery_available": false,
        "zt_is_maintenance": false,
        "fsinzak_id": "https://fsinzak-money.ru/catalog/arhangelskaya-oblast/oblastnaya-bolnica/",
        "AO_name": "Архангельское ФКУ ОБ",
        "region_iso": "RU-ARK",
        "name": "ФКУ ОБ УФСИН России по Архангельской области",
        "ovdInfo_ovdInfo_location_id": "recboLYZyJ6KAMPJy"
      }
    },
    {
      "type": "Feature",
      "id": "recHOO2cQt8ZUssTo",
      "geometry": {
        "type": "Point",
        "coordinates": [
          96.712933,
          62.917018
        ]
      },
      "properties": {
        "skladsizo_food_ordering_available": false,
        "skladsizo_payment_available": true,
        "skladsizo_product_delivery_available": false,
        "fsinzak_id": "https://fsinzak-money.ru/catalog/kirovskaya-oblast/oik-4-ik-27-lesnoy-kp-26-zarechnyy/",
        "rodnayasvyaz_mail_connected": true,
        "rodnayasvyaz_phone_video_connected": true,
        "region_iso": "RU-KIR",
        "name": "ФКУ ОИК-4 УФСИН России по Кировской области",
        "ovdInfo_ovdInfo_location_id": "recHOO2cQt8ZUssTo"
      }
    },
    {
      "type": "Feature",
      "id": "recjhke4bDHkn3H3N",
      "geometry": {
        "type": "Point",
        "coordinates": [
          96.712933,
          62.917018
        ]
      },
      "properties": {
        "skladsizo_food_ordering_available": false,
        "skladsizo_payment_available": true,
        "skladsizo_product_delivery_available": false,
        "fsinzak_id": "https://fsinzak-money.ru/catalog/kirovskaya-oblast/oik-5-ik-29-sorda-kp-32-sozimskiy/",
        "region_iso": "RU-KIR",
        "name": "ФКУ ОИК-5 УФСИН России по Кировской области",
        "ovdInfo_ovdInfo_location_id": "recjhke4bDHkn3H3N"
      }
    },
    {
      "type": "Feature",
      "id": "recelcSFc51dLGKz3",
      "geometry": {
        "type": "Point",
        "coordinates": [
          93.371091,
          56.143153
        ]
      },
      "properties": {
        "fsinpress_id": "fsinpress-Красноярский край-ОИК-40",
        "region_iso": "RU-KYA",
        "name": "ФКУ ОИК-40 УФСИН России по Красноярскому краю",
        "ovdInfo_ovdInfo_location_id": "recelcSFc51dLGKz3"
      }
    },
    {
      "type": "Feature",
      "id": "recjV40FVzXyAPJpg",
      "geometry": {
        "type": "Point",
        "coordinates": [
          56.084443,
          57.875378
        ]
      },
      "properties": {
        "skladsizo_food_ordering_available": false,
        "skladsizo_payment_available": true,
        "skladsizo_product_delivery_available": false,
        "zt_is_maintenance": false,
        "fsinzak_id": "https://fsinzak-money.ru/catalog/permskiy-kray/permskaya-vk-s-gamovo/",
        "promservice_id": "promservice-76",
        "region_iso": "RU-PER",
        "name": "ФКУ ВК УФСИН России по Пермскому краю",
        "ovdInfo_ovdInfo_location_id": "recjV40FVzXyAPJpg"
      }
    },
    {
      "type": "Feature",
      "id": "recXRRutcQuOHCn2r",
      "geometry": {
        "type": "Point",
        "coordinates": [
          92.1545,
          58.447431
        ]
      },
      "properties": {
        "fsinzak_id": "https://fsinzak-money.ru/catalog/krasnoyarskiy-kray/tyurma-2-g-eniseysk/",
        "region_iso": "RU-KYA",
        "name": "ФКУ Т-2 УФСИН России по Красноярскому краю",
        "ovdInfo_ovdInfo_location_id": "recXRRutcQuOHCn2r"
      }
    },
    {
      "type": "Feature",
      "id": "recdP712e5oiTxs3t",
      "geometry": {
        "type": "Point",
        "coordinates": [
          84.974415,
          56.531479
        ]
      },
      "properties": {
        "skladsizo_food_ordering_available": false,
        "skladsizo_payment_available": true,
        "skladsizo_product_delivery_available": false,
        "zt_is_maintenance": false,
        "f_pismo_source_f_pismo_allowSending": "true",
        "fsinzak_id": "https://fsinzak-money.ru/catalog/tomskaya-oblast/tomskaya-v-k-2/",
        "fsinpress_id": "fsinpress-Томская область-ВК 2",
        "prisonmail_key": "TomskajaVK2",
        "region_iso": "RU-TOM",
        "name": "ВК-2 УФСИН России по Томской области",
        "ovdInfo_ovdInfo_location_id": "recdP712e5oiTxs3t"
      }
    },
    {
      "type": "Feature",
      "id": "reco9EzRVOpYHwLoL",
      "geometry": {
        "type": "Point",
        "coordinates": [
          40.43436,
          56.141111
        ]
      },
      "properties": {
        "skladsizo_food_ordering_available": false,
        "skladsizo_payment_available": true,
        "skladsizo_product_delivery_available": false,
        "fsinzak_id": "https://fsinzak-money.ru/catalog/vladimirskaya-oblast/t-2-vladimirskiy-central/",
        "rodnayasvyaz_mail_connected": true,
        "rodnayasvyaz_phone_video_connected": true,
        "promservice_id": "promservice-207",
        "region_iso": "RU-VLA",
        "name": "ФКУ Т-2 УФСИН России по Владимирской области",
        "ovdInfo_ovdInfo_location_id": "reco9EzRVOpYHwLoL"
      }
    },
    {
      "type": "Feature",
      "id": "reckVKFqBFLwHfZGC",
      "geometry": {
        "type": "Point",
        "coordinates": [
          38.481111,
          52.627707
        ]
      },
      "properties": {
        "fsinzak_id": "https://fsinzak-money.ru/catalog/lipeckaya-oblast/t-2-eleckaya-krytka/",
        "rodnayasvyaz_mail_connected": true,
        "fsinpress_id": "fsinpress-Липецкая область-Т-2",
        "region_iso": "RU-LIP",
        "name": "ФКУ Т-2 УФСИН России по Липецкой области",
        "ovdInfo_ovdInfo_location_id": "reckVKFqBFLwHfZGC"
      }
    },
    {
      "type": "Feature",
      "id": "recFmXQqLl6fYxjqN",
      "geometry": {
        "type": "Point",
        "coordinates": [
          91.672647,
          53.704887
        ]
      },
      "properties": {
        "skladsizo_food_ordering_available": false,
        "skladsizo_payment_available": true,
        "skladsizo_product_delivery_available": false,
        "fsinzak_id": "https://fsinzak-money.ru/catalog/krasnoyarskiy-kray/tyurma-g-minusinsk/",
        "region_iso": "RU-KYA",
        "name": "ФКУ Т УФСИН России по Красноярскому краю",
        "ovdInfo_ovdInfo_location_id": "recFmXQqLl6fYxjqN"
      }
    },
    {
      "type": "Feature",
      "id": "recLGK9Hv7xFMwmWf",
      "geometry": {
        "type": "Point",
        "coordinates": [
          59.223046,
          53.895501
        ]
      },
      "properties": {
        "skladsizo_food_ordering_available": false,
        "skladsizo_payment_available": true,
        "skladsizo_product_delivery_available": false,
        "fsinzak_id": "https://fsinzak-money.ru/catalog/chelyabinskaya-oblast/tyurma-g-verhneuralsk/",
        "promservice_id": "promservice-161",
        "fsinpress_id": "fsinpress-Челябинская область-Т",
        "region_iso": "RU-CHE",
        "name": "ФКУ Т УФСИН России по Челябинской области",
        "ovdInfo_ovdInfo_location_id": "recLGK9Hv7xFMwmWf"
      }
    },
    {
      "type": "Feature",
      "id": "recqaz3vaTTpscRCZ",
      "geometry": {
        "type": "Point",
        "coordinates": [
          43.136482,
          51.539651
        ]
      },
      "properties": {
        "fsinzak_id": "https://fsinzak-money.ru/catalog/saratovskaya-oblast/tyurma-g-balashov/",
        "promservice_id": "promservice-338",
        "region_iso": "RU-SAR",
        "name": "ФКУ Т УФСИН России по Саратовской области",
        "ovdInfo_ovdInfo_location_id": "recqaz3vaTTpscRCZ"
      }
    },
    {
      "type": "Feature",
      "id": "recJ3bgzrB2gjxojC",
      "geometry": {
        "type": "Point",
        "coordinates": [
          49.621983,
          54.206645
        ]
      },
      "properties": {
        "skladsizo_food_ordering_available": false,
        "skladsizo_payment_available": true,
        "skladsizo_product_delivery_available": false,
        "fsinzak_id": "https://fsinzak-money.ru/catalog/ulyanovskaya-oblast/tyurma-g-dimitrovgrad/",
        "region_iso": "RU-ULY",
        "name": "Т УФСИН России по Ульяновской области",
        "ovdInfo_ovdInfo_location_id": "recJ3bgzrB2gjxojC"
      }
    },
    {
      "type": "Feature",
      "id": "recK2mjhu8xQ3ZvCf",
      "geometry": {
        "type": "Point",
        "coordinates": [
          55.943094,
          54.73494
        ]
      },
      "properties": {
        "skladsizo_food_ordering_available": false,
        "skladsizo_payment_available": true,
        "skladsizo_product_delivery_available": false,
        "fsinzak_id": "https://fsinzak-money.ru/catalog/resp-bashkortostan/fklpu-respnskaya-bolnica-g-ufa/",
        "region_iso": "RU-BA",
        "name": "ФКУ РБ УФСИН России по Республике Башкортостан",
        "ovdInfo_ovdInfo_location_id": "recK2mjhu8xQ3ZvCf"
      }
    },
    {
      "type": "Feature",
      "id": "recGReumq0bQtZ50G",
      "geometry": {
        "type": "Point",
        "coordinates": [
          104.845769,
          52.934271
        ]
      },
      "properties": {
        "skladsizo_food_ordering_available": false,
        "skladsizo_payment_available": true,
        "skladsizo_product_delivery_available": false,
        "zt_is_maintenance": false,
        "fsinzak_id": "https://fsinzak-money.ru/catalog/irkutskaya-oblast/ik-11-p-bozoy/",
        "fsinpress_id": "fsinpress-Иркутская область-ИК-11",
        "region_iso": "RU-IRK",
        "name": "ФКУ ИК-11 УФСИН России по Иркутской области",
        "ovdInfo_ovdInfo_location_id": "recGReumq0bQtZ50G"
      }
    },
    {
      "type": "Feature",
      "id": "recudryQR0xwvrDob",
      "geometry": {
        "type": "Point",
        "coordinates": [
          42.85978,
          54.367127
        ]
      },
      "properties": {
        "skladsizo_food_ordering_available": false,
        "skladsizo_payment_available": true,
        "skladsizo_product_delivery_available": false,
        "fsinzak_id": "https://fsinzak-money.ru/catalog/resp-mordoviya/kp-14-p-parca/",
        "promservice_id": "promservice-178",
        "fsinpress_id": "fsinpress-Республика Мордовия-ИК-14",
        "region_iso": "RU-MO",
        "name": "ФКУ ИК-14 УФСИН России по республике Мордовия",
        "ovdInfo_ovdInfo_location_id": "recudryQR0xwvrDob"
      }
    },
    {
      "type": "Feature",
      "id": "recsw3ZVXx9ZeKi3F",
      "geometry": {
        "type": "Point",
        "coordinates": [
          50.707188,
          61.743292
        ]
      },
      "properties": {
        "skladsizo_food_ordering_available": false,
        "skladsizo_payment_available": true,
        "skladsizo_product_delivery_available": false,
        "zt_is_maintenance": false,
        "fsinzak_id": "https://fsinzak-money.ru/catalog/resp-komi/ik-25-g-syktyvkar/",
        "rodnayasvyaz_phone_video_connected": true,
        "fsinpress_id": "fsinpress-Республика Коми-ИК-25",
        "AO_name": "Коми ФКУ ИК-25",
        "region_iso": "RU-KO",
        "name": "ФКУ ИК-25 УФСИН России по Республике Коми",
        "ovdInfo_ovdInfo_location_id": "recsw3ZVXx9ZeKi3F"
      }
    },
    {
      "type": "Feature",
      "id": "recADN5pBOnB4X4yZ",
      "geometry": {
        "type": "Point",
        "coordinates": [
          52.131068,
          59.794604
        ]
      },
      "properties": {
        "zt_is_maintenance": false,
        "fsinzak_id": "https://fsinzak-money.ru/catalog/kirovskaya-oblast/ik-27-p-lesnoy/",
        "promservice_id": "promservice-310",
        "fsinpress_id": "fsinpress-Кировская область-ИК-27",
        "region_iso": "RU-KIR",
        "name": "ФКУ ИК-27 УФСИН России по Кировской области",
        "ovdInfo_ovdInfo_location_id": "recADN5pBOnB4X4yZ"
      }
    },
    {
      "type": "Feature",
      "id": "rec5TN1ipcpDCgbv4",
      "geometry": {
        "type": "Point",
        "coordinates": [
          40.199602,
          47.749629
        ]
      },
      "properties": {
        "skladsizo_food_ordering_available": false,
        "skladsizo_payment_available": true,
        "skladsizo_product_delivery_available": false,
        "zt_is_maintenance": false,
        "fsinzak_id": "https://fsinzak-money.ru/catalog/rostovskaya-oblast/ik-9-g-shahty/",
        "fsinpress_id": "fsinpress-Ростовская область-ИК-9",
        "region_iso": "RU-ROS",
        "name": "ФКУ ИК-9 УФСИН России по Ростовской области",
        "ovdInfo_ovdInfo_location_id": "rec5TN1ipcpDCgbv4"
      }
    },
    {
      "type": "Feature",
      "id": "reccy9EXzQNnyeUHe",
      "geometry": {
        "type": "Point",
        "coordinates": [
          33.216074,
          55.147884
        ]
      },
      "properties": {
        "skladsizo_food_ordering_available": false,
        "skladsizo_payment_available": true,
        "skladsizo_product_delivery_available": false,
        "zt_is_maintenance": false,
        "fsinzak_id": "https://fsinzak-money.ru/catalog/smolenskaya-oblast/ik-3-g-safonovo/",
        "rodnayasvyaz_mail_connected": true,
        "fsinpress_id": "fsinpress-Смоленская область-ИК-3",
        "region_iso": "RU-SMO",
        "name": "ФКУ ИК-3 УФСИН России по Смоленской области",
        "ovdInfo_ovdInfo_location_id": "reccy9EXzQNnyeUHe"
      }
    },
    {
      "type": "Feature",
      "id": "recjzRQuTPIFMyioq",
      "geometry": {
        "type": "Point",
        "coordinates": [
          48.047494,
          46.311204
        ]
      },
      "properties": {
        "skladsizo_food_ordering_available": false,
        "skladsizo_payment_available": true,
        "skladsizo_product_delivery_available": false,
        "zt_is_maintenance": false,
        "f_pismo_source_f_pismo_allowSending": "true",
        "fsinzak_id": "https://fsinzak-money.ru/catalog/astrahanskaya-oblast/ik-6-g-astrahan/",
        "rodnayasvyaz_mail_connected": true,
        "rodnayasvyaz_phone_video_connected": true,
        "fsinpress_id": "fsinpress-Астраханская область-ИК-6",
        "prisonmail_key": "IK6Astrahan",
        "region_iso": "RU-AST",
        "name": "ФКУ ИК-6 УФСИН России по Астраханской области",
        "ovdInfo_ovdInfo_location_id": "recjzRQuTPIFMyioq"
      }
    },
    {
      "type": "Feature",
      "id": "recGdnvBfx7YE1TAP",
      "geometry": {
        "type": "Point",
        "coordinates": [
          47.965279,
          46.45112
        ]
      },
      "properties": {
        "skladsizo_food_ordering_available": false,
        "skladsizo_payment_available": true,
        "skladsizo_product_delivery_available": false,
        "zt_is_maintenance": false,
        "f_pismo_source_f_pismo_allowSending": "true",
        "fsinzak_id": "https://fsinzak-money.ru/catalog/astrahanskaya-oblast/ik-8-g-astrahan/",
        "rodnayasvyaz_mail_connected": true,
        "rodnayasvyaz_phone_video_connected": true,
        "fsinpress_id": "fsinpress-Астраханская область-ИК-8",
        "prisonmail_key": "IK8Astrahan",
        "region_iso": "RU-AST",
        "name": "ФКУ ИК-8 УФСИН России по Астраханской области",
        "ovdInfo_ovdInfo_location_id": "recGdnvBfx7YE1TAP"
      }
    },
    {
      "type": "Feature",
      "id": "recNeTQucKcOO9251",
      "geometry": {
        "type": "Point",
        "coordinates": [
          96.712933,
          62.917018
        ]
      },
      "properties": {
        "skladsizo_food_ordering_available": false,
        "skladsizo_payment_available": true,
        "skladsizo_product_delivery_available": false,
        "fsinzak_id": "https://fsinzak-money.ru/catalog/astrahanskaya-oblast/ik-10-g-astrahan/",
        "rodnayasvyaz_mail_connected": true,
        "rodnayasvyaz_phone_video_connected": true,
        "fsinpress_id": "fsinpress-Астраханская область-ИК-10",
        "region_iso": "RU-AST",
        "name": "ФКУ ИК-10 УФСИН России по Астраханской области",
        "ovdInfo_ovdInfo_location_id": "recNeTQucKcOO9251"
      }
    },
    {
      "type": "Feature",
      "id": "recYlBHBTDSMMa6Si",
      "geometry": {
        "type": "Point",
        "coordinates": [
          50.103332,
          53.131131
        ]
      },
      "properties": {
        "region_iso": "RU-SAM",
        "name": "ФКУ МСЧ-63 ФСИН России по Самарской области",
        "ovdInfo_ovdInfo_location_id": "recYlBHBTDSMMa6Si"
      }
    },
    {
      "type": "Feature",
      "id": "rech1xhj8i3d1bZrq",
      "geometry": {
        "type": "Point",
        "coordinates": [
          39.528084,
          44.409407
        ]
      },
      "properties": {
        "skladsizo_food_ordering_available": false,
        "skladsizo_payment_available": true,
        "skladsizo_product_delivery_available": false,
        "zt_is_maintenance": false,
        "fsinzak_id": "https://fsinzak-money.ru/catalog/krasnodarskiy-kray/ik-9-g-hadyzhensk/",
        "rodnayasvyaz_mail_connected": true,
        "fsinpress_id": "fsinpress-Краснодарский край-ИК-9",
        "region_iso": "RU-KDA",
        "name": "ФКУ ИК-9 УФСИН России по Краснодарскому Краю",
        "ovdInfo_ovdInfo_location_id": "rech1xhj8i3d1bZrq"
      }
    },
    {
      "type": "Feature",
      "id": "recqepxKZhjooRF8h",
      "geometry": {
        "type": "Point",
        "coordinates": [
          88.233325,
          69.344079
        ]
      },
      "properties": {
        "zt_is_maintenance": false,
        "fsinzak_id": "https://fsinzak-money.ru/catalog/krasnoyarskiy-kray/ik-15-g-norilsk/",
        "fsinpress_id": "fsinpress-Красноярский край-ИК-15",
        "region_iso": "RU-KYA",
        "name": "ФКУ ИК-15 УФСИН России по Красноярскому краю",
        "ovdInfo_ovdInfo_location_id": "recqepxKZhjooRF8h"
      }
    },
    {
      "type": "Feature",
      "id": "recaiEIOf1RlByeIX",
      "geometry": {
        "type": "Point",
        "coordinates": [
          34.183552,
          63.907858
        ]
      },
      "properties": {
        "zt_is_maintenance": false,
        "fsinpress_id": "fsinpress-Республика Карелия-КП-4",
        "AO_name": "ФКУ КП-4",
        "region_iso": "RU-KR",
        "name": "КП-4 УФСИН России по Республике Карелия",
        "ovdInfo_ovdInfo_location_id": "recaiEIOf1RlByeIX"
      }
    },
    {
      "type": "Feature",
      "id": "recw3pouXxHdRPnLK",
      "geometry": {
        "type": "Point",
        "coordinates": [
          47.836999,
          56.550533
        ]
      },
      "properties": {
        "rodnayasvyaz_mail_connected": true,
        "rodnayasvyaz_phone_video_connected": true,
        "fsinpress_id": "fsinpress-Республика Марий Эл-КП-7",
        "region_iso": "RU-ME",
        "name": "ФКУ КП-7 УФСИН России по Республике Марий Эл",
        "ovdInfo_ovdInfo_location_id": "recw3pouXxHdRPnLK"
      }
    },
    {
      "type": "Feature",
      "id": "recNtiwA2CTgyENBr",
      "geometry": {
        "type": "Point",
        "coordinates": [
          39.684935,
          47.255706
        ]
      },
      "properties": {
        "skladsizo_food_ordering_available": false,
        "skladsizo_payment_available": true,
        "skladsizo_product_delivery_available": false,
        "fsinzak_id": "https://fsinzak-money.ru/catalog/rostovskaya-oblast/motb-19-g-rostov-na-donu/",
        "region_iso": "RU-ROS",
        "name": "ФКЛПУ МОТБ-19 ГУФСИН России по Ростовской области",
        "ovdInfo_ovdInfo_location_id": "recNtiwA2CTgyENBr"
      }
    },
    {
      "type": "Feature",
      "id": "recWhwxxyEj9Y7qMb",
      "geometry": {
        "type": "Point",
        "coordinates": [
          61.422544,
          55.25042
        ]
      },
      "properties": {
        "region_iso": "RU-CHE",
        "name": "ФКЛПУ СТБ-3 ГУФСИН России по Челябинской области",
        "ovdInfo_ovdInfo_location_id": "recWhwxxyEj9Y7qMb"
      }
    },
    {
      "type": "Feature",
      "id": "rech3bdgZeeqxW7Jk",
      "geometry": {
        "type": "Point",
        "coordinates": [
          59.064066,
          53.373227
        ]
      },
      "properties": {
        "skladsizo_food_ordering_available": false,
        "skladsizo_payment_available": true,
        "skladsizo_product_delivery_available": false,
        "fsinzak_id": "https://fsinzak-money.ru/catalog/chelyabinskaya-oblast/opb-g-magnitogorsk/",
        "region_iso": "RU-CHE",
        "name": "ФКУ ОПБ УФСИН России по Челябинской области",
        "ovdInfo_ovdInfo_location_id": "rech3bdgZeeqxW7Jk"
      }
    },
    {
      "type": "Feature",
      "id": "recLKnFkmjT0XC44A",
      "geometry": {
        "type": "Point",
        "coordinates": [
          34.952711,
          57.016455
        ]
      },
      "properties": {
        "skladsizo_food_ordering_available": false,
        "skladsizo_payment_available": true,
        "skladsizo_product_delivery_available": false,
        "fsinzak_id": "https://fsinzak-money.ru/catalog/tverskaya-oblast/lpu-ob-g-torzhok/",
        "region_iso": "RU-TVE",
        "name": "ФКЛПУ ОБ УФСИН России по Тверской области",
        "ovdInfo_ovdInfo_location_id": "recLKnFkmjT0XC44A"
      }
    },
    {
      "type": "Feature",
      "id": "recGvsEAS01rMFlCA",
      "geometry": {
        "type": "Point",
        "coordinates": [
          96.712933,
          62.917018
        ]
      },
      "properties": {
        "region_iso": "RU-MOW",
        "name": "ИВС МВД России по Москве",
        "ovdInfo_ovdInfo_location_id": "recGvsEAS01rMFlCA"
      }
    },
    {
      "type": "Feature",
      "id": "rectMMGYJ40UxY5H7",
      "geometry": {
        "type": "Point",
        "coordinates": [
          37.71891,
          55.665455
        ]
      },
      "properties": {
        "region_iso": "RU-MOW",
        "name": "ИВС МВД России по Москве",
        "ovdInfo_ovdInfo_location_id": "rectMMGYJ40UxY5H7"
      }
    },
    {
      "type": "Feature",
      "id": "recMBhYp35l46K6VX",
      "geometry": {
        "type": "Point",
        "coordinates": [
          37.71891,
          55.665455
        ]
      },
      "properties": {
        "region_iso": "RU-MOW",
        "name": "ИВС МВД России по Москве",
        "ovdInfo_ovdInfo_location_id": "recMBhYp35l46K6VX"
      }
    },
    {
      "type": "Feature",
      "id": "recEPf2i7VCA5Rtps",
      "geometry": {
        "type": "Point",
        "coordinates": [
          96.712933,
          62.917018
        ]
      },
      "properties": {
        "name": "ИВС МВД России по г. Ростову-на-Дону.",
        "ovdInfo_ovdInfo_location_id": "recEPf2i7VCA5Rtps"
      }
    }
  ]
}